-- phpMyAdmin SQL Dump
-- version 4.5.4.1deb2ubuntu2
-- http://www.phpmyadmin.net
--
-- Host: localhost
-- Generation Time: Aug 17, 2017 at 03:39 PM
-- Server version: 5.7.19-0ubuntu0.16.04.1
-- PHP Version: 7.0.22-0ubuntu0.16.04.1

SET SQL_MODE = "NO_AUTO_VALUE_ON_ZERO";
SET time_zone = "+00:00";


/*!40101 SET @OLD_CHARACTER_SET_CLIENT=@@CHARACTER_SET_CLIENT */;
/*!40101 SET @OLD_CHARACTER_SET_RESULTS=@@CHARACTER_SET_RESULTS */;
/*!40101 SET @OLD_COLLATION_CONNECTION=@@COLLATION_CONNECTION */;
/*!40101 SET NAMES utf8mb4 */;

--
-- Database: `new`
--

-- --------------------------------------------------------

--
-- Table structure for table `area`
--

CREATE TABLE `area` (
  `id` int(11) NOT NULL,
  `nombre` varchar(100) COLLATE utf8_unicode_ci NOT NULL
) ENGINE=InnoDB DEFAULT CHARSET=utf8 COLLATE=utf8_unicode_ci;

--
-- Dumping data for table `area`
--

INSERT INTO `area` (`id`, `nombre`) VALUES
(1, 'Ciencias Sociales y Jurídicas'),
(2, 'Ciencias Experimentales'),
(3, 'Ciencias de la Salud'),
(4, 'Enseñanzas Técnicas');

-- --------------------------------------------------------

--
-- Table structure for table `area_rama`
--

CREATE TABLE `area_rama` (
  `area_id` int(11) NOT NULL,
  `rama_id` int(11) NOT NULL
) ENGINE=InnoDB DEFAULT CHARSET=utf8 COLLATE=utf8_unicode_ci;

--
-- Dumping data for table `area_rama`
--

INSERT INTO `area_rama` (`area_id`, `rama_id`) VALUES
(1, 1),
(1, 2),
(1, 3),
(1, 4),
(1, 5),
(1, 7),
(1, 8),
(1, 9),
(1, 10),
(1, 11),
(1, 12),
(1, 13),
(1, 14),
(1, 15),
(1, 16),
(1, 17),
(1, 18),
(1, 19),
(1, 20),
(1, 21),
(1, 22),
(2, 23),
(2, 24),
(2, 25),
(2, 26),
(2, 27),
(2, 28),
(2, 29),
(2, 30),
(2, 31),
(2, 32),
(2, 33),
(2, 34),
(2, 35),
(2, 36),
(2, 37),
(2, 38),
(2, 39),
(2, 41),
(2, 42),
(2, 43),
(2, 44),
(2, 45),
(2, 46),
(2, 47),
(2, 48),
(2, 49),
(2, 50),
(2, 51),
(3, 36),
(3, 52),
(3, 53),
(3, 54),
(3, 55),
(3, 56),
(3, 57),
(3, 58),
(3, 59),
(3, 60),
(3, 62),
(3, 63),
(3, 64),
(3, 65),
(3, 66),
(3, 67),
(3, 68),
(3, 69),
(3, 71),
(3, 72),
(3, 73),
(4, 77),
(4, 78),
(4, 79),
(4, 80),
(4, 81),
(4, 82),
(4, 95);

-- --------------------------------------------------------

--
-- Table structure for table `Comentario`
--

CREATE TABLE `Comentario` (
  `id` int(11) NOT NULL,
  `autor` varchar(255) COLLATE utf8_unicode_ci NOT NULL,
  `fecha` datetime NOT NULL,
  `contenido` longtext COLLATE utf8_unicode_ci NOT NULL
) ENGINE=InnoDB DEFAULT CHARSET=utf8 COLLATE=utf8_unicode_ci;

--
-- Dumping data for table `Comentario`
--

INSERT INTO `Comentario` (`id`, `autor`, `fecha`, `contenido`) VALUES
(7, 'pedro@correo.ugr.es', '2017-08-13 00:00:00', 'sfAF');

-- --------------------------------------------------------

--
-- Table structure for table `demanda`
--

CREATE TABLE `demanda` (
  `id` int(11) NOT NULL,
  `nombre` varchar(255) COLLATE utf8_unicode_ci NOT NULL,
  `autor` varchar(255) COLLATE utf8_unicode_ci NOT NULL,
  `descripcion` longtext COLLATE utf8_unicode_ci NOT NULL,
  `condiciones` longtext COLLATE utf8_unicode_ci NOT NULL,
  `fechaInicio` datetime NOT NULL,
  `fechaFin` datetime NOT NULL,
  `contacto` varchar(255) COLLATE utf8_unicode_ci NOT NULL,
  `brochure` varchar(255) COLLATE utf8_unicode_ci NOT NULL,
  `area_id` int(11) DEFAULT NULL,
  `rama_id` int(11) DEFAULT NULL,
  `disciplina_id` int(11) DEFAULT NULL,
  `tipo_id` int(11) DEFAULT NULL
) ENGINE=InnoDB DEFAULT CHARSET=utf8 COLLATE=utf8_unicode_ci;

--
-- Dumping data for table `demanda`
--

INSERT INTO `demanda` (`id`, `nombre`, `autor`, `descripcion`, `condiciones`, `fechaInicio`, `fechaFin`, `contacto`, `brochure`, `area_id`, `rama_id`, `disciplina_id`, `tipo_id`) VALUES
(10, 'demanda 1', 'lorenmanu', 'Lorem ipsum dolor sit amet, consectetur adipiscing elit. Vivamus nulla sapien, semper in sodales ac, rutrum at orci. Maecenas vulputate nec tellus sit amet porttitor. Suspendisse congue porta sagittis. Ut erat diam, consectetur sed tempus id, sodales nec felis. Donec sagittis nunc sapien, non consequat nunc ultrices non. Aliquam accumsan ligula ante, non commodo risus sodales a. Vestibulum facilisis, enim in porta fringilla, tortor sapien congue purus, porta consectetur sem turpis vitae mauris. Donec dapibus justo a elit semper, et scelerisque mauris ullamcorper. Maecenas blandit arcu nec euismod pellentesque. Fusce et imperdiet nisi, at suscipit sem. Aliquam pulvinar risus id cursus elementum. Nulla elementum placerat nibh, in dictum enim mollis non. Morbi vehicula eget est et tristique. Aenean condimentum augue id congue convallis. Phasellus congue non tellus nec pretium. Maecenas eu vulputate lacus, eget feugiat odio.', 'Lorem ipsum dolor sit amet, consectetur adipiscing elit. Vivamus nulla sapien, semper in sodales ac, rutrum at orci. Maecenas vulputate nec tellus sit amet porttitor. Suspendisse congue porta sagittis. Ut erat diam, consectetur sed tempus id, sodales nec felis. Donec sagittis nunc sapien, non consequat nunc ultrices non. Aliquam accumsan ligula ante, non commodo risus sodales a. Vestibulum facilisis, enim in porta fringilla, tortor sapien congue purus, porta consectetur sem turpis vitae mauris. Donec dapibus justo a elit semper, et scelerisque mauris ullamcorper. Maecenas blandit arcu nec euismod pellentesque. Fusce et imperdiet nisi, at suscipit sem. Aliquam pulvinar risus id cursus elementum. Nulla elementum placerat nibh, in dictum enim mollis non. Morbi vehicula eget est et tristique. Aenean condimentum augue id congue convallis. Phasellus congue non tellus nec pretium. Maecenas eu vulputate lacus, eget feugiat odio.', '2017-08-17 15:22:00', '2017-08-29 15:23:00', 'lorenmanu@correo.ugr.es', 'demanda1.jpeg', 1, 10, 24, 1),
(11, 'demanda 2', 'lorenmanu', 'Lorem ipsum dolor sit amet, consectetur adipiscing elit. Vivamus nulla sapien, semper in sodales ac, rutrum at orci. Maecenas vulputate nec tellus sit amet porttitor. Suspendisse congue porta sagittis. Ut erat diam, consectetur sed tempus id, sodales nec felis. Donec sagittis nunc sapien, non consequat nunc ultrices non. Aliquam accumsan ligula ante, non commodo risus sodales a. Vestibulum facilisis, enim in porta fringilla, tortor sapien congue purus, porta consectetur sem turpis vitae mauris. Donec dapibus justo a elit semper, et scelerisque mauris ullamcorper. Maecenas blandit arcu nec euismod pellentesque. Fusce et imperdiet nisi, at suscipit sem. Aliquam pulvinar risus id cursus elementum. Nulla elementum placerat nibh, in dictum enim mollis non. Morbi vehicula eget est et tristique. Aenean condimentum augue id congue convallis. Phasellus congue non tellus nec pretium. Maecenas eu vulputate lacus, eget feugiat odio.', 'Lorem ipsum dolor sit amet, consectetur adipiscing elit. Vivamus nulla sapien, semper in sodales ac, rutrum at orci. Maecenas vulputate nec tellus sit amet porttitor. Suspendisse congue porta sagittis. Ut erat diam, consectetur sed tempus id, sodales nec felis. Donec sagittis nunc sapien, non consequat nunc ultrices non. Aliquam accumsan ligula ante, non commodo risus sodales a. Vestibulum facilisis, enim in porta fringilla, tortor sapien congue purus, porta consectetur sem turpis vitae mauris. Donec dapibus justo a elit semper, et scelerisque mauris ullamcorper. Maecenas blandit arcu nec euismod pellentesque. Fusce et imperdiet nisi, at suscipit sem. Aliquam pulvinar risus id cursus elementum. Nulla elementum placerat nibh, in dictum enim mollis non. Morbi vehicula eget est et tristique. Aenean condimentum augue id congue convallis. Phasellus congue non tellus nec pretium. Maecenas eu vulputate lacus, eget feugiat odio.', '2017-08-17 15:29:00', '2017-08-30 15:29:00', 'lorenmanu@correo.ugr.es', 'demanda2.jpeg', 1, 1, NULL, 1),
(12, 'demanda 3', 'lorenmanu', 'Lorem ipsum dolor sit amet, consectetur adipiscing elit. Vivamus nulla sapien, semper in sodales ac, rutrum at orci. Maecenas vulputate nec tellus sit amet porttitor. Suspendisse congue porta sagittis. Ut erat diam, consectetur sed tempus id, sodales nec felis. Donec sagittis nunc sapien, non consequat nunc ultrices non. Aliquam accumsan ligula ante, non commodo risus sodales a. Vestibulum facilisis, enim in porta fringilla, tortor sapien congue purus, porta consectetur sem turpis vitae mauris. Donec dapibus justo a elit semper, et scelerisque mauris ullamcorper. Maecenas blandit arcu nec euismod pellentesque. Fusce et imperdiet nisi, at suscipit sem. Aliquam pulvinar risus id cursus elementum. Nulla elementum placerat nibh, in dictum enim mollis non. Morbi vehicula eget est et tristique. Aenean condimentum augue id congue convallis. Phasellus congue non tellus nec pretium. Maecenas eu vulputate lacus, eget feugiat odio. Lorem ipsum dolor sit amet, consectetur adipiscing elit. Vivamus nulla sapien, semper in sodales ac, rutrum at orci. Maecenas vulputate nec tellus sit amet porttitor. Suspendisse congue porta sagittis. Ut erat diam, consectetur sed tempus id, sodales nec felis. Donec sagittis nunc sapien, non consequat nunc ultrices non. Aliquam accumsan ligula ante, non commodo risus sodales a. Vestibulum facilisis, enim in porta fringilla, tortor sapien congue purus, porta consectetur sem turpis vitae mauris. Donec dapibus justo a elit semper, et scelerisque mauris ullamcorper. Maecenas blandit arcu nec euismod pellentesque. Fusce et imperdiet nisi, at suscipit sem. Aliquam pulvinar risus id cursus elementum. Nulla elementum placerat nibh, in dictum enim mollis non. Morbi vehicula eget est et tristique. Aenean condimentum augue id congue convallis. Phasellus congue non tellus nec pretium. Maecenas eu vulputate lacus, eget feugiat odio.', 'Lorem ipsum dolor sit amet, consectetur adipiscing elit. Vivamus nulla sapien, semper in sodales ac, rutrum at orci. Maecenas vulputate nec tellus sit amet porttitor. Suspendisse congue porta sagittis. Ut erat diam, consectetur sed tempus id, sodales nec felis. Donec sagittis nunc sapien, non consequat nunc ultrices non. Aliquam accumsan ligula ante, non commodo risus sodales a. Vestibulum facilisis, enim in porta fringilla, tortor sapien congue purus, porta consectetur sem turpis vitae mauris. Donec dapibus justo a elit semper, et scelerisque mauris ullamcorper. Maecenas blandit arcu nec euismod pellentesque. Fusce et imperdiet nisi, at suscipit sem. Aliquam pulvinar risus id cursus elementum. Nulla elementum placerat nibh, in dictum enim mollis non. Morbi vehicula eget est et tristique. Aenean condimentum augue id congue convallis. Phasellus congue non tellus nec pretium. Maecenas eu vulputate lacus, eget feugiat odio. Lorem ipsum dolor sit amet, consectetur adipiscing elit. Vivamus nulla sapien, semper in sodales ac, rutrum at orci. Maecenas vulputate nec tellus sit amet porttitor. Suspendisse congue porta sagittis. Ut erat diam, consectetur sed tempus id, sodales nec felis. Donec sagittis nunc sapien, non consequat nunc ultrices non. Aliquam accumsan ligula ante, non commodo risus sodales a. Vestibulum facilisis, enim in porta fringilla, tortor sapien congue purus, porta consectetur sem turpis vitae mauris. Donec dapibus justo a elit semper, et scelerisque mauris ullamcorper. Maecenas blandit arcu nec euismod pellentesque. Fusce et imperdiet nisi, at suscipit sem. Aliquam pulvinar risus id cursus elementum. Nulla elementum placerat nibh, in dictum enim mollis non. Morbi vehicula eget est et tristique. Aenean condimentum augue id congue convallis. Phasellus congue non tellus nec pretium. Maecenas eu vulputate lacus, eget feugiat odio.', '2017-08-17 15:29:00', '2017-08-29 15:30:00', 'lorenmanu@correo.ugr.es', 'demanda3.jpeg', 1, 1, NULL, 1),
(13, 'google', 'lorenmanu', 'Lorem ipsum dolor sit amet, consectetur adipiscing elit. Vivamus nulla sapien, semper in sodales ac, rutrum at orci. Maecenas vulputate nec tellus sit amet porttitor. Suspendisse congue porta sagittis. Ut erat diam, consectetur sed tempus id, sodales nec felis. Donec sagittis nunc sapien, non consequat nunc ultrices non. Aliquam accumsan ligula ante, non commodo risus sodales a. Vestibulum facilisis, enim in porta fringilla, tortor sapien congue purus, porta consectetur sem turpis vitae mauris. Donec dapibus justo a elit semper, et scelerisque mauris ullamcorper. Maecenas blandit arcu nec euismod pellentesque. Fusce et imperdiet nisi, at suscipit sem. Aliquam pulvinar risus id cursus elementum. Nulla elementum placerat nibh, in dictum enim mollis non. Morbi vehicula eget est et tristique. Aenean condimentum augue id congue convallis. Phasellus congue non tellus nec pretium. Maecenas eu vulputate lacus, eget feugiat odio.', 'Lorem ipsum dolor sit amet, consectetur adipiscing elit. Vivamus nulla sapien, semper in sodales ac, rutrum at orci. Maecenas vulputate nec tellus sit amet porttitor. Suspendisse congue porta sagittis. Ut erat diam, consectetur sed tempus id, sodales nec felis. Donec sagittis nunc sapien, non consequat nunc ultrices non. Aliquam accumsan ligula ante, non commodo risus sodales a. Vestibulum facilisis, enim in porta fringilla, tortor sapien congue purus, porta consectetur sem turpis vitae mauris. Donec dapibus justo a elit semper, et scelerisque mauris ullamcorper. Maecenas blandit arcu nec euismod pellentesque. Fusce et imperdiet nisi, at suscipit sem. Aliquam pulvinar risus id cursus elementum. Nulla elementum placerat nibh, in dictum enim mollis non. Morbi vehicula eget est et tristique. Aenean condimentum augue id congue convallis. Phasellus congue non tellus nec pretium. Maecenas eu vulputate lacus, eget feugiat odio.', '2017-08-17 15:30:00', '2017-08-22 15:31:00', 'lorenmanu@correo.ugr.es', 'google.jpeg', 1, 19, NULL, 1),
(14, 'Demanda 55', 'lorenmanu', 'Lorem ipsum dolor sit amet, consectetur adipiscing elit. Vivamus nulla sapien, semper in sodales ac, rutrum at orci. Maecenas vulputate nec tellus sit amet porttitor. Suspendisse congue porta sagittis. Ut erat diam, consectetur sed tempus id, sodales nec felis. Donec sagittis nunc sapien, non consequat nunc ultrices non. Aliquam accumsan ligula ante, non commodo risus sodales a. Vestibulum facilisis, enim in porta fringilla, tortor sapien congue purus, porta consectetur sem turpis vitae mauris. Donec dapibus justo a elit semper, et scelerisque mauris ullamcorper. Maecenas blandit arcu nec euismod pellentesque. Fusce et imperdiet nisi, at suscipit sem. Aliquam pulvinar risus id cursus elementum. Nulla elementum placerat nibh, in dictum enim mollis non. Morbi vehicula eget est et tristique. Aenean condimentum augue id congue convallis. Phasellus congue non tellus nec pretium. Maecenas eu vulputate lacus, eget feugiat odio.', 'Lorem ipsum dolor sit amet, consectetur adipiscing elit. Vivamus nulla sapien, semper in sodales ac, rutrum at orci. Maecenas vulputate nec tellus sit amet porttitor. Suspendisse congue porta sagittis. Ut erat diam, consectetur sed tempus id, sodales nec felis. Donec sagittis nunc sapien, non consequat nunc ultrices non. Aliquam accumsan ligula ante, non commodo risus sodales a. Vestibulum facilisis, enim in porta fringilla, tortor sapien congue purus, porta consectetur sem turpis vitae mauris. Donec dapibus justo a elit semper, et scelerisque mauris ullamcorper. Maecenas blandit arcu nec euismod pellentesque. Fusce et imperdiet nisi, at suscipit sem. Aliquam pulvinar risus id cursus elementum. Nulla elementum placerat nibh, in dictum enim mollis non. Morbi vehicula eget est et tristique. Aenean condimentum augue id congue convallis. Phasellus congue non tellus nec pretium. Maecenas eu vulputate lacus, eget feugiat odio.', '2017-08-17 15:33:00', '2017-08-30 15:33:00', 'lorenmanu@correo.ugr.es', 'Demanda55.jpeg', 1, 1, NULL, 1);

-- --------------------------------------------------------

--
-- Table structure for table `demanda_comentario`
--

CREATE TABLE `demanda_comentario` (
  `demanda_id` int(11) NOT NULL,
  `comentario_id` int(11) NOT NULL
) ENGINE=InnoDB DEFAULT CHARSET=utf8 COLLATE=utf8_unicode_ci;

-- --------------------------------------------------------

--
-- Table structure for table `disciplina`
--

CREATE TABLE `disciplina` (
  `id` int(11) NOT NULL,
  `nombre` varchar(100) COLLATE utf8_unicode_ci NOT NULL
) ENGINE=InnoDB DEFAULT CHARSET=utf8 COLLATE=utf8_unicode_ci;

--
-- Dumping data for table `disciplina`
--

INSERT INTO `disciplina` (`id`, `nombre`) VALUES
(1, 'Derecho Administrativo'),
(2, 'Derecho Civil'),
(3, 'Derecho Constitucional'),
(4, 'Derecho del Trabajo y Seguridad Social'),
(5, 'Derecho Eclesiástico del Estado'),
(6, 'Derecho Financiero y Tributario'),
(7, 'Derecho Internacional Privado'),
(8, 'Derecho Internacional Público y Relaciones Internacionales'),
(9, 'Derecho Mercantil'),
(10, 'Derecho Penal'),
(11, 'Derecho Procesal'),
(12, 'Derecho Romano'),
(13, 'Didáctica de la Expresión'),
(14, 'DIdáctica de la Expresión Musical'),
(15, 'Didáctica de la Expresión Plástica'),
(16, 'Didáctica de la Lengua y Literatura'),
(17, 'Didáctica de la Matemática'),
(18, 'Didáctica y Ciencias Experimentales'),
(19, 'Didáctica y Ciencias Solciales'),
(20, 'Didáctica y Organización Escolar'),
(21, 'Economía Aplicada'),
(22, 'Economía Financiera y Contabilidad'),
(23, 'Economía Soiología y Política Agraria'),
(24, 'Historia Derecho y las Instituciones'),
(25, 'Historia Pensamiento y de los Movimientos Sociales y Políticos'),
(26, 'Psicología Básica'),
(27, 'Psicología Evolutiva'),
(28, 'Psicología Social'),
(29, 'Física Aplicada'),
(30, 'Física Atómica, Molecular y Nuclear'),
(31, 'Física Material Condensada'),
(34, 'Física De la Tierra'),
(35, 'Geodinámica Externa'),
(36, 'Geodinámica Interna'),
(37, 'Química Analítica'),
(38, 'Química Física'),
(39, 'Inorgánica'),
(40, 'Química Orgánica'),
(41, 'Anatomía Patológica '),
(42, 'Anatomía y Patológica Comparadas'),
(43, 'Anatomía y Embriología Humana'),
(44, 'Medicina Legal y Forense'),
(45, 'Medicina Preventiva y Salud Pública'),
(46, 'Medicina Cirugía Animal'),
(47, 'COnstrucciones Arquitectónicas'),
(48, 'Construcciones Navales'),
(49, 'Filología Alemana'),
(50, 'Filología Catalana'),
(51, 'Filología Eslava'),
(52, 'Filología Francesa'),
(53, 'Filología Griega'),
(54, 'Filología Inglesa'),
(55, 'Filología Italiana'),
(56, 'Filología Latina'),
(57, 'Filología Romántica'),
(58, 'Filología Vasca'),
(59, 'Filología Gallega y Portuguesa'),
(60, 'Historia Antigua'),
(61, 'Historia Contemporánea'),
(62, 'Historia Americana'),
(64, 'Historia de la Ciencia'),
(65, 'Historia del Arte'),
(66, 'Historia Medieval'),
(67, 'Historia Moderna'),
(68, 'Ingienería Aeroespacial'),
(69, 'Ingeniería Agroforestal'),
(70, 'Ingenería de la Construcción'),
(71, 'Ingenería de los procesos de Fabricación'),
(72, 'Ingenería de Sistemas y Automática'),
(73, 'Ingenería de Terreno'),
(74, 'Ingenería e Infraestructuras de los Transportes'),
(75, 'Ingenería Eléctrica'),
(76, 'Ingenería Hidráulica'),
(77, 'Ingenería Mecánica'),
(78, 'Ingenería Nuclear'),
(79, 'Ingenería Química'),
(80, 'Ingenería Telemática'),
(81, 'Ingenería Textil y Papelera'),
(82, 'Producción Animal'),
(83, 'Producción Vegetal');

-- --------------------------------------------------------

--
-- Table structure for table `Oferta`
--

CREATE TABLE `Oferta` (
  `id` int(11) NOT NULL,
  `nombre` varchar(255) COLLATE utf8_unicode_ci NOT NULL,
  `autor` varchar(255) COLLATE utf8_unicode_ci NOT NULL,
  `descripcion` longtext COLLATE utf8_unicode_ci NOT NULL,
  `condiciones` longtext COLLATE utf8_unicode_ci NOT NULL,
  `fechaInicio` datetime NOT NULL,
  `fechaFin` datetime NOT NULL,
  `contacto` varchar(255) COLLATE utf8_unicode_ci NOT NULL,
  `brochure` varchar(255) COLLATE utf8_unicode_ci NOT NULL,
  `area_id` int(11) DEFAULT NULL,
  `rama_id` int(11) DEFAULT NULL,
  `disciplina_id` int(11) DEFAULT NULL,
  `tipo_id` int(11) DEFAULT NULL
) ENGINE=InnoDB DEFAULT CHARSET=utf8 COLLATE=utf8_unicode_ci;

--
-- Dumping data for table `Oferta`
--

INSERT INTO `Oferta` (`id`, `nombre`, `autor`, `descripcion`, `condiciones`, `fechaInicio`, `fechaFin`, `contacto`, `brochure`, `area_id`, `rama_id`, `disciplina_id`, `tipo_id`) VALUES
(11, 'Oferta 1', 'adminuser', 'Lorem ipsum dolor sit amet, consectetur adipiscing elit. Vivamus nulla sapien, semper in sodales ac, rutrum at orci. Maecenas vulputate nec tellus sit amet porttitor. Suspendisse congue porta sagittis. Ut erat diam, consectetur sed tempus id, sodales nec felis. Donec sagittis nunc sapien, non consequat nunc ultrices non. Aliquam accumsan ligula ante, non commodo risus sodales a. Vestibulum facilisis, enim in porta fringilla, tortor sapien congue purus, porta consectetur sem turpis vitae mauris. Donec dapibus justo a elit semper, et scelerisque mauris ullamcorper. Maecenas blandit arcu nec euismod pellentesque. Fusce et imperdiet nisi, at suscipit sem. Aliquam pulvinar risus id cursus elementum. Nulla elementum placerat nibh, in dictum enim mollis non. Morbi vehicula eget est et tristique. Aenean condimentum augue id congue convallis. Phasellus congue non tellus nec pretium. Maecenas eu vulputate lacus, eget feugiat odio.', 'Lorem ipsum dolor sit amet, consectetur adipiscing elit. Vivamus nulla sapien, semper in sodales ac, rutrum at orci. Maecenas vulputate nec tellus sit amet porttitor. Suspendisse congue porta sagittis. Ut erat diam, consectetur sed tempus id, sodales nec felis. Donec sagittis nunc sapien, non consequat nunc ultrices non. Aliquam accumsan ligula ante, non commodo risus sodales a. Vestibulum facilisis, enim in porta fringilla, tortor sapien congue purus, porta consectetur sem turpis vitae mauris. Donec dapibus justo a elit semper, et scelerisque mauris ullamcorper. Maecenas blandit arcu nec euismod pellentesque. Fusce et imperdiet nisi, at suscipit sem. Aliquam pulvinar risus id cursus elementum. Nulla elementum placerat nibh, in dictum enim mollis non. Morbi vehicula eget est et tristique. Aenean condimentum augue id congue convallis. Phasellus congue non tellus nec pretium. Maecenas eu vulputate lacus, eget feugiat odio.', '2017-08-17 14:49:00', '2017-08-31 14:50:00', 'lorenmanu@correo.ugr.es', 'Oferta1.jpeg', 1, 7, 1, 1),
(12, 'oferta 2222', 'adminuser', 'Lorem ipsum dolor sit amet, consectetur adipiscing elit. Vivamus nulla sapien, semper in sodales ac, rutrum at orci. Maecenas vulputate nec tellus sit amet porttitor. Suspendisse congue porta sagittis. Ut erat diam, consectetur sed tempus id, sodales nec felis. Donec sagittis nunc sapien, non consequat nunc ultrices non. Aliquam accumsan ligula ante, non commodo risus sodales a. Vestibulum facilisis, enim in porta fringilla, tortor sapien congue purus, porta consectetur sem turpis vitae mauris. Donec dapibus justo a elit semper, et scelerisque mauris ullamcorper. Maecenas blandit arcu nec euismod pellentesque. Fusce et imperdiet nisi, at suscipit sem. Aliquam pulvinar risus id cursus elementum. Nulla elementum placerat nibh, in dictum enim mollis non. Morbi vehicula eget est et tristique. Aenean condimentum augue id congue convallis. Phasellus congue non tellus nec pretium. Maecenas eu vulputate lacus, eget feugiat odio.', 'Lorem ipsum dolor sit amet, consectetur adipiscing elit. Vivamus nulla sapien, semper in sodales ac, rutrum at orci. Maecenas vulputate nec tellus sit amet porttitor. Suspendisse congue porta sagittis. Ut erat diam, consectetur sed tempus id, sodales nec felis. Donec sagittis nunc sapien, non consequat nunc ultrices non. Aliquam accumsan ligula ante, non commodo risus sodales a. Vestibulum facilisis, enim in porta fringilla, tortor sapien congue purus, porta consectetur sem turpis vitae mauris. Donec dapibus justo a elit semper, et scelerisque mauris ullamcorper. Maecenas blandit arcu nec euismod pellentesque. Fusce et imperdiet nisi, at suscipit sem. Aliquam pulvinar risus id cursus elementum. Nulla elementum placerat nibh, in dictum enim mollis non. Morbi vehicula eget est et tristique. Aenean condimentum augue id congue convallis. Phasellus congue non tellus nec pretium. Maecenas eu vulputate lacus, eget feugiat odio.', '2017-08-17 14:50:00', '2017-08-23 14:51:00', 'lorenmanu@correo.ugr.es', 'oferta2222.jpeg', 2, 23, NULL, 1),
(13, 'oferta 44', 'adminuser', 'Lorem ipsum dolor sit amet, consectetur adipiscing elit. Vivamus nulla sapien, semper in sodales ac, rutrum at orci. Maecenas vulputate nec tellus sit amet porttitor. Suspendisse congue porta sagittis. Ut erat diam, consectetur sed tempus id, sodales nec felis. Donec sagittis nunc sapien, non consequat nunc ultrices non. Aliquam accumsan ligula ante, non commodo risus sodales a. Vestibulum facilisis, enim in porta fringilla, tortor sapien congue purus, porta consectetur sem turpis vitae mauris. Donec dapibus justo a elit semper, et scelerisque mauris ullamcorper. Maecenas blandit arcu nec euismod pellentesque. Fusce et imperdiet nisi, at suscipit sem. Aliquam pulvinar risus id cursus elementum. Nulla elementum placerat nibh, in dictum enim mollis non. Morbi vehicula eget est et tristique. Aenean condimentum augue id congue convallis. Phasellus congue non tellus nec pretium. Maecenas eu vulputate lacus, eget feugiat odio.', 'Lorem ipsum dolor sit amet, consectetur adipiscing elit. Vivamus nulla sapien, semper in sodales ac, rutrum at orci. Maecenas vulputate nec tellus sit amet porttitor. Suspendisse congue porta sagittis. Ut erat diam, consectetur sed tempus id, sodales nec felis. Donec sagittis nunc sapien, non consequat nunc ultrices non. Aliquam accumsan ligula ante, non commodo risus sodales a. Vestibulum facilisis, enim in porta fringilla, tortor sapien congue purus, porta consectetur sem turpis vitae mauris. Donec dapibus justo a elit semper, et scelerisque mauris ullamcorper. Maecenas blandit arcu nec euismod pellentesque. Fusce et imperdiet nisi, at suscipit sem. Aliquam pulvinar risus id cursus elementum. Nulla elementum placerat nibh, in dictum enim mollis non. Morbi vehicula eget est et tristique. Aenean condimentum augue id congue convallis. Phasellus congue non tellus nec pretium. Maecenas eu vulputate lacus, eget feugiat odio.', '2017-08-17 14:50:00', '2017-08-31 14:51:00', 'lorenmanu@correo.ugr.es', 'oferta44.jpeg', 1, 16, NULL, 1),
(14, 'Oferta 333', 'lorenmanu', 'Lorem ipsum dolor sit amet, consectetur adipiscing elit. Vivamus nulla sapien, semper in sodales ac, rutrum at orci. Maecenas vulputate nec tellus sit amet porttitor. Suspendisse congue porta sagittis. Ut erat diam, consectetur sed tempus id, sodales nec felis. Donec sagittis nunc sapien, non consequat nunc ultrices non. Aliquam accumsan ligula ante, non commodo risus sodales a. Vestibulum facilisis, enim in porta fringilla, tortor sapien congue purus, porta consectetur sem turpis vitae mauris. Donec dapibus justo a elit semper, et scelerisque mauris ullamcorper. Maecenas blandit arcu nec euismod pellentesque. Fusce et imperdiet nisi, at suscipit sem. Aliquam pulvinar risus id cursus elementum. Nulla elementum placerat nibh, in dictum enim mollis non. Morbi vehicula eget est et tristique. Aenean condimentum augue id congue convallis. Phasellus congue non tellus nec pretium. Maecenas eu vulputate lacus, eget feugiat odio.', 'Lorem ipsum dolor sit amet, consectetur adipiscing elit. Vivamus nulla sapien, semper in sodales ac, rutrum at orci. Maecenas vulputate nec tellus sit amet porttitor. Suspendisse congue porta sagittis. Ut erat diam, consectetur sed tempus id, sodales nec felis. Donec sagittis nunc sapien, non consequat nunc ultrices non. Aliquam accumsan ligula ante, non commodo risus sodales a. Vestibulum facilisis, enim in porta fringilla, tortor sapien congue purus, porta consectetur sem turpis vitae mauris. Donec dapibus justo a elit semper, et scelerisque mauris ullamcorper. Maecenas blandit arcu nec euismod pellentesque. Fusce et imperdiet nisi, at suscipit sem. Aliquam pulvinar risus id cursus elementum. Nulla elementum placerat nibh, in dictum enim mollis non. Morbi vehicula eget est et tristique. Aenean condimentum augue id congue convallis. Phasellus congue non tellus nec pretium. Maecenas eu vulputate lacus, eget feugiat odio.', '2017-08-17 14:53:00', '2017-08-30 14:54:00', 'lorenmanu@correo.ugr.es', 'Oferta333.jpeg', 1, 7, 1, 1),
(15, 'oferta 55', 'lorenmanu', 'Lorem ipsum dolor sit amet, consectetur adipiscing elit. Vivamus nulla sapien, semper in sodales ac, rutrum at orci. Maecenas vulputate nec tellus sit amet porttitor. Suspendisse congue porta sagittis. Ut erat diam, consectetur sed tempus id, sodales nec felis. Donec sagittis nunc sapien, non consequat nunc ultrices non. Aliquam accumsan ligula ante, non commodo risus sodales a. Vestibulum facilisis, enim in porta fringilla, tortor sapien congue purus, porta consectetur sem turpis vitae mauris. Donec dapibus justo a elit semper, et scelerisque mauris ullamcorper. Maecenas blandit arcu nec euismod pellentesque. Fusce et imperdiet nisi, at suscipit sem. Aliquam pulvinar risus id cursus elementum. Nulla elementum placerat nibh, in dictum enim mollis non. Morbi vehicula eget est et tristique. Aenean condimentum augue id congue convallis. Phasellus congue non tellus nec pretium. Maecenas eu vulputate lacus, eget feugiat odio.', 'Lorem ipsum dolor sit amet, consectetur adipiscing elit. Vivamus nulla sapien, semper in sodales ac, rutrum at orci. Maecenas vulputate nec tellus sit amet porttitor. Suspendisse congue porta sagittis. Ut erat diam, consectetur sed tempus id, sodales nec felis. Donec sagittis nunc sapien, non consequat nunc ultrices non. Aliquam accumsan ligula ante, non commodo risus sodales a. Vestibulum facilisis, enim in porta fringilla, tortor sapien congue purus, porta consectetur sem turpis vitae mauris. Donec dapibus justo a elit semper, et scelerisque mauris ullamcorper. Maecenas blandit arcu nec euismod pellentesque. Fusce et imperdiet nisi, at suscipit sem. Aliquam pulvinar risus id cursus elementum. Nulla elementum placerat nibh, in dictum enim mollis non. Morbi vehicula eget est et tristique. Aenean condimentum augue id congue convallis. Phasellus congue non tellus nec pretium. Maecenas eu vulputate lacus, eget feugiat odio.', '2017-08-17 14:54:00', '2017-08-24 14:54:00', 'lorenmanu@correo.ugr.es', 'oferta55.jpeg', 1, 7, 1, 1),
(16, 'oferta 444', 'lorenmanu', 'oferta 444', 'oferta 444', '2017-08-17 14:55:00', '2017-08-23 14:56:00', 'lorenmanu@correo.ugr.es', 'oferta444.jpeg', 1, 7, 1, 1),
(17, 'OFERTA 1010', 'lorenmanu', 'Lorem ipsum dolor sit amet, consectetur adipiscing elit. Vivamus nulla sapien, semper in sodales ac, rutrum at orci. Maecenas vulputate nec tellus sit amet porttitor. Suspendisse congue porta sagittis. Ut erat diam, consectetur sed tempus id, sodales nec felis. Donec sagittis nunc sapien, non consequat nunc ultrices non. Aliquam accumsan ligula ante, non commodo risus sodales a. Vestibulum facilisis, enim in porta fringilla, tortor sapien congue purus, porta consectetur sem turpis vitae mauris. Donec dapibus justo a elit semper, et scelerisque mauris ullamcorper. Maecenas blandit arcu nec euismod pellentesque. Fusce et imperdiet nisi, at suscipit sem. Aliquam pulvinar risus id cursus elementum. Nulla elementum placerat nibh, in dictum enim mollis non. Morbi vehicula eget est et tristique. Aenean condimentum augue id congue convallis. Phasellus congue non tellus nec pretium. Maecenas eu vulputate lacus, eget feugiat odio.', 'Lorem ipsum dolor sit amet, consectetur adipiscing elit. Vivamus nulla sapien, semper in sodales ac, rutrum at orci. Maecenas vulputate nec tellus sit amet porttitor. Suspendisse congue porta sagittis. Ut erat diam, consectetur sed tempus id, sodales nec felis. Donec sagittis nunc sapien, non consequat nunc ultrices non. Aliquam accumsan ligula ante, non commodo risus sodales a. Vestibulum facilisis, enim in porta fringilla, tortor sapien congue purus, porta consectetur sem turpis vitae mauris. Donec dapibus justo a elit semper, et scelerisque mauris ullamcorper. Maecenas blandit arcu nec euismod pellentesque. Fusce et imperdiet nisi, at suscipit sem. Aliquam pulvinar risus id cursus elementum. Nulla elementum placerat nibh, in dictum enim mollis non. Morbi vehicula eget est et tristique. Aenean condimentum augue id congue convallis. Phasellus congue non tellus nec pretium. Maecenas eu vulputate lacus, eget feugiat odio.', '2017-08-17 15:20:00', '2017-08-30 14:56:00', 'lorenmanu@correo.ugr.es', 'OFERTA1010.jpeg', 2, 8, 10, 1),
(18, 'oferta 7777', 'lorenmanu', 'Lorem ipsum dolor sit amet, consectetur adipiscing elit. Vivamus nulla sapien, semper in sodales ac, rutrum at orci. Maecenas vulputate nec tellus sit amet porttitor. Suspendisse congue porta sagittis. Ut erat diam, consectetur sed tempus id, sodales nec felis. Donec sagittis nunc sapien, non consequat nunc ultrices non. Aliquam accumsan ligula ante, non commodo risus sodales a. Vestibulum facilisis, enim in porta fringilla, tortor sapien congue purus, porta consectetur sem turpis vitae mauris. Donec dapibus justo a elit semper, et scelerisque mauris ullamcorper. Maecenas blandit arcu nec euismod pellentesque. Fusce et imperdiet nisi, at suscipit sem. Aliquam pulvinar risus id cursus elementum. Nulla elementum placerat nibh, in dictum enim mollis non. Morbi vehicula eget est et tristique. Aenean condimentum augue id congue convallis. Phasellus congue non tellus nec pretium. Maecenas eu vulputate lacus, eget feugiat odio.', 'Lorem ipsum dolor sit amet, consectetur adipiscing elit. Vivamus nulla sapien, semper in sodales ac, rutrum at orci. Maecenas vulputate nec tellus sit amet porttitor. Suspendisse congue porta sagittis. Ut erat diam, consectetur sed tempus id, sodales nec felis. Donec sagittis nunc sapien, non consequat nunc ultrices non. Aliquam accumsan ligula ante, non commodo risus sodales a. Vestibulum facilisis, enim in porta fringilla, tortor sapien congue purus, porta consectetur sem turpis vitae mauris. Donec dapibus justo a elit semper, et scelerisque mauris ullamcorper. Maecenas blandit arcu nec euismod pellentesque. Fusce et imperdiet nisi, at suscipit sem. Aliquam pulvinar risus id cursus elementum. Nulla elementum placerat nibh, in dictum enim mollis non. Morbi vehicula eget est et tristique. Aenean condimentum augue id congue convallis. Phasellus congue non tellus nec pretium. Maecenas eu vulputate lacus, eget feugiat odio.', '2017-08-17 14:57:00', '2017-08-29 14:57:00', 'lorenmanu@correo.ugr.es', 'oferta7777.jpeg', 1, 8, 13, 1),
(20, 'oferta 552', 'lorenmanu', 'oferta 55', 'oferta 55', '2017-08-17 15:05:00', '2017-08-26 15:02:00', 'lorenmanu@correo.com', 'oferta552.jpeg', 4, NULL, NULL, 1),
(21, 'oferta 554333', 'lorenmanu', 'Lorem ipsum dolor sit amet, consectetur adipiscing elit. Vivamus nulla sapien, semper in sodales ac, rutrum at orci. Maecenas vulputate nec tellus sit amet porttitor. Suspendisse congue porta sagittis. Ut erat diam, consectetur sed tempus id, sodales nec felis. Donec sagittis nunc sapien, non consequat nunc ultrices non. Aliquam accumsan ligula ante, non commodo risus sodales a. Vestibulum facilisis, enim in porta fringilla, tortor sapien congue purus, porta consectetur sem turpis vitae mauris. Donec dapibus justo a elit semper, et scelerisque mauris ullamcorper. Maecenas blandit arcu nec euismod pellentesque. Fusce et imperdiet nisi, at suscipit sem. Aliquam pulvinar risus id cursus elementum. Nulla elementum placerat nibh, in dictum enim mollis non. Morbi vehicula eget est et tristique. Aenean condimentum augue id congue convallis. Phasellus congue non tellus nec pretium. Maecenas eu vulputate lacus, eget feugiat odio.', 'Lorem ipsum dolor sit amet, consectetur adipiscing elit. Vivamus nulla sapien, semper in sodales ac, rutrum at orci. Maecenas vulputate nec tellus sit amet porttitor. Suspendisse congue porta sagittis. Ut erat diam, consectetur sed tempus id, sodales nec felis. Donec sagittis nunc sapien, non consequat nunc ultrices non. Aliquam accumsan ligula ante, non commodo risus sodales a. Vestibulum facilisis, enim in porta fringilla, tortor sapien congue purus, porta consectetur sem turpis vitae mauris. Donec dapibus justo a elit semper, et scelerisque mauris ullamcorper. Maecenas blandit arcu nec euismod pellentesque. Fusce et imperdiet nisi, at suscipit sem. Aliquam pulvinar risus id cursus elementum. Nulla elementum placerat nibh, in dictum enim mollis non. Morbi vehicula eget est et tristique. Aenean condimentum augue id congue convallis. Phasellus congue non tellus nec pretium. Maecenas eu vulputate lacus, eget feugiat odio.', '2017-08-17 15:11:00', '2017-08-30 15:07:00', 'lorenmanu@correo.com', 'oferta554333.jpeg', 2, 23, NULL, 1);

-- --------------------------------------------------------

--
-- Table structure for table `oferta_comentario`
--

CREATE TABLE `oferta_comentario` (
  `oferta_id` int(11) NOT NULL,
  `comentario_id` int(11) NOT NULL
) ENGINE=InnoDB DEFAULT CHARSET=utf8 COLLATE=utf8_unicode_ci;

-- --------------------------------------------------------

--
-- Table structure for table `PalabrasClaveOferta`
--

CREATE TABLE `PalabrasClaveOferta` (
  `id` int(11) NOT NULL,
  `usuario_id` int(11) DEFAULT NULL,
  `palabrasClave` longtext COLLATE utf8_unicode_ci NOT NULL
) ENGINE=InnoDB DEFAULT CHARSET=utf8 COLLATE=utf8_unicode_ci;

-- --------------------------------------------------------

--
-- Table structure for table `palabras_clave_demanda`
--

CREATE TABLE `palabras_clave_demanda` (
  `id` int(11) NOT NULL,
  `usuario_id` int(11) DEFAULT NULL,
  `palabrasClave` longtext COLLATE utf8_unicode_ci NOT NULL
) ENGINE=InnoDB DEFAULT CHARSET=utf8 COLLATE=utf8_unicode_ci;

-- --------------------------------------------------------

--
-- Table structure for table `prueba`
--

CREATE TABLE `prueba` (
  `id` int(11) NOT NULL
) ENGINE=InnoDB DEFAULT CHARSET=utf8 COLLATE=utf8_unicode_ci;

-- --------------------------------------------------------

--
-- Table structure for table `rama`
--

CREATE TABLE `rama` (
  `id` int(11) NOT NULL,
  `nombre` varchar(100) COLLATE utf8_unicode_ci NOT NULL
) ENGINE=InnoDB DEFAULT CHARSET=utf8 COLLATE=utf8_unicode_ci;

--
-- Dumping data for table `rama`
--

INSERT INTO `rama` (`id`, `nombre`) VALUES
(1, 'Antropología Social'),
(2, 'Biblioteconomía y Documentación'),
(3, 'Ciencia Política y de la Administración'),
(4, 'Comercialización e Investigación de los Mercados'),
(5, 'Comunicación Audiovisual y Publicidad'),
(7, 'Derecho'),
(8, 'Didáctica'),
(9, 'Economía'),
(10, 'Historia'),
(11, 'Educación Física y Deportiva'),
(12, 'Filosofía del Derecho'),
(13, 'Fundamentos del Análisis Económico'),
(14, 'Metodología de las Ciencias y del Comportmiento'),
(15, 'Métodos de Investigación y Diagnóstico en Educación'),
(16, 'Organización de Empresas'),
(17, 'Periodismo'),
(18, 'Personalidad, Evaluación, y Tratamiento Psicológico'),
(19, 'Psicobiología'),
(20, 'Sociología'),
(21, 'Teoría e Historia de la Educación'),
(22, 'Trabajo Social y Servicios Sociales'),
(23, 'Algebra'),
(24, 'Análisis Matemático'),
(25, 'Astronomía y Astrofísica'),
(26, 'Biología Celular'),
(27, 'Bioquímica y Biología Molecular'),
(28, 'Botánica'),
(29, 'Cristalografía y Mineralogía'),
(30, 'Ecología'),
(31, 'Edafología y Química Agrícola'),
(32, 'Eectromagnetismo'),
(33, 'Estadística e Investigación OPerativ'),
(34, 'Estadística e Investigación Operativa'),
(35, 'Estratigrafía'),
(36, 'Farmacología'),
(37, 'Física'),
(38, 'Fisiología Vegetal'),
(39, 'Genética'),
(40, 'Geodinámica'),
(41, 'Geografía Física'),
(42, 'Geometría y Topología'),
(43, 'Matemática Aplicada'),
(44, 'Microbiología'),
(45, 'Óptica'),
(46, 'Paleontología'),
(47, 'Parasitología'),
(48, 'Petrología y Geoquímica'),
(49, 'Química'),
(50, 'Tecnologías del Medio Ambiente'),
(51, 'Zoología'),
(52, 'Anatomía'),
(53, 'Antropología Física'),
(54, 'Cirugía'),
(55, 'Dermatología'),
(56, 'Enfermería'),
(57, 'Estomatología'),
(58, 'Farmacia y Tecnología Farmacéutica'),
(59, 'Farmacología'),
(60, 'Fisiología'),
(61, 'Fisioterapia'),
(62, 'Histología'),
(63, 'Inmulogía'),
(64, 'Medicina'),
(65, 'Nutrición y Bromatología'),
(66, 'Obstetricia y Ginecología'),
(67, 'Oftalmología'),
(68, 'Otorrinolaringología'),
(69, 'Pediatría'),
(70, 'Psiquiatría'),
(71, 'Radiología y Medicina Física'),
(72, 'Sanidad Animal'),
(73, 'Toxicología'),
(77, 'Arquitectura y Tecnología de Computadores'),
(78, 'Ciencias de los Materiales e Ingienería Metalúrgica'),
(79, 'Ciencias de la Computación e Inteligencia Artificial'),
(80, 'CIencias y Técnicas de la Navegación'),
(81, 'Composición Aquitectónica'),
(82, 'Electrónica'),
(83, 'Lenguages y Sistemas Informáticos'),
(84, 'Máquinas y Motores Térmicos'),
(85, 'Mecánica de Fluidos'),
(86, 'Mecánica de Medios Continuos y Teoría de Estructuras'),
(87, 'Producción'),
(88, 'Prospeccion e Investigación Minera'),
(89, 'Proyectos Arquitectónicos'),
(90, 'Proyectos e Ingienería'),
(91, 'Tecnología de Alimentos'),
(92, 'Tecnología Electrónica'),
(93, 'Teoría de la Señal y Comunicaciones'),
(94, 'Urbanística y Ordenación del Territorio'),
(95, 'Ingeniería');

-- --------------------------------------------------------

--
-- Table structure for table `rama_disciplina`
--

CREATE TABLE `rama_disciplina` (
  `rama_id` int(11) NOT NULL,
  `disciplina_id` int(11) NOT NULL
) ENGINE=InnoDB DEFAULT CHARSET=utf8 COLLATE=utf8_unicode_ci;

--
-- Dumping data for table `rama_disciplina`
--

INSERT INTO `rama_disciplina` (`rama_id`, `disciplina_id`) VALUES
(7, 1),
(7, 2),
(7, 3),
(7, 4),
(7, 5),
(7, 6),
(7, 7),
(7, 8),
(7, 9),
(7, 10),
(7, 11),
(7, 12),
(8, 13),
(8, 14),
(8, 15),
(8, 16),
(8, 17),
(8, 18),
(8, 19),
(8, 20),
(9, 21),
(9, 22),
(9, 23),
(10, 24),
(10, 25),
(37, 29),
(37, 30),
(37, 31),
(37, 34),
(40, 35),
(40, 36),
(49, 37),
(49, 38),
(49, 40),
(52, 41),
(52, 42),
(52, 43),
(87, 82),
(87, 83),
(95, 68),
(95, 69),
(95, 70),
(95, 71),
(95, 72),
(95, 73),
(95, 74),
(95, 75),
(95, 76),
(95, 77),
(95, 78),
(95, 79),
(95, 80),
(95, 81);

-- --------------------------------------------------------

--
-- Table structure for table `RegistroOfertasDemandas`
--

CREATE TABLE `RegistroOfertasDemandas` (
  `id` int(11) NOT NULL,
  `ofertasResueltas` int(11) NOT NULL,
  `demandasResueltas` int(11) NOT NULL,
  `ofertasNoResueltas` int(11) NOT NULL,
  `demandasNoResueltas` int(11) NOT NULL
) ENGINE=InnoDB DEFAULT CHARSET=utf8 COLLATE=utf8_unicode_ci;

--
-- Dumping data for table `RegistroOfertasDemandas`
--

INSERT INTO `RegistroOfertasDemandas` (`id`, `ofertasResueltas`, `demandasResueltas`, `ofertasNoResueltas`, `demandasNoResueltas`) VALUES
(1, 10, 8, 4, 10);

-- --------------------------------------------------------

--
-- Table structure for table `registrovisitasdemanda_visitasanio`
--

CREATE TABLE `registrovisitasdemanda_visitasanio` (
  `registrovisitasdemanda_id` int(11) NOT NULL,
  `visitasanio_id` int(11) NOT NULL
) ENGINE=InnoDB DEFAULT CHARSET=utf8 COLLATE=utf8_unicode_ci;

--
-- Dumping data for table `registrovisitasdemanda_visitasanio`
--

INSERT INTO `registrovisitasdemanda_visitasanio` (`registrovisitasdemanda_id`, `visitasanio_id`) VALUES
(5, 57),
(5, 58),
(5, 59);

-- --------------------------------------------------------

--
-- Table structure for table `registrovisitasdemanda_visitasdia`
--

CREATE TABLE `registrovisitasdemanda_visitasdia` (
  `registrovisitasdemanda_id` int(11) NOT NULL,
  `visitasdia_id` int(11) NOT NULL
) ENGINE=InnoDB DEFAULT CHARSET=utf8 COLLATE=utf8_unicode_ci;

--
-- Dumping data for table `registrovisitasdemanda_visitasdia`
--

INSERT INTO `registrovisitasdemanda_visitasdia` (`registrovisitasdemanda_id`, `visitasdia_id`) VALUES
(5, 11105),
(5, 11106),
(5, 11107),
(5, 11108),
(5, 11109),
(5, 11110),
(5, 11111),
(5, 11112),
(5, 11113),
(5, 11114),
(5, 11115),
(5, 11116),
(5, 11117),
(5, 11118),
(5, 11119),
(5, 11120),
(5, 11121),
(5, 11122),
(5, 11123),
(5, 11124),
(5, 11125),
(5, 11126),
(5, 11127),
(5, 11128),
(5, 11129),
(5, 11130),
(5, 11131),
(5, 11132),
(5, 11133),
(5, 11134),
(5, 11135),
(5, 11136),
(5, 11137),
(5, 11138),
(5, 11139),
(5, 11140),
(5, 11141),
(5, 11142),
(5, 11143),
(5, 11144),
(5, 11145),
(5, 11146),
(5, 11147),
(5, 11148),
(5, 11149),
(5, 11150),
(5, 11151),
(5, 11152),
(5, 11153),
(5, 11154),
(5, 11155),
(5, 11156),
(5, 11157),
(5, 11158),
(5, 11159),
(5, 11160),
(5, 11161),
(5, 11162),
(5, 11163),
(5, 11164),
(5, 11165),
(5, 11166),
(5, 11167),
(5, 11168),
(5, 11169),
(5, 11170),
(5, 11171),
(5, 11172),
(5, 11173),
(5, 11174),
(5, 11175),
(5, 11176),
(5, 11177),
(5, 11178),
(5, 11179),
(5, 11180),
(5, 11181),
(5, 11182),
(5, 11183),
(5, 11184),
(5, 11185),
(5, 11186),
(5, 11187),
(5, 11188),
(5, 11189),
(5, 11190),
(5, 11191),
(5, 11192),
(5, 11193),
(5, 11194),
(5, 11195),
(5, 11196),
(5, 11197),
(5, 11198),
(5, 11199),
(5, 11200),
(5, 11201),
(5, 11202),
(5, 11203),
(5, 11204),
(5, 11205),
(5, 11206),
(5, 11207),
(5, 11208),
(5, 11209),
(5, 11210),
(5, 11211),
(5, 11212),
(5, 11213),
(5, 11214),
(5, 11215),
(5, 11216),
(5, 11217),
(5, 11218),
(5, 11219),
(5, 11220),
(5, 11221),
(5, 11222),
(5, 11223),
(5, 11224),
(5, 11225),
(5, 11226),
(5, 11227),
(5, 11228),
(5, 11229),
(5, 11230),
(5, 11231),
(5, 11232),
(5, 11233),
(5, 11234),
(5, 11235),
(5, 11236),
(5, 11237),
(5, 11238),
(5, 11239),
(5, 11240),
(5, 11241),
(5, 11242),
(5, 11243),
(5, 11244),
(5, 11245),
(5, 11246),
(5, 11247),
(5, 11248),
(5, 11249),
(5, 11250),
(5, 11251),
(5, 11252),
(5, 11253),
(5, 11254),
(5, 11255),
(5, 11256),
(5, 11257),
(5, 11258),
(5, 11259),
(5, 11260),
(5, 11261),
(5, 11262),
(5, 11263),
(5, 11264),
(5, 11265),
(5, 11266),
(5, 11267),
(5, 11268),
(5, 11269),
(5, 11270),
(5, 11271),
(5, 11272),
(5, 11273),
(5, 11274),
(5, 11275),
(5, 11276),
(5, 11277),
(5, 11278),
(5, 11279),
(5, 11280),
(5, 11281),
(5, 11282),
(5, 11283),
(5, 11284),
(5, 11285),
(5, 11286),
(5, 11287),
(5, 11288),
(5, 11289),
(5, 11290),
(5, 11291),
(5, 11292),
(5, 11293),
(5, 11294),
(5, 11295),
(5, 11296),
(5, 11297),
(5, 11298),
(5, 11299),
(5, 11300),
(5, 11301),
(5, 11302),
(5, 11303),
(5, 11304),
(5, 11305),
(5, 11306),
(5, 11307),
(5, 11308),
(5, 11309),
(5, 11310),
(5, 11311),
(5, 11312),
(5, 11313),
(5, 11314),
(5, 11315),
(5, 11316),
(5, 11317),
(5, 11318),
(5, 11319),
(5, 11320),
(5, 11321),
(5, 11322),
(5, 11323),
(5, 11324),
(5, 11325),
(5, 11326),
(5, 11327),
(5, 11328),
(5, 11329),
(5, 11330),
(5, 11331),
(5, 11332),
(5, 11333),
(5, 11334),
(5, 11335),
(5, 11336),
(5, 11337),
(5, 11338),
(5, 11339),
(5, 11340),
(5, 11341),
(5, 11342),
(5, 11343),
(5, 11344),
(5, 11345),
(5, 11346),
(5, 11347),
(5, 11348),
(5, 11349),
(5, 11350),
(5, 11351),
(5, 11352),
(5, 11353),
(5, 11354),
(5, 11355),
(5, 11356),
(5, 11357),
(5, 11358),
(5, 11359),
(5, 11360),
(5, 11361),
(5, 11362),
(5, 11363),
(5, 11364),
(5, 11365),
(5, 11366),
(5, 11367),
(5, 11368),
(5, 11369),
(5, 11370),
(5, 11371),
(5, 11372),
(5, 11373),
(5, 11374),
(5, 11375),
(5, 11376),
(5, 11377),
(5, 11378),
(5, 11379),
(5, 11380),
(5, 11381),
(5, 11382),
(5, 11383),
(5, 11384),
(5, 11385),
(5, 11386),
(5, 11387),
(5, 11388),
(5, 11389),
(5, 11390),
(5, 11391),
(5, 11392),
(5, 11393),
(5, 11394),
(5, 11395),
(5, 11396),
(5, 11397),
(5, 11398),
(5, 11399),
(5, 11400),
(5, 11401),
(5, 11402),
(5, 11403),
(5, 11404),
(5, 11405),
(5, 11406),
(5, 11407),
(5, 11408),
(5, 11409),
(5, 11410),
(5, 11411),
(5, 11412),
(5, 11413),
(5, 11414),
(5, 11415),
(5, 11416),
(5, 11417),
(5, 11418),
(5, 11419),
(5, 11420),
(5, 11421),
(5, 11422),
(5, 11423),
(5, 11424),
(5, 11425),
(5, 11426),
(5, 11427),
(5, 11428),
(5, 11429),
(5, 11430),
(5, 11431),
(5, 11432),
(5, 11433),
(5, 11434),
(5, 11435),
(5, 11436),
(5, 11437),
(5, 11438),
(5, 11439),
(5, 11440),
(5, 11441),
(5, 11442),
(5, 11443),
(5, 11444),
(5, 11445),
(5, 11446),
(5, 11447),
(5, 11448),
(5, 11449),
(5, 11450),
(5, 11451),
(5, 11452),
(5, 11453),
(5, 11454),
(5, 11455),
(5, 11456),
(5, 11457),
(5, 11458),
(5, 11459),
(5, 11460),
(5, 11461),
(5, 11462),
(5, 11463),
(5, 11464),
(5, 11465),
(5, 11466),
(5, 11467),
(5, 11468),
(5, 11469),
(5, 11470),
(5, 11471),
(5, 11472),
(5, 11473),
(5, 11474),
(5, 11475),
(5, 11476),
(5, 11477),
(5, 11478),
(5, 11479),
(5, 11480),
(5, 11481),
(5, 11482),
(5, 11483),
(5, 11484),
(5, 11485),
(5, 11486),
(5, 11487),
(5, 11488),
(5, 11489),
(5, 11490),
(5, 11491),
(5, 11492),
(5, 11493),
(5, 11494),
(5, 11495),
(5, 11496),
(5, 11497),
(5, 11498),
(5, 11499),
(5, 11500),
(5, 11501),
(5, 11502),
(5, 11503),
(5, 11504),
(5, 11505),
(5, 11506),
(5, 11507),
(5, 11508),
(5, 11509),
(5, 11510),
(5, 11511),
(5, 11512),
(5, 11513),
(5, 11514),
(5, 11515),
(5, 11516),
(5, 11517),
(5, 11518),
(5, 11519),
(5, 11520),
(5, 11521),
(5, 11522),
(5, 11523),
(5, 11524),
(5, 11525),
(5, 11526),
(5, 11527),
(5, 11528),
(5, 11529),
(5, 11530),
(5, 11531),
(5, 11532),
(5, 11533),
(5, 11534),
(5, 11535),
(5, 11536),
(5, 11537),
(5, 11538),
(5, 11539),
(5, 11540),
(5, 11541),
(5, 11542),
(5, 11543),
(5, 11544),
(5, 11545),
(5, 11546),
(5, 11547),
(5, 11548),
(5, 11549),
(5, 11550),
(5, 11551),
(5, 11552),
(5, 11553),
(5, 11554),
(5, 11555),
(5, 11556),
(5, 11557),
(5, 11558),
(5, 11559),
(5, 11560),
(5, 11561),
(5, 11562),
(5, 11563),
(5, 11564),
(5, 11565),
(5, 11566),
(5, 11567),
(5, 11568),
(5, 11569),
(5, 11570),
(5, 11571),
(5, 11572),
(5, 11573),
(5, 11574),
(5, 11575),
(5, 11576),
(5, 11577),
(5, 11578),
(5, 11579),
(5, 11580),
(5, 11581),
(5, 11582),
(5, 11583),
(5, 11584),
(5, 11585),
(5, 11586),
(5, 11587),
(5, 11588),
(5, 11589),
(5, 11590),
(5, 11591),
(5, 11592),
(5, 11593),
(5, 11594),
(5, 11595),
(5, 11596),
(5, 11597),
(5, 11598),
(5, 11599),
(5, 11600),
(5, 11601),
(5, 11602),
(5, 11603),
(5, 11604),
(5, 11605),
(5, 11606),
(5, 11607),
(5, 11608),
(5, 11609),
(5, 11610),
(5, 11611),
(5, 11612),
(5, 11613),
(5, 11614),
(5, 11615),
(5, 11616),
(5, 11617),
(5, 11618),
(5, 11619),
(5, 11620),
(5, 11621),
(5, 11622),
(5, 11623),
(5, 11624),
(5, 11625),
(5, 11626),
(5, 11627),
(5, 11628),
(5, 11629),
(5, 11630),
(5, 11631),
(5, 11632),
(5, 11633),
(5, 11634),
(5, 11635),
(5, 11636),
(5, 11637),
(5, 11638),
(5, 11639),
(5, 11640),
(5, 11641),
(5, 11642),
(5, 11643),
(5, 11644),
(5, 11645),
(5, 11646),
(5, 11647),
(5, 11648),
(5, 11649),
(5, 11650),
(5, 11651),
(5, 11652),
(5, 11653),
(5, 11654),
(5, 11655),
(5, 11656),
(5, 11657),
(5, 11658),
(5, 11659),
(5, 11660),
(5, 11661),
(5, 11662),
(5, 11663),
(5, 11664),
(5, 11665),
(5, 11666),
(5, 11667),
(5, 11668),
(5, 11669),
(5, 11670),
(5, 11671),
(5, 11672),
(5, 11673),
(5, 11674),
(5, 11675),
(5, 11676),
(5, 11677),
(5, 11678),
(5, 11679),
(5, 11680),
(5, 11681),
(5, 11682),
(5, 11683),
(5, 11684),
(5, 11685),
(5, 11686),
(5, 11687),
(5, 11688),
(5, 11689),
(5, 11690),
(5, 11691),
(5, 11692),
(5, 11693),
(5, 11694),
(5, 11695),
(5, 11696),
(5, 11697),
(5, 11698),
(5, 11699),
(5, 11700),
(5, 11701),
(5, 11702),
(5, 11703),
(5, 11704),
(5, 11705),
(5, 11706),
(5, 11707),
(5, 11708),
(5, 11709),
(5, 11710),
(5, 11711),
(5, 11712),
(5, 11713),
(5, 11714),
(5, 11715),
(5, 11716),
(5, 11717),
(5, 11718),
(5, 11719),
(5, 11720),
(5, 11721),
(5, 11722),
(5, 11723),
(5, 11724),
(5, 11725),
(5, 11726),
(5, 11727),
(5, 11728),
(5, 11729),
(5, 11730),
(5, 11731),
(5, 11732),
(5, 11733),
(5, 11734),
(5, 11735),
(5, 11736),
(5, 11737),
(5, 11738),
(5, 11739),
(5, 11740),
(5, 11741),
(5, 11742),
(5, 11743),
(5, 11744),
(5, 11745),
(5, 11746),
(5, 11747),
(5, 11748),
(5, 11749),
(5, 11750),
(5, 11751),
(5, 11752),
(5, 11753),
(5, 11754),
(5, 11755),
(5, 11756),
(5, 11757),
(5, 11758),
(5, 11759),
(5, 11760),
(5, 11761),
(5, 11762),
(5, 11763),
(5, 11764),
(5, 11765),
(5, 11766),
(5, 11767),
(5, 11768),
(5, 11769),
(5, 11770),
(5, 11771),
(5, 11772),
(5, 11773),
(5, 11774),
(5, 11775),
(5, 11776),
(5, 11777),
(5, 11778),
(5, 11779),
(5, 11780),
(5, 11781),
(5, 11782),
(5, 11783),
(5, 11784),
(5, 11785),
(5, 11786),
(5, 11787),
(5, 11788),
(5, 11789),
(5, 11790),
(5, 11791),
(5, 11792),
(5, 11793),
(5, 11794),
(5, 11795),
(5, 11796),
(5, 11797),
(5, 11798),
(5, 11799),
(5, 11800),
(5, 11801),
(5, 11802),
(5, 11803),
(5, 11804),
(5, 11805),
(5, 11806),
(5, 11807),
(5, 11808),
(5, 11809),
(5, 11810),
(5, 11811),
(5, 11812),
(5, 11813),
(5, 11814),
(5, 11815),
(5, 11816),
(5, 11817),
(5, 11818),
(5, 11819),
(5, 11820),
(5, 11821),
(5, 11822),
(5, 11823),
(5, 11824),
(5, 11825),
(5, 11826),
(5, 11827),
(5, 11828),
(5, 11829),
(5, 11830),
(5, 11831),
(5, 11832),
(5, 11833),
(5, 11834),
(5, 11835),
(5, 11836),
(5, 11837),
(5, 11838),
(5, 11839),
(5, 11840),
(5, 11841),
(5, 11842),
(5, 11843),
(5, 11844),
(5, 11845),
(5, 11846),
(5, 11847),
(5, 11848),
(5, 11849),
(5, 11850),
(5, 11851),
(5, 11852),
(5, 11853),
(5, 11854),
(5, 11855),
(5, 11856),
(5, 11857),
(5, 11858),
(5, 11859),
(5, 11860),
(5, 11861),
(5, 11862),
(5, 11863),
(5, 11864),
(5, 11865),
(5, 11866),
(5, 11867),
(5, 11868),
(5, 11869),
(5, 11870),
(5, 11871),
(5, 11872),
(5, 11873),
(5, 11874),
(5, 11875),
(5, 11876),
(5, 11877),
(5, 11878),
(5, 11879),
(5, 11880),
(5, 11881),
(5, 11882),
(5, 11883),
(5, 11884),
(5, 11885),
(5, 11886),
(5, 11887),
(5, 11888),
(5, 11889),
(5, 11890),
(5, 11891),
(5, 11892),
(5, 11893),
(5, 11894),
(5, 11895),
(5, 11896),
(5, 11897),
(5, 11898),
(5, 11899),
(5, 11900),
(5, 11901),
(5, 11902),
(5, 11903),
(5, 11904);

-- --------------------------------------------------------

--
-- Table structure for table `registrovisitasdemanda_visitasmes`
--

CREATE TABLE `registrovisitasdemanda_visitasmes` (
  `registrovisitasdemanda_id` int(11) NOT NULL,
  `visitasmes_id` int(11) NOT NULL
) ENGINE=InnoDB DEFAULT CHARSET=utf8 COLLATE=utf8_unicode_ci;

--
-- Dumping data for table `registrovisitasdemanda_visitasmes`
--

INSERT INTO `registrovisitasdemanda_visitasmes` (`registrovisitasdemanda_id`, `visitasmes_id`) VALUES
(5, 501),
(5, 502),
(5, 503),
(5, 504),
(5, 505),
(5, 506),
(5, 507),
(5, 508),
(5, 509),
(5, 510),
(5, 511),
(5, 512),
(5, 513),
(5, 514),
(5, 515),
(5, 516),
(5, 517),
(5, 518),
(5, 519),
(5, 520),
(5, 521),
(5, 522),
(5, 523),
(5, 524),
(5, 525),
(5, 526),
(5, 527);

-- --------------------------------------------------------

--
-- Table structure for table `RegistroVisitasOferta`
--

CREATE TABLE `RegistroVisitasOferta` (
  `id` int(11) NOT NULL,
  `oferta_id` int(11) DEFAULT NULL
) ENGINE=InnoDB DEFAULT CHARSET=utf8 COLLATE=utf8_unicode_ci;

--
-- Dumping data for table `RegistroVisitasOferta`
--

INSERT INTO `RegistroVisitasOferta` (`id`, `oferta_id`) VALUES
(5, 17),
(4, 21);

-- --------------------------------------------------------

--
-- Table structure for table `registrovisitasoferta_visitasanio`
--

CREATE TABLE `registrovisitasoferta_visitasanio` (
  `registrovisitasoferta_id` int(11) NOT NULL,
  `visitasanio_id` int(11) NOT NULL
) ENGINE=InnoDB DEFAULT CHARSET=utf8 COLLATE=utf8_unicode_ci;

--
-- Dumping data for table `registrovisitasoferta_visitasanio`
--

INSERT INTO `registrovisitasoferta_visitasanio` (`registrovisitasoferta_id`, `visitasanio_id`) VALUES
(4, 51),
(4, 52),
(4, 53),
(5, 54),
(5, 55),
(5, 56);

-- --------------------------------------------------------

--
-- Table structure for table `registrovisitasoferta_visitasdia`
--

CREATE TABLE `registrovisitasoferta_visitasdia` (
  `registrovisitasoferta_id` int(11) NOT NULL,
  `visitasdia_id` int(11) NOT NULL
) ENGINE=InnoDB DEFAULT CHARSET=utf8 COLLATE=utf8_unicode_ci;

--
-- Dumping data for table `registrovisitasoferta_visitasdia`
--

INSERT INTO `registrovisitasoferta_visitasdia` (`registrovisitasoferta_id`, `visitasdia_id`) VALUES
(4, 9505),
(4, 9506),
(4, 9507),
(4, 9508),
(4, 9509),
(4, 9510),
(4, 9511),
(4, 9512),
(4, 9513),
(4, 9514),
(4, 9515),
(4, 9516),
(4, 9517),
(4, 9518),
(4, 9519),
(4, 9520),
(4, 9521),
(4, 9522),
(4, 9523),
(4, 9524),
(4, 9525),
(4, 9526),
(4, 9527),
(4, 9528),
(4, 9529),
(4, 9530),
(4, 9531),
(4, 9532),
(4, 9533),
(4, 9534),
(4, 9535),
(4, 9536),
(4, 9537),
(4, 9538),
(4, 9539),
(4, 9540),
(4, 9541),
(4, 9542),
(4, 9543),
(4, 9544),
(4, 9545),
(4, 9546),
(4, 9547),
(4, 9548),
(4, 9549),
(4, 9550),
(4, 9551),
(4, 9552),
(4, 9553),
(4, 9554),
(4, 9555),
(4, 9556),
(4, 9557),
(4, 9558),
(4, 9559),
(4, 9560),
(4, 9561),
(4, 9562),
(4, 9563),
(4, 9564),
(4, 9565),
(4, 9566),
(4, 9567),
(4, 9568),
(4, 9569),
(4, 9570),
(4, 9571),
(4, 9572),
(4, 9573),
(4, 9574),
(4, 9575),
(4, 9576),
(4, 9577),
(4, 9578),
(4, 9579),
(4, 9580),
(4, 9581),
(4, 9582),
(4, 9583),
(4, 9584),
(4, 9585),
(4, 9586),
(4, 9587),
(4, 9588),
(4, 9589),
(4, 9590),
(4, 9591),
(4, 9592),
(4, 9593),
(4, 9594),
(4, 9595),
(4, 9596),
(4, 9597),
(4, 9598),
(4, 9599),
(4, 9600),
(4, 9601),
(4, 9602),
(4, 9603),
(4, 9604),
(4, 9605),
(4, 9606),
(4, 9607),
(4, 9608),
(4, 9609),
(4, 9610),
(4, 9611),
(4, 9612),
(4, 9613),
(4, 9614),
(4, 9615),
(4, 9616),
(4, 9617),
(4, 9618),
(4, 9619),
(4, 9620),
(4, 9621),
(4, 9622),
(4, 9623),
(4, 9624),
(4, 9625),
(4, 9626),
(4, 9627),
(4, 9628),
(4, 9629),
(4, 9630),
(4, 9631),
(4, 9632),
(4, 9633),
(4, 9634),
(4, 9635),
(4, 9636),
(4, 9637),
(4, 9638),
(4, 9639),
(4, 9640),
(4, 9641),
(4, 9642),
(4, 9643),
(4, 9644),
(4, 9645),
(4, 9646),
(4, 9647),
(4, 9648),
(4, 9649),
(4, 9650),
(4, 9651),
(4, 9652),
(4, 9653),
(4, 9654),
(4, 9655),
(4, 9656),
(4, 9657),
(4, 9658),
(4, 9659),
(4, 9660),
(4, 9661),
(4, 9662),
(4, 9663),
(4, 9664),
(4, 9665),
(4, 9666),
(4, 9667),
(4, 9668),
(4, 9669),
(4, 9670),
(4, 9671),
(4, 9672),
(4, 9673),
(4, 9674),
(4, 9675),
(4, 9676),
(4, 9677),
(4, 9678),
(4, 9679),
(4, 9680),
(4, 9681),
(4, 9682),
(4, 9683),
(4, 9684),
(4, 9685),
(4, 9686),
(4, 9687),
(4, 9688),
(4, 9689),
(4, 9690),
(4, 9691),
(4, 9692),
(4, 9693),
(4, 9694),
(4, 9695),
(4, 9696),
(4, 9697),
(4, 9698),
(4, 9699),
(4, 9700),
(4, 9701),
(4, 9702),
(4, 9703),
(4, 9704),
(4, 9705),
(4, 9706),
(4, 9707),
(4, 9708),
(4, 9709),
(4, 9710),
(4, 9711),
(4, 9712),
(4, 9713),
(4, 9714),
(4, 9715),
(4, 9716),
(4, 9717),
(4, 9718),
(4, 9719),
(4, 9720),
(4, 9721),
(4, 9722),
(4, 9723),
(4, 9724),
(4, 9725),
(4, 9726),
(4, 9727),
(4, 9728),
(4, 9729),
(4, 9730),
(4, 9731),
(4, 9732),
(4, 9733),
(4, 9734),
(4, 9735),
(4, 9736),
(4, 9737),
(4, 9738),
(4, 9739),
(4, 9740),
(4, 9741),
(4, 9742),
(4, 9743),
(4, 9744),
(4, 9745),
(4, 9746),
(4, 9747),
(4, 9748),
(4, 9749),
(4, 9750),
(4, 9751),
(4, 9752),
(4, 9753),
(4, 9754),
(4, 9755),
(4, 9756),
(4, 9757),
(4, 9758),
(4, 9759),
(4, 9760),
(4, 9761),
(4, 9762),
(4, 9763),
(4, 9764),
(4, 9765),
(4, 9766),
(4, 9767),
(4, 9768),
(4, 9769),
(4, 9770),
(4, 9771),
(4, 9772),
(4, 9773),
(4, 9774),
(4, 9775),
(4, 9776),
(4, 9777),
(4, 9778),
(4, 9779),
(4, 9780),
(4, 9781),
(4, 9782),
(4, 9783),
(4, 9784),
(4, 9785),
(4, 9786),
(4, 9787),
(4, 9788),
(4, 9789),
(4, 9790),
(4, 9791),
(4, 9792),
(4, 9793),
(4, 9794),
(4, 9795),
(4, 9796),
(4, 9797),
(4, 9798),
(4, 9799),
(4, 9800),
(4, 9801),
(4, 9802),
(4, 9803),
(4, 9804),
(4, 9805),
(4, 9806),
(4, 9807),
(4, 9808),
(4, 9809),
(4, 9810),
(4, 9811),
(4, 9812),
(4, 9813),
(4, 9814),
(4, 9815),
(4, 9816),
(4, 9817),
(4, 9818),
(4, 9819),
(4, 9820),
(4, 9821),
(4, 9822),
(4, 9823),
(4, 9824),
(4, 9825),
(4, 9826),
(4, 9827),
(4, 9828),
(4, 9829),
(4, 9830),
(4, 9831),
(4, 9832),
(4, 9833),
(4, 9834),
(4, 9835),
(4, 9836),
(4, 9837),
(4, 9838),
(4, 9839),
(4, 9840),
(4, 9841),
(4, 9842),
(4, 9843),
(4, 9844),
(4, 9845),
(4, 9846),
(4, 9847),
(4, 9848),
(4, 9849),
(4, 9850),
(4, 9851),
(4, 9852),
(4, 9853),
(4, 9854),
(4, 9855),
(4, 9856),
(4, 9857),
(4, 9858),
(4, 9859),
(4, 9860),
(4, 9861),
(4, 9862),
(4, 9863),
(4, 9864),
(4, 9865),
(4, 9866),
(4, 9867),
(4, 9868),
(4, 9869),
(4, 9870),
(4, 9871),
(4, 9872),
(4, 9873),
(4, 9874),
(4, 9875),
(4, 9876),
(4, 9877),
(4, 9878),
(4, 9879),
(4, 9880),
(4, 9881),
(4, 9882),
(4, 9883),
(4, 9884),
(4, 9885),
(4, 9886),
(4, 9887),
(4, 9888),
(4, 9889),
(4, 9890),
(4, 9891),
(4, 9892),
(4, 9893),
(4, 9894),
(4, 9895),
(4, 9896),
(4, 9897),
(4, 9898),
(4, 9899),
(4, 9900),
(4, 9901),
(4, 9902),
(4, 9903),
(4, 9904),
(4, 9905),
(4, 9906),
(4, 9907),
(4, 9908),
(4, 9909),
(4, 9910),
(4, 9911),
(4, 9912),
(4, 9913),
(4, 9914),
(4, 9915),
(4, 9916),
(4, 9917),
(4, 9918),
(4, 9919),
(4, 9920),
(4, 9921),
(4, 9922),
(4, 9923),
(4, 9924),
(4, 9925),
(4, 9926),
(4, 9927),
(4, 9928),
(4, 9929),
(4, 9930),
(4, 9931),
(4, 9932),
(4, 9933),
(4, 9934),
(4, 9935),
(4, 9936),
(4, 9937),
(4, 9938),
(4, 9939),
(4, 9940),
(4, 9941),
(4, 9942),
(4, 9943),
(4, 9944),
(4, 9945),
(4, 9946),
(4, 9947),
(4, 9948),
(4, 9949),
(4, 9950),
(4, 9951),
(4, 9952),
(4, 9953),
(4, 9954),
(4, 9955),
(4, 9956),
(4, 9957),
(4, 9958),
(4, 9959),
(4, 9960),
(4, 9961),
(4, 9962),
(4, 9963),
(4, 9964),
(4, 9965),
(4, 9966),
(4, 9967),
(4, 9968),
(4, 9969),
(4, 9970),
(4, 9971),
(4, 9972),
(4, 9973),
(4, 9974),
(4, 9975),
(4, 9976),
(4, 9977),
(4, 9978),
(4, 9979),
(4, 9980),
(4, 9981),
(4, 9982),
(4, 9983),
(4, 9984),
(4, 9985),
(4, 9986),
(4, 9987),
(4, 9988),
(4, 9989),
(4, 9990),
(4, 9991),
(4, 9992),
(4, 9993),
(4, 9994),
(4, 9995),
(4, 9996),
(4, 9997),
(4, 9998),
(4, 9999),
(4, 10000),
(4, 10001),
(4, 10002),
(4, 10003),
(4, 10004),
(4, 10005),
(4, 10006),
(4, 10007),
(4, 10008),
(4, 10009),
(4, 10010),
(4, 10011),
(4, 10012),
(4, 10013),
(4, 10014),
(4, 10015),
(4, 10016),
(4, 10017),
(4, 10018),
(4, 10019),
(4, 10020),
(4, 10021),
(4, 10022),
(4, 10023),
(4, 10024),
(4, 10025),
(4, 10026),
(4, 10027),
(4, 10028),
(4, 10029),
(4, 10030),
(4, 10031),
(4, 10032),
(4, 10033),
(4, 10034),
(4, 10035),
(4, 10036),
(4, 10037),
(4, 10038),
(4, 10039),
(4, 10040),
(4, 10041),
(4, 10042),
(4, 10043),
(4, 10044),
(4, 10045),
(4, 10046),
(4, 10047),
(4, 10048),
(4, 10049),
(4, 10050),
(4, 10051),
(4, 10052),
(4, 10053),
(4, 10054),
(4, 10055),
(4, 10056),
(4, 10057),
(4, 10058),
(4, 10059),
(4, 10060),
(4, 10061),
(4, 10062),
(4, 10063),
(4, 10064),
(4, 10065),
(4, 10066),
(4, 10067),
(4, 10068),
(4, 10069),
(4, 10070),
(4, 10071),
(4, 10072),
(4, 10073),
(4, 10074),
(4, 10075),
(4, 10076),
(4, 10077),
(4, 10078),
(4, 10079),
(4, 10080),
(4, 10081),
(4, 10082),
(4, 10083),
(4, 10084),
(4, 10085),
(4, 10086),
(4, 10087),
(4, 10088),
(4, 10089),
(4, 10090),
(4, 10091),
(4, 10092),
(4, 10093),
(4, 10094),
(4, 10095),
(4, 10096),
(4, 10097),
(4, 10098),
(4, 10099),
(4, 10100),
(4, 10101),
(4, 10102),
(4, 10103),
(4, 10104),
(4, 10105),
(4, 10106),
(4, 10107),
(4, 10108),
(4, 10109),
(4, 10110),
(4, 10111),
(4, 10112),
(4, 10113),
(4, 10114),
(4, 10115),
(4, 10116),
(4, 10117),
(4, 10118),
(4, 10119),
(4, 10120),
(4, 10121),
(4, 10122),
(4, 10123),
(4, 10124),
(4, 10125),
(4, 10126),
(4, 10127),
(4, 10128),
(4, 10129),
(4, 10130),
(4, 10131),
(4, 10132),
(4, 10133),
(4, 10134),
(4, 10135),
(4, 10136),
(4, 10137),
(4, 10138),
(4, 10139),
(4, 10140),
(4, 10141),
(4, 10142),
(4, 10143),
(4, 10144),
(4, 10145),
(4, 10146),
(4, 10147),
(4, 10148),
(4, 10149),
(4, 10150),
(4, 10151),
(4, 10152),
(4, 10153),
(4, 10154),
(4, 10155),
(4, 10156),
(4, 10157),
(4, 10158),
(4, 10159),
(4, 10160),
(4, 10161),
(4, 10162),
(4, 10163),
(4, 10164),
(4, 10165),
(4, 10166),
(4, 10167),
(4, 10168),
(4, 10169),
(4, 10170),
(4, 10171),
(4, 10172),
(4, 10173),
(4, 10174),
(4, 10175),
(4, 10176),
(4, 10177),
(4, 10178),
(4, 10179),
(4, 10180),
(4, 10181),
(4, 10182),
(4, 10183),
(4, 10184),
(4, 10185),
(4, 10186),
(4, 10187),
(4, 10188),
(4, 10189),
(4, 10190),
(4, 10191),
(4, 10192),
(4, 10193),
(4, 10194),
(4, 10195),
(4, 10196),
(4, 10197),
(4, 10198),
(4, 10199),
(4, 10200),
(4, 10201),
(4, 10202),
(4, 10203),
(4, 10204),
(4, 10205),
(4, 10206),
(4, 10207),
(4, 10208),
(4, 10209),
(4, 10210),
(4, 10211),
(4, 10212),
(4, 10213),
(4, 10214),
(4, 10215),
(4, 10216),
(4, 10217),
(4, 10218),
(4, 10219),
(4, 10220),
(4, 10221),
(4, 10222),
(4, 10223),
(4, 10224),
(4, 10225),
(4, 10226),
(4, 10227),
(4, 10228),
(4, 10229),
(4, 10230),
(4, 10231),
(4, 10232),
(4, 10233),
(4, 10234),
(4, 10235),
(4, 10236),
(4, 10237),
(4, 10238),
(4, 10239),
(4, 10240),
(4, 10241),
(4, 10242),
(4, 10243),
(4, 10244),
(4, 10245),
(4, 10246),
(4, 10247),
(4, 10248),
(4, 10249),
(4, 10250),
(4, 10251),
(4, 10252),
(4, 10253),
(4, 10254),
(4, 10255),
(4, 10256),
(4, 10257),
(4, 10258),
(4, 10259),
(4, 10260),
(4, 10261),
(4, 10262),
(4, 10263),
(4, 10264),
(4, 10265),
(4, 10266),
(4, 10267),
(4, 10268),
(4, 10269),
(4, 10270),
(4, 10271),
(4, 10272),
(4, 10273),
(4, 10274),
(4, 10275),
(4, 10276),
(4, 10277),
(4, 10278),
(4, 10279),
(4, 10280),
(4, 10281),
(4, 10282),
(4, 10283),
(4, 10284),
(4, 10285),
(4, 10286),
(4, 10287),
(4, 10288),
(4, 10289),
(4, 10290),
(4, 10291),
(4, 10292),
(4, 10293),
(4, 10294),
(4, 10295),
(4, 10296),
(4, 10297),
(4, 10298),
(4, 10299),
(4, 10300),
(4, 10301),
(4, 10302),
(4, 10303),
(4, 10304),
(5, 10305),
(5, 10306),
(5, 10307),
(5, 10308),
(5, 10309),
(5, 10310),
(5, 10311),
(5, 10312),
(5, 10313),
(5, 10314),
(5, 10315),
(5, 10316),
(5, 10317),
(5, 10318),
(5, 10319),
(5, 10320),
(5, 10321),
(5, 10322),
(5, 10323),
(5, 10324),
(5, 10325),
(5, 10326),
(5, 10327),
(5, 10328),
(5, 10329),
(5, 10330),
(5, 10331),
(5, 10332),
(5, 10333),
(5, 10334),
(5, 10335),
(5, 10336),
(5, 10337),
(5, 10338),
(5, 10339),
(5, 10340),
(5, 10341),
(5, 10342),
(5, 10343),
(5, 10344),
(5, 10345),
(5, 10346),
(5, 10347),
(5, 10348),
(5, 10349),
(5, 10350),
(5, 10351),
(5, 10352),
(5, 10353),
(5, 10354),
(5, 10355),
(5, 10356),
(5, 10357),
(5, 10358),
(5, 10359),
(5, 10360),
(5, 10361),
(5, 10362),
(5, 10363),
(5, 10364),
(5, 10365),
(5, 10366),
(5, 10367),
(5, 10368),
(5, 10369),
(5, 10370),
(5, 10371),
(5, 10372),
(5, 10373),
(5, 10374),
(5, 10375),
(5, 10376),
(5, 10377),
(5, 10378),
(5, 10379),
(5, 10380),
(5, 10381),
(5, 10382),
(5, 10383),
(5, 10384),
(5, 10385),
(5, 10386),
(5, 10387),
(5, 10388),
(5, 10389),
(5, 10390),
(5, 10391),
(5, 10392),
(5, 10393),
(5, 10394),
(5, 10395),
(5, 10396),
(5, 10397),
(5, 10398),
(5, 10399),
(5, 10400),
(5, 10401),
(5, 10402),
(5, 10403),
(5, 10404),
(5, 10405),
(5, 10406),
(5, 10407),
(5, 10408),
(5, 10409),
(5, 10410),
(5, 10411),
(5, 10412),
(5, 10413),
(5, 10414),
(5, 10415),
(5, 10416),
(5, 10417),
(5, 10418),
(5, 10419),
(5, 10420),
(5, 10421),
(5, 10422),
(5, 10423),
(5, 10424),
(5, 10425),
(5, 10426),
(5, 10427),
(5, 10428),
(5, 10429),
(5, 10430),
(5, 10431),
(5, 10432),
(5, 10433),
(5, 10434),
(5, 10435),
(5, 10436),
(5, 10437),
(5, 10438),
(5, 10439),
(5, 10440),
(5, 10441),
(5, 10442),
(5, 10443),
(5, 10444),
(5, 10445),
(5, 10446),
(5, 10447),
(5, 10448),
(5, 10449),
(5, 10450),
(5, 10451),
(5, 10452),
(5, 10453),
(5, 10454),
(5, 10455),
(5, 10456),
(5, 10457),
(5, 10458),
(5, 10459),
(5, 10460),
(5, 10461),
(5, 10462),
(5, 10463),
(5, 10464),
(5, 10465),
(5, 10466),
(5, 10467),
(5, 10468),
(5, 10469),
(5, 10470),
(5, 10471),
(5, 10472),
(5, 10473),
(5, 10474),
(5, 10475),
(5, 10476),
(5, 10477),
(5, 10478),
(5, 10479),
(5, 10480),
(5, 10481),
(5, 10482),
(5, 10483),
(5, 10484),
(5, 10485),
(5, 10486),
(5, 10487),
(5, 10488),
(5, 10489),
(5, 10490),
(5, 10491),
(5, 10492),
(5, 10493),
(5, 10494),
(5, 10495),
(5, 10496),
(5, 10497),
(5, 10498),
(5, 10499),
(5, 10500),
(5, 10501),
(5, 10502),
(5, 10503),
(5, 10504),
(5, 10505),
(5, 10506),
(5, 10507),
(5, 10508),
(5, 10509),
(5, 10510),
(5, 10511),
(5, 10512),
(5, 10513),
(5, 10514),
(5, 10515),
(5, 10516),
(5, 10517),
(5, 10518),
(5, 10519),
(5, 10520),
(5, 10521),
(5, 10522),
(5, 10523),
(5, 10524),
(5, 10525),
(5, 10526),
(5, 10527),
(5, 10528),
(5, 10529),
(5, 10530),
(5, 10531),
(5, 10532),
(5, 10533),
(5, 10534),
(5, 10535),
(5, 10536),
(5, 10537),
(5, 10538),
(5, 10539),
(5, 10540),
(5, 10541),
(5, 10542),
(5, 10543),
(5, 10544),
(5, 10545),
(5, 10546),
(5, 10547),
(5, 10548),
(5, 10549),
(5, 10550),
(5, 10551),
(5, 10552),
(5, 10553),
(5, 10554),
(5, 10555),
(5, 10556),
(5, 10557),
(5, 10558),
(5, 10559),
(5, 10560),
(5, 10561),
(5, 10562),
(5, 10563),
(5, 10564),
(5, 10565),
(5, 10566),
(5, 10567),
(5, 10568),
(5, 10569),
(5, 10570),
(5, 10571),
(5, 10572),
(5, 10573),
(5, 10574),
(5, 10575),
(5, 10576),
(5, 10577),
(5, 10578),
(5, 10579),
(5, 10580),
(5, 10581),
(5, 10582),
(5, 10583),
(5, 10584),
(5, 10585),
(5, 10586),
(5, 10587),
(5, 10588),
(5, 10589),
(5, 10590),
(5, 10591),
(5, 10592),
(5, 10593),
(5, 10594),
(5, 10595),
(5, 10596),
(5, 10597),
(5, 10598),
(5, 10599),
(5, 10600),
(5, 10601),
(5, 10602),
(5, 10603),
(5, 10604),
(5, 10605),
(5, 10606),
(5, 10607),
(5, 10608),
(5, 10609),
(5, 10610),
(5, 10611),
(5, 10612),
(5, 10613),
(5, 10614),
(5, 10615),
(5, 10616),
(5, 10617),
(5, 10618),
(5, 10619),
(5, 10620),
(5, 10621),
(5, 10622),
(5, 10623),
(5, 10624),
(5, 10625),
(5, 10626),
(5, 10627),
(5, 10628),
(5, 10629),
(5, 10630),
(5, 10631),
(5, 10632),
(5, 10633),
(5, 10634),
(5, 10635),
(5, 10636),
(5, 10637),
(5, 10638),
(5, 10639),
(5, 10640),
(5, 10641),
(5, 10642),
(5, 10643),
(5, 10644),
(5, 10645),
(5, 10646),
(5, 10647),
(5, 10648),
(5, 10649),
(5, 10650),
(5, 10651),
(5, 10652),
(5, 10653),
(5, 10654),
(5, 10655),
(5, 10656),
(5, 10657),
(5, 10658),
(5, 10659),
(5, 10660),
(5, 10661),
(5, 10662),
(5, 10663),
(5, 10664),
(5, 10665),
(5, 10666),
(5, 10667),
(5, 10668),
(5, 10669),
(5, 10670),
(5, 10671),
(5, 10672),
(5, 10673),
(5, 10674),
(5, 10675),
(5, 10676),
(5, 10677),
(5, 10678),
(5, 10679),
(5, 10680),
(5, 10681),
(5, 10682),
(5, 10683),
(5, 10684),
(5, 10685),
(5, 10686),
(5, 10687),
(5, 10688),
(5, 10689),
(5, 10690),
(5, 10691),
(5, 10692),
(5, 10693),
(5, 10694),
(5, 10695),
(5, 10696),
(5, 10697),
(5, 10698),
(5, 10699),
(5, 10700),
(5, 10701),
(5, 10702),
(5, 10703),
(5, 10704),
(5, 10705),
(5, 10706),
(5, 10707),
(5, 10708),
(5, 10709),
(5, 10710),
(5, 10711),
(5, 10712),
(5, 10713),
(5, 10714),
(5, 10715),
(5, 10716),
(5, 10717),
(5, 10718),
(5, 10719),
(5, 10720),
(5, 10721),
(5, 10722),
(5, 10723),
(5, 10724),
(5, 10725),
(5, 10726),
(5, 10727),
(5, 10728),
(5, 10729),
(5, 10730),
(5, 10731),
(5, 10732),
(5, 10733),
(5, 10734),
(5, 10735),
(5, 10736),
(5, 10737),
(5, 10738),
(5, 10739),
(5, 10740),
(5, 10741),
(5, 10742),
(5, 10743),
(5, 10744),
(5, 10745),
(5, 10746),
(5, 10747),
(5, 10748),
(5, 10749),
(5, 10750),
(5, 10751),
(5, 10752),
(5, 10753),
(5, 10754),
(5, 10755),
(5, 10756),
(5, 10757),
(5, 10758),
(5, 10759),
(5, 10760),
(5, 10761),
(5, 10762),
(5, 10763),
(5, 10764),
(5, 10765),
(5, 10766),
(5, 10767),
(5, 10768),
(5, 10769),
(5, 10770),
(5, 10771),
(5, 10772),
(5, 10773),
(5, 10774),
(5, 10775),
(5, 10776),
(5, 10777),
(5, 10778),
(5, 10779),
(5, 10780),
(5, 10781),
(5, 10782),
(5, 10783),
(5, 10784),
(5, 10785),
(5, 10786),
(5, 10787),
(5, 10788),
(5, 10789),
(5, 10790),
(5, 10791),
(5, 10792),
(5, 10793),
(5, 10794),
(5, 10795),
(5, 10796),
(5, 10797),
(5, 10798),
(5, 10799),
(5, 10800),
(5, 10801),
(5, 10802),
(5, 10803),
(5, 10804),
(5, 10805),
(5, 10806),
(5, 10807),
(5, 10808),
(5, 10809),
(5, 10810),
(5, 10811),
(5, 10812),
(5, 10813),
(5, 10814),
(5, 10815),
(5, 10816),
(5, 10817),
(5, 10818),
(5, 10819),
(5, 10820),
(5, 10821),
(5, 10822),
(5, 10823),
(5, 10824),
(5, 10825),
(5, 10826),
(5, 10827),
(5, 10828),
(5, 10829),
(5, 10830),
(5, 10831),
(5, 10832),
(5, 10833),
(5, 10834),
(5, 10835),
(5, 10836),
(5, 10837),
(5, 10838),
(5, 10839),
(5, 10840),
(5, 10841),
(5, 10842),
(5, 10843),
(5, 10844),
(5, 10845),
(5, 10846),
(5, 10847),
(5, 10848),
(5, 10849),
(5, 10850),
(5, 10851),
(5, 10852),
(5, 10853),
(5, 10854),
(5, 10855),
(5, 10856),
(5, 10857),
(5, 10858),
(5, 10859),
(5, 10860),
(5, 10861),
(5, 10862),
(5, 10863),
(5, 10864),
(5, 10865),
(5, 10866),
(5, 10867),
(5, 10868),
(5, 10869),
(5, 10870),
(5, 10871),
(5, 10872),
(5, 10873),
(5, 10874),
(5, 10875),
(5, 10876),
(5, 10877),
(5, 10878),
(5, 10879),
(5, 10880),
(5, 10881),
(5, 10882),
(5, 10883),
(5, 10884),
(5, 10885),
(5, 10886),
(5, 10887),
(5, 10888),
(5, 10889),
(5, 10890),
(5, 10891),
(5, 10892),
(5, 10893),
(5, 10894),
(5, 10895),
(5, 10896),
(5, 10897),
(5, 10898),
(5, 10899),
(5, 10900),
(5, 10901),
(5, 10902),
(5, 10903),
(5, 10904),
(5, 10905),
(5, 10906),
(5, 10907),
(5, 10908),
(5, 10909),
(5, 10910),
(5, 10911),
(5, 10912),
(5, 10913),
(5, 10914),
(5, 10915),
(5, 10916),
(5, 10917),
(5, 10918),
(5, 10919),
(5, 10920),
(5, 10921),
(5, 10922),
(5, 10923),
(5, 10924),
(5, 10925),
(5, 10926),
(5, 10927),
(5, 10928),
(5, 10929),
(5, 10930),
(5, 10931),
(5, 10932),
(5, 10933),
(5, 10934),
(5, 10935),
(5, 10936),
(5, 10937),
(5, 10938),
(5, 10939),
(5, 10940),
(5, 10941),
(5, 10942),
(5, 10943),
(5, 10944),
(5, 10945),
(5, 10946),
(5, 10947),
(5, 10948),
(5, 10949),
(5, 10950),
(5, 10951),
(5, 10952),
(5, 10953),
(5, 10954),
(5, 10955),
(5, 10956),
(5, 10957),
(5, 10958),
(5, 10959),
(5, 10960),
(5, 10961),
(5, 10962),
(5, 10963),
(5, 10964),
(5, 10965),
(5, 10966),
(5, 10967),
(5, 10968),
(5, 10969),
(5, 10970),
(5, 10971),
(5, 10972),
(5, 10973),
(5, 10974),
(5, 10975),
(5, 10976),
(5, 10977),
(5, 10978),
(5, 10979),
(5, 10980),
(5, 10981),
(5, 10982),
(5, 10983),
(5, 10984),
(5, 10985),
(5, 10986),
(5, 10987),
(5, 10988),
(5, 10989),
(5, 10990),
(5, 10991),
(5, 10992),
(5, 10993),
(5, 10994),
(5, 10995),
(5, 10996),
(5, 10997),
(5, 10998),
(5, 10999),
(5, 11000),
(5, 11001),
(5, 11002),
(5, 11003),
(5, 11004),
(5, 11005),
(5, 11006),
(5, 11007),
(5, 11008),
(5, 11009),
(5, 11010),
(5, 11011),
(5, 11012),
(5, 11013),
(5, 11014),
(5, 11015),
(5, 11016),
(5, 11017),
(5, 11018),
(5, 11019),
(5, 11020),
(5, 11021),
(5, 11022),
(5, 11023),
(5, 11024),
(5, 11025),
(5, 11026),
(5, 11027),
(5, 11028),
(5, 11029),
(5, 11030),
(5, 11031),
(5, 11032),
(5, 11033),
(5, 11034),
(5, 11035),
(5, 11036),
(5, 11037),
(5, 11038),
(5, 11039),
(5, 11040),
(5, 11041),
(5, 11042),
(5, 11043),
(5, 11044),
(5, 11045),
(5, 11046),
(5, 11047),
(5, 11048),
(5, 11049),
(5, 11050),
(5, 11051),
(5, 11052),
(5, 11053),
(5, 11054),
(5, 11055),
(5, 11056),
(5, 11057),
(5, 11058),
(5, 11059),
(5, 11060),
(5, 11061),
(5, 11062),
(5, 11063),
(5, 11064),
(5, 11065),
(5, 11066),
(5, 11067),
(5, 11068),
(5, 11069),
(5, 11070),
(5, 11071),
(5, 11072),
(5, 11073),
(5, 11074),
(5, 11075),
(5, 11076),
(5, 11077),
(5, 11078),
(5, 11079),
(5, 11080),
(5, 11081),
(5, 11082),
(5, 11083),
(5, 11084),
(5, 11085),
(5, 11086),
(5, 11087),
(5, 11088),
(5, 11089),
(5, 11090),
(5, 11091),
(5, 11092),
(5, 11093),
(5, 11094),
(5, 11095),
(5, 11096),
(5, 11097),
(5, 11098),
(5, 11099),
(5, 11100),
(5, 11101),
(5, 11102),
(5, 11103),
(5, 11104);

-- --------------------------------------------------------

--
-- Table structure for table `registrovisitasoferta_visitasmes`
--

CREATE TABLE `registrovisitasoferta_visitasmes` (
  `registrovisitasoferta_id` int(11) NOT NULL,
  `visitasmes_id` int(11) NOT NULL
) ENGINE=InnoDB DEFAULT CHARSET=utf8 COLLATE=utf8_unicode_ci;

--
-- Dumping data for table `registrovisitasoferta_visitasmes`
--

INSERT INTO `registrovisitasoferta_visitasmes` (`registrovisitasoferta_id`, `visitasmes_id`) VALUES
(4, 447),
(4, 448),
(4, 449),
(4, 450),
(4, 451),
(4, 452),
(4, 453),
(4, 454),
(4, 455),
(4, 456),
(4, 457),
(4, 458),
(4, 459),
(4, 460),
(4, 461),
(4, 462),
(4, 463),
(4, 464),
(4, 465),
(4, 466),
(4, 467),
(4, 468),
(4, 469),
(4, 470),
(4, 471),
(4, 472),
(4, 473),
(5, 474),
(5, 475),
(5, 476),
(5, 477),
(5, 478),
(5, 479),
(5, 480),
(5, 481),
(5, 482),
(5, 483),
(5, 484),
(5, 485),
(5, 486),
(5, 487),
(5, 488),
(5, 489),
(5, 490),
(5, 491),
(5, 492),
(5, 493),
(5, 494),
(5, 495),
(5, 496),
(5, 497),
(5, 498),
(5, 499),
(5, 500);

-- --------------------------------------------------------

--
-- Table structure for table `RegistroVisitasUsuario`
--

CREATE TABLE `RegistroVisitasUsuario` (
  `id` int(11) NOT NULL,
  `usuario_id` int(11) DEFAULT NULL
) ENGINE=InnoDB DEFAULT CHARSET=utf8 COLLATE=utf8_unicode_ci;

--
-- Dumping data for table `RegistroVisitasUsuario`
--

INSERT INTO `RegistroVisitasUsuario` (`id`, `usuario_id`) VALUES
(4, 1),
(5, 2);

-- --------------------------------------------------------

--
-- Table structure for table `registrovisitasusuario_visitasanio`
--

CREATE TABLE `registrovisitasusuario_visitasanio` (
  `registrovisitasusuario_id` int(11) NOT NULL,
  `visitasanio_id` int(11) NOT NULL
) ENGINE=InnoDB DEFAULT CHARSET=utf8 COLLATE=utf8_unicode_ci;

--
-- Dumping data for table `registrovisitasusuario_visitasanio`
--

INSERT INTO `registrovisitasusuario_visitasanio` (`registrovisitasusuario_id`, `visitasanio_id`) VALUES
(4, 45),
(4, 46),
(4, 47),
(5, 48),
(5, 49),
(5, 50);

-- --------------------------------------------------------

--
-- Table structure for table `registrovisitasusuario_visitasdia`
--

CREATE TABLE `registrovisitasusuario_visitasdia` (
  `registrovisitasusuario_id` int(11) NOT NULL,
  `visitasdia_id` int(11) NOT NULL
) ENGINE=InnoDB DEFAULT CHARSET=utf8 COLLATE=utf8_unicode_ci;

--
-- Dumping data for table `registrovisitasusuario_visitasdia`
--

INSERT INTO `registrovisitasusuario_visitasdia` (`registrovisitasusuario_id`, `visitasdia_id`) VALUES
(4, 8025),
(4, 8026),
(4, 8027),
(4, 8028),
(4, 8029),
(4, 8030),
(4, 8031),
(4, 8032),
(4, 8033),
(4, 8034),
(4, 8035),
(4, 8036),
(4, 8037),
(4, 8038),
(4, 8039),
(4, 8040),
(4, 8041),
(4, 8042),
(4, 8043),
(4, 8044),
(4, 8045),
(4, 8046),
(4, 8047),
(4, 8048),
(4, 8049),
(4, 8050),
(4, 8051),
(4, 8052),
(4, 8053),
(4, 8054),
(4, 8055),
(4, 8056),
(4, 8057),
(4, 8058),
(4, 8059),
(4, 8060),
(4, 8061),
(4, 8062),
(4, 8063),
(4, 8064),
(4, 8065),
(4, 8066),
(4, 8067),
(4, 8068),
(4, 8069),
(4, 8070),
(4, 8071),
(4, 8072),
(4, 8073),
(4, 8074),
(4, 8075),
(4, 8076),
(4, 8077),
(4, 8078),
(4, 8079),
(4, 8080),
(4, 8081),
(4, 8082),
(4, 8083),
(4, 8084),
(4, 8085),
(4, 8086),
(4, 8087),
(4, 8088),
(4, 8089),
(4, 8090),
(4, 8091),
(4, 8092),
(4, 8093),
(4, 8094),
(4, 8095),
(4, 8096),
(4, 8097),
(4, 8098),
(4, 8099),
(4, 8100),
(4, 8101),
(4, 8102),
(4, 8103),
(4, 8104),
(4, 8105),
(4, 8106),
(4, 8107),
(4, 8108),
(4, 8109),
(4, 8110),
(4, 8111),
(4, 8112),
(4, 8113),
(4, 8114),
(4, 8115),
(4, 8116),
(4, 8117),
(4, 8118),
(4, 8119),
(4, 8120),
(4, 8121),
(4, 8122),
(4, 8123),
(4, 8124),
(4, 8125),
(4, 8126),
(4, 8127),
(4, 8128),
(4, 8129),
(4, 8130),
(4, 8131),
(4, 8132),
(4, 8133),
(4, 8134),
(4, 8135),
(4, 8136),
(4, 8137),
(4, 8138),
(4, 8139),
(4, 8140),
(4, 8141),
(4, 8142),
(4, 8143),
(4, 8144),
(4, 8145),
(4, 8146),
(4, 8147),
(4, 8148),
(4, 8149),
(4, 8150),
(4, 8151),
(4, 8152),
(4, 8153),
(4, 8154),
(4, 8155),
(4, 8156),
(4, 8157),
(4, 8158),
(4, 8159),
(4, 8160),
(4, 8161),
(4, 8162),
(4, 8163),
(4, 8164),
(4, 8165),
(4, 8166),
(4, 8167),
(4, 8168),
(4, 8169),
(4, 8170),
(4, 8171),
(4, 8172),
(4, 8173),
(4, 8174),
(4, 8175),
(4, 8176),
(4, 8177),
(4, 8178),
(4, 8179),
(4, 8180),
(4, 8181),
(4, 8182),
(4, 8183),
(4, 8184),
(4, 8185),
(4, 8186),
(4, 8187),
(4, 8188),
(4, 8189),
(4, 8190),
(4, 8191),
(4, 8192),
(4, 8193),
(4, 8194),
(4, 8195),
(4, 8196),
(4, 8197),
(4, 8198),
(4, 8199),
(4, 8200),
(4, 8201),
(4, 8202),
(4, 8203),
(4, 8204),
(4, 8205),
(4, 8206),
(4, 8207),
(4, 8208),
(4, 8209),
(4, 8210),
(4, 8211),
(4, 8212),
(4, 8213),
(4, 8214),
(4, 8215),
(4, 8216),
(4, 8217),
(4, 8218),
(4, 8219),
(4, 8220),
(4, 8221),
(4, 8222),
(4, 8223),
(4, 8224),
(4, 8225),
(4, 8226),
(4, 8227),
(4, 8228),
(4, 8229),
(4, 8230),
(4, 8231),
(4, 8232),
(4, 8233),
(4, 8234),
(4, 8235),
(4, 8236),
(4, 8237),
(4, 8238),
(4, 8239),
(4, 8240),
(4, 8241),
(4, 8242),
(4, 8243),
(4, 8244),
(4, 8245),
(4, 8246),
(4, 8247),
(4, 8248),
(4, 8249),
(4, 8250),
(4, 8251),
(4, 8252),
(4, 8253),
(4, 8254),
(4, 8255),
(4, 8256),
(4, 8257),
(4, 8258),
(4, 8259),
(4, 8260),
(4, 8261),
(4, 8262),
(4, 8263),
(4, 8264),
(4, 8265),
(4, 8266),
(4, 8267),
(4, 8268),
(4, 8269),
(4, 8270),
(4, 8271),
(4, 8272),
(4, 8273),
(4, 8274),
(4, 8275),
(4, 8276),
(4, 8277),
(4, 8278),
(4, 8279),
(4, 8280),
(4, 8281),
(4, 8282),
(4, 8283),
(4, 8284),
(4, 8285),
(4, 8286),
(4, 8287),
(4, 8288),
(4, 8289),
(4, 8290),
(4, 8291),
(4, 8292),
(4, 8293),
(4, 8294),
(4, 8295),
(4, 8296),
(4, 8297),
(4, 8298),
(4, 8299),
(4, 8300),
(4, 8301),
(4, 8302),
(4, 8303),
(4, 8304),
(4, 8305),
(4, 8306),
(4, 8307),
(4, 8308),
(4, 8309),
(4, 8310),
(4, 8311),
(4, 8312),
(4, 8313),
(4, 8314),
(4, 8315),
(4, 8316),
(4, 8317),
(4, 8318),
(4, 8319),
(4, 8320),
(4, 8321),
(4, 8322),
(4, 8323),
(4, 8324),
(4, 8325),
(4, 8326),
(4, 8327),
(4, 8328),
(4, 8329),
(4, 8330),
(4, 8331),
(4, 8332),
(4, 8333),
(4, 8334),
(4, 8335),
(4, 8336),
(4, 8337),
(4, 8338),
(4, 8339),
(4, 8340),
(4, 8341),
(4, 8342),
(4, 8343),
(4, 8344),
(4, 8345),
(4, 8346),
(4, 8347),
(4, 8348),
(4, 8349),
(4, 8350),
(4, 8351),
(4, 8352),
(4, 8353),
(4, 8354),
(4, 8355),
(4, 8356),
(4, 8357),
(4, 8358),
(4, 8359),
(4, 8360),
(4, 8361),
(4, 8362),
(4, 8363),
(4, 8364),
(4, 8365),
(4, 8366),
(4, 8367),
(4, 8368),
(4, 8369),
(4, 8370),
(4, 8371),
(4, 8372),
(4, 8373),
(4, 8374),
(4, 8375),
(4, 8376),
(4, 8377),
(4, 8378),
(4, 8379),
(4, 8380),
(4, 8381),
(4, 8382),
(4, 8383),
(4, 8384),
(4, 8385),
(4, 8386),
(4, 8387),
(4, 8388),
(4, 8389),
(4, 8390),
(4, 8391),
(4, 8392),
(4, 8393),
(4, 8394),
(4, 8395),
(4, 8396),
(4, 8397),
(4, 8398),
(4, 8399),
(4, 8400),
(4, 8401),
(4, 8402),
(4, 8403),
(4, 8404),
(4, 8405),
(4, 8406),
(4, 8407),
(4, 8408),
(4, 8409),
(4, 8410),
(4, 8411),
(4, 8412),
(4, 8413),
(4, 8414),
(4, 8415),
(4, 8416),
(4, 8417),
(4, 8418),
(4, 8419),
(4, 8420),
(4, 8421),
(4, 8422),
(4, 8423),
(4, 8424),
(4, 8425),
(4, 8426),
(4, 8427),
(4, 8428),
(4, 8429),
(4, 8430),
(4, 8431),
(4, 8432),
(4, 8433),
(4, 8434),
(4, 8435),
(4, 8436),
(4, 8437),
(4, 8438),
(4, 8439),
(4, 8440),
(4, 8441),
(4, 8442),
(4, 8443),
(4, 8444),
(4, 8445),
(4, 8446),
(4, 8447),
(4, 8448),
(4, 8449),
(4, 8450),
(4, 8451),
(4, 8452),
(4, 8453),
(4, 8454),
(4, 8455),
(4, 8456),
(4, 8457),
(4, 8458),
(4, 8459),
(4, 8460),
(4, 8461),
(4, 8462),
(4, 8463),
(4, 8464),
(4, 8465),
(4, 8466),
(4, 8467),
(4, 8468),
(4, 8469),
(4, 8470),
(4, 8471),
(4, 8472),
(4, 8473),
(4, 8474),
(4, 8475),
(4, 8476),
(4, 8477),
(4, 8478),
(4, 8479),
(4, 8480),
(4, 8481),
(4, 8482),
(4, 8483),
(4, 8484),
(4, 8485),
(4, 8486),
(4, 8487),
(4, 8488),
(4, 8489),
(4, 8490),
(4, 8491),
(4, 8492),
(4, 8493),
(4, 8494),
(4, 8495),
(4, 8496),
(4, 8497),
(4, 8498),
(4, 8499),
(4, 8500),
(4, 8501),
(4, 8502),
(4, 8503),
(4, 8504),
(4, 8505),
(4, 8506),
(4, 8507),
(4, 8508),
(4, 8509),
(4, 8510),
(4, 8511),
(4, 8512),
(4, 8513),
(4, 8514),
(4, 8515),
(4, 8516),
(4, 8517),
(4, 8518),
(4, 8519),
(4, 8520),
(4, 8521),
(4, 8522),
(4, 8523),
(4, 8524),
(4, 8525),
(4, 8526),
(4, 8527),
(4, 8528),
(4, 8529),
(4, 8530),
(4, 8531),
(4, 8532),
(4, 8533),
(4, 8534),
(4, 8535),
(4, 8536),
(4, 8537),
(4, 8538),
(4, 8539),
(4, 8540),
(4, 8541),
(4, 8542),
(4, 8543),
(4, 8544),
(4, 8545),
(4, 8546),
(4, 8547),
(4, 8548),
(4, 8549),
(4, 8550),
(4, 8551),
(4, 8552),
(4, 8553),
(4, 8554),
(4, 8555),
(4, 8556),
(4, 8557),
(4, 8558),
(4, 8559),
(4, 8560),
(4, 8561),
(4, 8562),
(4, 8563),
(4, 8564),
(4, 8565),
(4, 8566),
(4, 8567),
(4, 8568),
(4, 8569),
(4, 8570),
(4, 8571),
(4, 8572),
(4, 8573),
(4, 8574),
(4, 8575),
(4, 8576),
(4, 8577),
(4, 8578),
(4, 8579),
(4, 8580),
(4, 8581),
(4, 8582),
(4, 8583),
(4, 8584),
(4, 8585),
(4, 8586),
(4, 8587),
(4, 8588),
(4, 8589),
(4, 8590),
(4, 8591),
(4, 8592),
(4, 8593),
(4, 8594),
(4, 8595),
(4, 8596),
(4, 8597),
(4, 8598),
(4, 8599),
(4, 8600),
(4, 8601),
(4, 8602),
(4, 8603),
(4, 8604),
(4, 8605),
(4, 8606),
(4, 8607),
(4, 8608),
(4, 8609),
(4, 8610),
(4, 8611),
(4, 8612),
(4, 8613),
(4, 8614),
(4, 8615),
(4, 8616),
(4, 8617),
(4, 8618),
(4, 8619),
(4, 8620),
(4, 8621),
(4, 8622),
(4, 8623),
(4, 8624),
(4, 8625),
(4, 8626),
(4, 8627),
(4, 8628),
(4, 8629),
(4, 8630),
(4, 8631),
(4, 8632),
(4, 8633),
(4, 8634),
(4, 8635),
(4, 8636),
(4, 8637),
(4, 8638),
(4, 8639),
(4, 8640),
(4, 8641),
(4, 8642),
(4, 8643),
(4, 8644),
(4, 8645),
(4, 8646),
(4, 8647),
(4, 8648),
(4, 8649),
(4, 8650),
(4, 8651),
(4, 8652),
(4, 8653),
(4, 8654),
(4, 8655),
(4, 8656),
(4, 8657),
(4, 8658),
(4, 8659),
(4, 8660),
(4, 8661),
(4, 8662),
(4, 8663),
(4, 8664),
(4, 8665),
(4, 8666),
(4, 8667),
(4, 8668),
(4, 8669),
(4, 8670),
(4, 8671),
(4, 8672),
(4, 8673),
(4, 8674),
(4, 8675),
(4, 8676),
(4, 8677),
(4, 8678),
(4, 8679),
(4, 8680),
(4, 8681),
(4, 8682),
(4, 8683),
(4, 8684),
(4, 8685),
(4, 8686),
(4, 8687),
(4, 8688),
(4, 8689),
(4, 8690),
(4, 8691),
(4, 8692),
(4, 8693),
(4, 8694),
(4, 8695),
(4, 8696),
(4, 8697),
(4, 8698),
(4, 8699),
(4, 8700),
(4, 8701),
(4, 8702),
(4, 8703),
(4, 8704),
(4, 8705),
(4, 8706),
(4, 8707),
(4, 8708),
(4, 8709),
(4, 8710),
(4, 8711),
(4, 8712),
(4, 8713),
(4, 8714),
(4, 8715),
(4, 8716),
(4, 8717),
(4, 8718),
(4, 8719),
(4, 8720),
(4, 8721),
(4, 8722),
(4, 8723),
(4, 8724),
(4, 8725),
(4, 8726),
(4, 8727),
(4, 8728),
(4, 8729),
(4, 8730),
(4, 8731),
(4, 8732),
(4, 8733),
(4, 8734),
(4, 8735),
(4, 8736),
(4, 8737),
(4, 8738),
(4, 8739),
(4, 8740),
(4, 8741),
(4, 8742),
(4, 8743),
(4, 8744),
(4, 8745),
(4, 8746),
(4, 8747),
(4, 8748),
(4, 8749),
(4, 8750),
(4, 8751),
(4, 8752),
(4, 8753),
(4, 8754),
(4, 8755),
(4, 8756),
(4, 8757),
(4, 8758),
(4, 8759),
(4, 8760),
(4, 8761),
(4, 8762),
(4, 8763),
(4, 8764),
(5, 8765),
(5, 8766),
(5, 8767),
(5, 8768),
(5, 8769),
(5, 8770),
(5, 8771),
(5, 8772),
(5, 8773),
(5, 8774),
(5, 8775),
(5, 8776),
(5, 8777),
(5, 8778),
(5, 8779),
(5, 8780),
(5, 8781),
(5, 8782),
(5, 8783),
(5, 8784),
(5, 8785),
(5, 8786),
(5, 8787),
(5, 8788),
(5, 8789),
(5, 8790),
(5, 8791),
(5, 8792),
(5, 8793),
(5, 8794),
(5, 8795),
(5, 8796),
(5, 8797),
(5, 8798),
(5, 8799),
(5, 8800),
(5, 8801),
(5, 8802),
(5, 8803),
(5, 8804),
(5, 8805),
(5, 8806),
(5, 8807),
(5, 8808),
(5, 8809),
(5, 8810),
(5, 8811),
(5, 8812),
(5, 8813),
(5, 8814),
(5, 8815),
(5, 8816),
(5, 8817),
(5, 8818),
(5, 8819),
(5, 8820),
(5, 8821),
(5, 8822),
(5, 8823),
(5, 8824),
(5, 8825),
(5, 8826),
(5, 8827),
(5, 8828),
(5, 8829),
(5, 8830),
(5, 8831),
(5, 8832),
(5, 8833),
(5, 8834),
(5, 8835),
(5, 8836),
(5, 8837),
(5, 8838),
(5, 8839),
(5, 8840),
(5, 8841),
(5, 8842),
(5, 8843),
(5, 8844),
(5, 8845),
(5, 8846),
(5, 8847),
(5, 8848),
(5, 8849),
(5, 8850),
(5, 8851),
(5, 8852),
(5, 8853),
(5, 8854),
(5, 8855),
(5, 8856),
(5, 8857),
(5, 8858),
(5, 8859),
(5, 8860),
(5, 8861),
(5, 8862),
(5, 8863),
(5, 8864),
(5, 8865),
(5, 8866),
(5, 8867),
(5, 8868),
(5, 8869),
(5, 8870),
(5, 8871),
(5, 8872),
(5, 8873),
(5, 8874),
(5, 8875),
(5, 8876),
(5, 8877),
(5, 8878),
(5, 8879),
(5, 8880),
(5, 8881),
(5, 8882),
(5, 8883),
(5, 8884),
(5, 8885),
(5, 8886),
(5, 8887),
(5, 8888),
(5, 8889),
(5, 8890),
(5, 8891),
(5, 8892),
(5, 8893),
(5, 8894),
(5, 8895),
(5, 8896),
(5, 8897),
(5, 8898),
(5, 8899),
(5, 8900),
(5, 8901),
(5, 8902),
(5, 8903),
(5, 8904),
(5, 8905),
(5, 8906),
(5, 8907),
(5, 8908),
(5, 8909),
(5, 8910),
(5, 8911),
(5, 8912),
(5, 8913),
(5, 8914),
(5, 8915),
(5, 8916),
(5, 8917),
(5, 8918),
(5, 8919),
(5, 8920),
(5, 8921),
(5, 8922),
(5, 8923),
(5, 8924),
(5, 8925),
(5, 8926),
(5, 8927),
(5, 8928),
(5, 8929),
(5, 8930),
(5, 8931),
(5, 8932),
(5, 8933),
(5, 8934),
(5, 8935),
(5, 8936),
(5, 8937),
(5, 8938),
(5, 8939),
(5, 8940),
(5, 8941),
(5, 8942),
(5, 8943),
(5, 8944),
(5, 8945),
(5, 8946),
(5, 8947),
(5, 8948),
(5, 8949),
(5, 8950),
(5, 8951),
(5, 8952),
(5, 8953),
(5, 8954),
(5, 8955),
(5, 8956),
(5, 8957),
(5, 8958),
(5, 8959),
(5, 8960),
(5, 8961),
(5, 8962),
(5, 8963),
(5, 8964),
(5, 8965),
(5, 8966),
(5, 8967),
(5, 8968),
(5, 8969),
(5, 8970),
(5, 8971),
(5, 8972),
(5, 8973),
(5, 8974),
(5, 8975),
(5, 8976),
(5, 8977),
(5, 8978),
(5, 8979),
(5, 8980),
(5, 8981),
(5, 8982),
(5, 8983),
(5, 8984),
(5, 8985),
(5, 8986),
(5, 8987),
(5, 8988),
(5, 8989),
(5, 8990),
(5, 8991),
(5, 8992),
(5, 8993),
(5, 8994),
(5, 8995),
(5, 8996),
(5, 8997),
(5, 8998),
(5, 8999),
(5, 9000),
(5, 9001),
(5, 9002),
(5, 9003),
(5, 9004),
(5, 9005),
(5, 9006),
(5, 9007),
(5, 9008),
(5, 9009),
(5, 9010),
(5, 9011),
(5, 9012),
(5, 9013),
(5, 9014),
(5, 9015),
(5, 9016),
(5, 9017),
(5, 9018),
(5, 9019),
(5, 9020),
(5, 9021),
(5, 9022),
(5, 9023),
(5, 9024),
(5, 9025),
(5, 9026),
(5, 9027),
(5, 9028),
(5, 9029),
(5, 9030),
(5, 9031),
(5, 9032),
(5, 9033),
(5, 9034),
(5, 9035),
(5, 9036),
(5, 9037),
(5, 9038),
(5, 9039),
(5, 9040),
(5, 9041),
(5, 9042),
(5, 9043),
(5, 9044),
(5, 9045),
(5, 9046),
(5, 9047),
(5, 9048),
(5, 9049),
(5, 9050),
(5, 9051),
(5, 9052),
(5, 9053),
(5, 9054),
(5, 9055),
(5, 9056),
(5, 9057),
(5, 9058),
(5, 9059),
(5, 9060),
(5, 9061),
(5, 9062),
(5, 9063),
(5, 9064),
(5, 9065),
(5, 9066),
(5, 9067),
(5, 9068),
(5, 9069),
(5, 9070),
(5, 9071),
(5, 9072),
(5, 9073),
(5, 9074),
(5, 9075),
(5, 9076),
(5, 9077),
(5, 9078),
(5, 9079),
(5, 9080),
(5, 9081),
(5, 9082),
(5, 9083),
(5, 9084),
(5, 9085),
(5, 9086),
(5, 9087),
(5, 9088),
(5, 9089),
(5, 9090),
(5, 9091),
(5, 9092),
(5, 9093),
(5, 9094),
(5, 9095),
(5, 9096),
(5, 9097),
(5, 9098),
(5, 9099),
(5, 9100),
(5, 9101),
(5, 9102),
(5, 9103),
(5, 9104),
(5, 9105),
(5, 9106),
(5, 9107),
(5, 9108),
(5, 9109),
(5, 9110),
(5, 9111),
(5, 9112),
(5, 9113),
(5, 9114),
(5, 9115),
(5, 9116),
(5, 9117),
(5, 9118),
(5, 9119),
(5, 9120),
(5, 9121),
(5, 9122),
(5, 9123),
(5, 9124),
(5, 9125),
(5, 9126),
(5, 9127),
(5, 9128),
(5, 9129),
(5, 9130),
(5, 9131),
(5, 9132),
(5, 9133),
(5, 9134),
(5, 9135),
(5, 9136),
(5, 9137),
(5, 9138),
(5, 9139),
(5, 9140),
(5, 9141),
(5, 9142),
(5, 9143),
(5, 9144),
(5, 9145),
(5, 9146),
(5, 9147),
(5, 9148),
(5, 9149),
(5, 9150),
(5, 9151),
(5, 9152),
(5, 9153),
(5, 9154),
(5, 9155),
(5, 9156),
(5, 9157),
(5, 9158),
(5, 9159),
(5, 9160),
(5, 9161),
(5, 9162),
(5, 9163),
(5, 9164),
(5, 9165),
(5, 9166),
(5, 9167),
(5, 9168),
(5, 9169),
(5, 9170),
(5, 9171),
(5, 9172),
(5, 9173),
(5, 9174),
(5, 9175),
(5, 9176),
(5, 9177),
(5, 9178),
(5, 9179),
(5, 9180),
(5, 9181),
(5, 9182),
(5, 9183),
(5, 9184),
(5, 9185),
(5, 9186),
(5, 9187),
(5, 9188),
(5, 9189),
(5, 9190),
(5, 9191),
(5, 9192),
(5, 9193),
(5, 9194),
(5, 9195),
(5, 9196),
(5, 9197),
(5, 9198),
(5, 9199),
(5, 9200),
(5, 9201),
(5, 9202),
(5, 9203),
(5, 9204),
(5, 9205),
(5, 9206),
(5, 9207),
(5, 9208),
(5, 9209),
(5, 9210),
(5, 9211),
(5, 9212),
(5, 9213),
(5, 9214),
(5, 9215),
(5, 9216),
(5, 9217),
(5, 9218),
(5, 9219),
(5, 9220),
(5, 9221),
(5, 9222),
(5, 9223),
(5, 9224),
(5, 9225),
(5, 9226),
(5, 9227),
(5, 9228),
(5, 9229),
(5, 9230),
(5, 9231),
(5, 9232),
(5, 9233),
(5, 9234),
(5, 9235),
(5, 9236),
(5, 9237),
(5, 9238),
(5, 9239),
(5, 9240),
(5, 9241),
(5, 9242),
(5, 9243),
(5, 9244),
(5, 9245),
(5, 9246),
(5, 9247),
(5, 9248),
(5, 9249),
(5, 9250),
(5, 9251),
(5, 9252),
(5, 9253),
(5, 9254),
(5, 9255),
(5, 9256),
(5, 9257),
(5, 9258),
(5, 9259),
(5, 9260),
(5, 9261),
(5, 9262),
(5, 9263),
(5, 9264),
(5, 9265),
(5, 9266),
(5, 9267),
(5, 9268),
(5, 9269),
(5, 9270),
(5, 9271),
(5, 9272),
(5, 9273),
(5, 9274),
(5, 9275),
(5, 9276),
(5, 9277),
(5, 9278),
(5, 9279),
(5, 9280),
(5, 9281),
(5, 9282),
(5, 9283),
(5, 9284),
(5, 9285),
(5, 9286),
(5, 9287),
(5, 9288),
(5, 9289),
(5, 9290),
(5, 9291),
(5, 9292),
(5, 9293),
(5, 9294),
(5, 9295),
(5, 9296),
(5, 9297),
(5, 9298),
(5, 9299),
(5, 9300),
(5, 9301),
(5, 9302),
(5, 9303),
(5, 9304),
(5, 9305),
(5, 9306),
(5, 9307),
(5, 9308),
(5, 9309),
(5, 9310),
(5, 9311),
(5, 9312),
(5, 9313),
(5, 9314),
(5, 9315),
(5, 9316),
(5, 9317),
(5, 9318),
(5, 9319),
(5, 9320),
(5, 9321),
(5, 9322),
(5, 9323),
(5, 9324),
(5, 9325),
(5, 9326),
(5, 9327),
(5, 9328),
(5, 9329),
(5, 9330),
(5, 9331),
(5, 9332),
(5, 9333),
(5, 9334),
(5, 9335),
(5, 9336),
(5, 9337),
(5, 9338),
(5, 9339),
(5, 9340),
(5, 9341),
(5, 9342),
(5, 9343),
(5, 9344),
(5, 9345),
(5, 9346),
(5, 9347),
(5, 9348),
(5, 9349),
(5, 9350),
(5, 9351),
(5, 9352),
(5, 9353),
(5, 9354),
(5, 9355),
(5, 9356),
(5, 9357),
(5, 9358),
(5, 9359),
(5, 9360),
(5, 9361),
(5, 9362),
(5, 9363),
(5, 9364),
(5, 9365),
(5, 9366),
(5, 9367),
(5, 9368),
(5, 9369),
(5, 9370),
(5, 9371),
(5, 9372),
(5, 9373),
(5, 9374),
(5, 9375),
(5, 9376),
(5, 9377),
(5, 9378),
(5, 9379),
(5, 9380),
(5, 9381),
(5, 9382),
(5, 9383),
(5, 9384),
(5, 9385),
(5, 9386),
(5, 9387),
(5, 9388),
(5, 9389),
(5, 9390),
(5, 9391),
(5, 9392),
(5, 9393),
(5, 9394),
(5, 9395),
(5, 9396),
(5, 9397),
(5, 9398),
(5, 9399),
(5, 9400),
(5, 9401),
(5, 9402),
(5, 9403),
(5, 9404),
(5, 9405),
(5, 9406),
(5, 9407),
(5, 9408),
(5, 9409),
(5, 9410),
(5, 9411),
(5, 9412),
(5, 9413),
(5, 9414),
(5, 9415),
(5, 9416),
(5, 9417),
(5, 9418),
(5, 9419),
(5, 9420),
(5, 9421),
(5, 9422),
(5, 9423),
(5, 9424),
(5, 9425),
(5, 9426),
(5, 9427),
(5, 9428),
(5, 9429),
(5, 9430),
(5, 9431),
(5, 9432),
(5, 9433),
(5, 9434),
(5, 9435),
(5, 9436),
(5, 9437),
(5, 9438),
(5, 9439),
(5, 9440),
(5, 9441),
(5, 9442),
(5, 9443),
(5, 9444),
(5, 9445),
(5, 9446),
(5, 9447),
(5, 9448),
(5, 9449),
(5, 9450),
(5, 9451),
(5, 9452),
(5, 9453),
(5, 9454),
(5, 9455),
(5, 9456),
(5, 9457),
(5, 9458),
(5, 9459),
(5, 9460),
(5, 9461),
(5, 9462),
(5, 9463),
(5, 9464),
(5, 9465),
(5, 9466),
(5, 9467),
(5, 9468),
(5, 9469),
(5, 9470),
(5, 9471),
(5, 9472),
(5, 9473),
(5, 9474),
(5, 9475),
(5, 9476),
(5, 9477),
(5, 9478),
(5, 9479),
(5, 9480),
(5, 9481),
(5, 9482),
(5, 9483),
(5, 9484),
(5, 9485),
(5, 9486),
(5, 9487),
(5, 9488),
(5, 9489),
(5, 9490),
(5, 9491),
(5, 9492),
(5, 9493),
(5, 9494),
(5, 9495),
(5, 9496),
(5, 9497),
(5, 9498),
(5, 9499),
(5, 9500),
(5, 9501),
(5, 9502),
(5, 9503),
(5, 9504);

-- --------------------------------------------------------

--
-- Table structure for table `registrovisitasusuario_visitasmes`
--

CREATE TABLE `registrovisitasusuario_visitasmes` (
  `registrovisitasusuario_id` int(11) NOT NULL,
  `visitasmes_id` int(11) NOT NULL
) ENGINE=InnoDB DEFAULT CHARSET=utf8 COLLATE=utf8_unicode_ci;

--
-- Dumping data for table `registrovisitasusuario_visitasmes`
--

INSERT INTO `registrovisitasusuario_visitasmes` (`registrovisitasusuario_id`, `visitasmes_id`) VALUES
(4, 397),
(4, 398),
(4, 399),
(4, 400),
(4, 401),
(4, 402),
(4, 403),
(4, 404),
(4, 405),
(4, 406),
(4, 407),
(4, 408),
(4, 409),
(4, 410),
(4, 411),
(4, 412),
(4, 413),
(4, 414),
(4, 415),
(4, 416),
(4, 417),
(4, 418),
(4, 419),
(4, 420),
(4, 421),
(5, 422),
(5, 423),
(5, 424),
(5, 425),
(5, 426),
(5, 427),
(5, 428),
(5, 429),
(5, 430),
(5, 431),
(5, 432),
(5, 433),
(5, 434),
(5, 435),
(5, 436),
(5, 437),
(5, 438),
(5, 439),
(5, 440),
(5, 441),
(5, 442),
(5, 443),
(5, 444),
(5, 445),
(5, 446);

-- --------------------------------------------------------

--
-- Table structure for table `registro_visitas_demanda`
--

CREATE TABLE `registro_visitas_demanda` (
  `id` int(11) NOT NULL,
  `demanda_id` int(11) DEFAULT NULL
) ENGINE=InnoDB DEFAULT CHARSET=utf8 COLLATE=utf8_unicode_ci;

--
-- Dumping data for table `registro_visitas_demanda`
--

INSERT INTO `registro_visitas_demanda` (`id`, `demanda_id`) VALUES
(5, 12);

-- --------------------------------------------------------

--
-- Table structure for table `Tipo`
--

CREATE TABLE `Tipo` (
  `id` int(11) NOT NULL,
  `nombre` varchar(255) COLLATE utf8_unicode_ci NOT NULL
) ENGINE=InnoDB DEFAULT CHARSET=utf8 COLLATE=utf8_unicode_ci;

--
-- Dumping data for table `Tipo`
--

INSERT INTO `Tipo` (`id`, `nombre`) VALUES
(1, 'Doctorado'),
(2, 'Tesis');

-- --------------------------------------------------------

--
-- Table structure for table `User`
--

CREATE TABLE `User` (
  `id` int(11) NOT NULL,
  `username` varchar(180) COLLATE utf8_unicode_ci NOT NULL,
  `username_canonical` varchar(180) COLLATE utf8_unicode_ci NOT NULL,
  `email` varchar(180) COLLATE utf8_unicode_ci NOT NULL,
  `email_canonical` varchar(180) COLLATE utf8_unicode_ci NOT NULL,
  `enabled` tinyint(1) NOT NULL,
  `salt` varchar(255) COLLATE utf8_unicode_ci DEFAULT NULL,
  `password` varchar(255) COLLATE utf8_unicode_ci NOT NULL,
  `last_login` datetime DEFAULT NULL,
  `confirmation_token` varchar(180) COLLATE utf8_unicode_ci DEFAULT NULL,
  `password_requested_at` datetime DEFAULT NULL,
  `roles` longtext COLLATE utf8_unicode_ci NOT NULL COMMENT '(DC2Type:array)'
) ENGINE=InnoDB DEFAULT CHARSET=utf8 COLLATE=utf8_unicode_ci;

--
-- Dumping data for table `User`
--

INSERT INTO `User` (`id`, `username`, `username_canonical`, `email`, `email_canonical`, `enabled`, `salt`, `password`, `last_login`, `confirmation_token`, `password_requested_at`, `roles`) VALUES
(1, 'adminuser', 'adminuser', 'pedro@correo.ugr.es', 'pedro@correo.ugr.es', 1, NULL, '$2y$13$RLrMHcOQ/Ri5kfS5lzPEJegexgFjIEmTXx8zHk4dZtLY3EICV9fsO', '2017-08-17 15:33:38', NULL, NULL, 'a:1:{i:0;s:16:"ROLE_SUPER_ADMIN";}'),
(2, 'lorenmanu', 'lorenmanu', 'lorenmanu@correo.ugr.es', 'lorenmanu@correo.ugr.es', 1, NULL, '$2y$13$u.Jj1JkSOClGWpvI7ojgxefbolt.eP5KiujtbbOBwsylwlm0lXGhm', '2017-08-17 14:52:52', NULL, NULL, 'a:0:{}');

-- --------------------------------------------------------

--
-- Table structure for table `VisitasAnio`
--

CREATE TABLE `VisitasAnio` (
  `id` int(11) NOT NULL,
  `anio` int(11) NOT NULL,
  `visitas` int(11) NOT NULL
) ENGINE=InnoDB DEFAULT CHARSET=utf8 COLLATE=utf8_unicode_ci;

--
-- Dumping data for table `VisitasAnio`
--

INSERT INTO `VisitasAnio` (`id`, `anio`, `visitas`) VALUES
(1, 2017, 1669),
(2, 2018, 3829),
(3, 2019, 2478),
(4, 2017, 47),
(5, 2018, 122),
(6, 2019, 98),
(7, 2017, 47),
(8, 2018, 122),
(9, 2019, 98),
(10, 2017, 47),
(11, 2018, 122),
(12, 2019, 98),
(13, 2017, 47),
(14, 2018, 122),
(15, 2019, 98),
(16, 2017, 46),
(17, 2018, 122),
(18, 2019, 99),
(19, 2017, 137),
(20, 2018, 365),
(21, 2019, 298),
(22, 2017, 46),
(23, 2018, 122),
(24, 2019, 99),
(25, 2017, 46),
(26, 2018, 122),
(27, 2019, 99),
(28, 2017, 137),
(29, 2018, 365),
(30, 2019, 298),
(31, 2017, 137),
(32, 2018, 365),
(33, 2019, 298),
(34, 2017, 137),
(35, 2018, 365),
(36, 2019, 298),
(37, 2016, 366),
(38, 2015, 145),
(39, 2017, 227),
(40, 2016, 366),
(41, 2015, 145),
(42, 2017, 406),
(43, 2018, 1094),
(44, 2019, 714),
(45, 2017, 408),
(46, 2018, 1095),
(47, 2019, 714),
(48, 2017, 274),
(49, 2018, 730),
(50, 2019, 476),
(51, 2017, 137),
(52, 2018, 365),
(53, 2019, 298),
(54, 2017, 137),
(55, 2018, 365),
(56, 2019, 298),
(57, 2017, 137),
(58, 2018, 365),
(59, 2019, 298);

-- --------------------------------------------------------

--
-- Table structure for table `VisitasDia`
--

CREATE TABLE `VisitasDia` (
  `id` int(11) NOT NULL,
  `dia` int(11) NOT NULL,
  `visitas` int(11) NOT NULL,
  `visitasMes_id` int(11) DEFAULT NULL
) ENGINE=InnoDB DEFAULT CHARSET=utf8 COLLATE=utf8_unicode_ci;

--
-- Dumping data for table `VisitasDia`
--

INSERT INTO `VisitasDia` (`id`, `dia`, `visitas`, `visitasMes_id`) VALUES
(1, 14, 2, 1),
(2, 16, 1, 1),
(3, 18, 3, 1),
(4, 20, 7, 1),
(5, 22, 7, 1),
(6, 24, 7, 1),
(7, 26, 7, 1),
(8, 28, 7, 1),
(9, 30, 7, 1),
(10, 1, 7, 2),
(11, 3, 7, 2),
(12, 5, 7, 2),
(13, 7, 7, 2),
(14, 9, 7, 2),
(15, 11, 7, 2),
(16, 13, 7, 2),
(17, 15, 7, 2),
(18, 17, 7, 2),
(19, 19, 7, 2),
(20, 21, 7, 2),
(21, 23, 7, 2),
(22, 25, 7, 2),
(23, 27, 7, 2),
(24, 29, 7, 2),
(25, 1, 7, 3),
(26, 3, 7, 3),
(27, 5, 7, 3),
(28, 7, 7, 3),
(29, 9, 7, 3),
(30, 11, 7, 3),
(31, 13, 7, 3),
(32, 15, 7, 3),
(33, 17, 7, 3),
(34, 19, 7, 3),
(35, 21, 7, 3),
(36, 23, 7, 3),
(37, 25, 7, 3),
(38, 27, 7, 3),
(39, 29, 7, 3),
(40, 31, 7, 3),
(41, 2, 7, 4),
(42, 4, 7, 4),
(43, 6, 7, 4),
(44, 8, 7, 4),
(45, 10, 7, 4),
(46, 12, 7, 4),
(47, 14, 7, 4),
(48, 16, 7, 4),
(49, 18, 7, 4),
(50, 20, 7, 4),
(51, 22, 7, 4),
(52, 24, 7, 4),
(53, 26, 7, 4),
(54, 28, 7, 4),
(55, 30, 7, 4),
(56, 2, 7, 5),
(57, 4, 7, 5),
(58, 6, 7, 5),
(59, 8, 7, 5),
(60, 10, 7, 5),
(61, 12, 7, 5),
(62, 14, 7, 5),
(63, 16, 7, 5),
(64, 18, 7, 5),
(65, 20, 7, 5),
(66, 22, 7, 5),
(67, 24, 7, 5),
(68, 26, 7, 5),
(69, 28, 7, 5),
(70, 30, 7, 5),
(71, 1, 7, 6),
(72, 3, 7, 6),
(73, 5, 7, 6),
(74, 7, 7, 6),
(75, 9, 7, 6),
(76, 11, 7, 6),
(77, 13, 7, 6),
(78, 15, 7, 6),
(79, 17, 7, 6),
(80, 19, 7, 6),
(81, 21, 7, 6),
(82, 23, 7, 6),
(83, 25, 7, 6),
(84, 27, 7, 6),
(85, 29, 7, 6),
(86, 31, 7, 6),
(87, 2, 7, 7),
(88, 4, 7, 7),
(89, 6, 7, 7),
(90, 8, 7, 7),
(91, 10, 7, 7),
(92, 12, 7, 7),
(93, 14, 7, 7),
(94, 16, 7, 7),
(95, 18, 7, 7),
(96, 20, 7, 7),
(97, 22, 7, 7),
(98, 24, 7, 7),
(99, 26, 7, 7),
(100, 28, 7, 7),
(101, 2, 7, 8),
(102, 4, 7, 8),
(103, 6, 7, 8),
(104, 8, 7, 8),
(105, 10, 7, 8),
(106, 12, 7, 8),
(107, 14, 7, 8),
(108, 16, 7, 8),
(109, 18, 7, 8),
(110, 20, 7, 8),
(111, 22, 7, 8),
(112, 24, 7, 8),
(113, 26, 7, 8),
(114, 28, 7, 8),
(115, 30, 7, 8),
(116, 1, 7, 9),
(117, 3, 7, 9),
(118, 5, 7, 9),
(119, 7, 7, 9),
(120, 9, 7, 9),
(121, 11, 7, 9),
(122, 13, 7, 9),
(123, 15, 7, 9),
(124, 17, 7, 9),
(125, 19, 7, 9),
(126, 21, 7, 9),
(127, 23, 7, 9),
(128, 25, 7, 9),
(129, 27, 7, 9),
(130, 29, 7, 9),
(131, 1, 7, 10),
(132, 3, 7, 10),
(133, 5, 7, 10),
(134, 7, 7, 10),
(135, 9, 7, 10),
(136, 11, 7, 10),
(137, 13, 7, 10),
(138, 15, 7, 10),
(139, 17, 7, 10),
(140, 19, 7, 10),
(141, 21, 7, 10),
(142, 23, 7, 10),
(143, 25, 7, 10),
(144, 27, 7, 10),
(145, 29, 7, 10),
(146, 31, 7, 10),
(147, 2, 7, 11),
(148, 4, 7, 11),
(149, 6, 7, 11),
(150, 8, 7, 11),
(151, 10, 7, 11),
(152, 12, 7, 11),
(153, 14, 7, 11),
(154, 16, 7, 11),
(155, 18, 7, 11),
(156, 20, 7, 11),
(157, 22, 7, 11),
(158, 24, 7, 11),
(159, 26, 7, 11),
(160, 28, 7, 11),
(161, 30, 7, 11),
(162, 2, 7, 12),
(163, 4, 7, 12),
(164, 6, 7, 12),
(165, 8, 7, 12),
(166, 10, 7, 12),
(167, 12, 7, 12),
(168, 14, 7, 12),
(169, 16, 7, 12),
(170, 18, 7, 12),
(171, 20, 7, 12),
(172, 22, 7, 12),
(173, 24, 7, 12),
(174, 26, 7, 12),
(175, 28, 7, 12),
(176, 30, 7, 12),
(177, 1, 7, 13),
(178, 3, 7, 13),
(179, 5, 7, 13),
(180, 7, 7, 13),
(181, 9, 7, 13),
(182, 11, 7, 13),
(183, 13, 7, 13),
(184, 15, 7, 13),
(185, 17, 7, 13),
(186, 19, 7, 13),
(187, 21, 7, 13),
(188, 23, 7, 13),
(189, 25, 7, 13),
(190, 27, 7, 13),
(191, 29, 7, 13),
(192, 31, 7, 13),
(193, 2, 7, 14),
(194, 4, 7, 14),
(195, 6, 7, 14),
(196, 8, 7, 14),
(197, 10, 7, 14),
(198, 12, 7, 14),
(199, 14, 7, 14),
(200, 16, 7, 14),
(201, 18, 7, 14),
(202, 20, 7, 14),
(203, 22, 7, 14),
(204, 24, 7, 14),
(205, 26, 7, 14),
(206, 28, 7, 14),
(207, 30, 7, 14),
(208, 2, 7, 15),
(209, 4, 7, 15),
(210, 6, 7, 15),
(211, 8, 7, 15),
(212, 10, 7, 15),
(213, 12, 7, 15),
(214, 14, 7, 15),
(215, 16, 7, 15),
(216, 18, 7, 15),
(217, 20, 7, 15),
(218, 22, 7, 15),
(219, 24, 7, 15),
(220, 26, 7, 15),
(221, 28, 7, 15),
(222, 30, 7, 15),
(223, 1, 7, 16),
(224, 3, 7, 16),
(225, 5, 7, 16),
(226, 7, 7, 16),
(227, 9, 7, 16),
(228, 11, 7, 16),
(229, 13, 7, 16),
(230, 15, 7, 16),
(231, 17, 7, 16),
(232, 19, 7, 16),
(233, 21, 7, 16),
(234, 23, 7, 16),
(235, 25, 7, 16),
(236, 27, 7, 16),
(237, 29, 7, 16),
(238, 1, 7, 17),
(239, 3, 7, 17),
(240, 5, 7, 17),
(241, 7, 7, 17),
(242, 9, 7, 17),
(243, 11, 7, 17),
(244, 13, 7, 17),
(245, 15, 7, 17),
(246, 17, 7, 17),
(247, 19, 7, 17),
(248, 21, 7, 17),
(249, 23, 7, 17),
(250, 25, 7, 17),
(251, 27, 7, 17),
(252, 29, 7, 17),
(253, 31, 7, 17),
(254, 2, 7, 18),
(255, 4, 7, 18),
(256, 6, 7, 18),
(257, 8, 7, 18),
(258, 10, 7, 18),
(259, 12, 7, 18),
(260, 14, 7, 18),
(261, 16, 7, 18),
(262, 18, 7, 18),
(263, 20, 7, 18),
(264, 22, 7, 18),
(265, 24, 7, 18),
(266, 26, 7, 18),
(267, 28, 7, 18),
(268, 30, 7, 18),
(269, 1, 7, 19),
(270, 3, 7, 19),
(271, 5, 7, 19),
(272, 7, 7, 19),
(273, 9, 7, 19),
(274, 11, 7, 19),
(275, 13, 7, 19),
(276, 15, 7, 19),
(277, 17, 7, 19),
(278, 19, 7, 19),
(279, 21, 7, 19),
(280, 23, 7, 19),
(281, 25, 7, 19),
(282, 27, 7, 19),
(283, 1, 7, 20),
(284, 3, 7, 20),
(285, 5, 7, 20),
(286, 7, 7, 20),
(287, 9, 7, 20),
(288, 11, 7, 20),
(289, 13, 7, 20),
(290, 15, 7, 20),
(291, 17, 7, 20),
(292, 19, 7, 20),
(293, 21, 7, 20),
(294, 23, 7, 20),
(295, 25, 7, 20),
(296, 27, 7, 20),
(297, 29, 7, 20),
(298, 31, 7, 20),
(299, 2, 7, 21),
(300, 4, 7, 21),
(301, 6, 7, 21),
(302, 8, 7, 21),
(303, 10, 7, 21),
(304, 12, 7, 21),
(305, 14, 7, 21),
(306, 16, 7, 21),
(307, 18, 7, 21),
(308, 20, 7, 21),
(309, 22, 7, 21),
(310, 24, 7, 21),
(311, 26, 7, 21),
(312, 28, 7, 21),
(313, 30, 7, 21),
(314, 2, 7, 22),
(315, 4, 7, 22),
(316, 6, 7, 22),
(317, 8, 7, 22),
(318, 10, 7, 22),
(319, 12, 7, 22),
(320, 14, 7, 22),
(321, 16, 7, 22),
(322, 18, 7, 22),
(323, 20, 7, 22),
(324, 22, 7, 22),
(325, 24, 7, 22),
(326, 26, 7, 22),
(327, 28, 7, 22),
(328, 30, 7, 22),
(329, 1, 7, 23),
(330, 3, 7, 23),
(331, 5, 7, 23),
(332, 7, 7, 23),
(333, 9, 7, 23),
(334, 11, 7, 23),
(335, 13, 7, 23),
(336, 15, 7, 23),
(337, 17, 7, 23),
(338, 19, 7, 23),
(339, 21, 7, 23),
(340, 23, 7, 23),
(341, 25, 7, 23),
(342, 27, 7, 23),
(343, 29, 7, 23),
(344, 1, 7, 24),
(345, 3, 7, 24),
(346, 5, 7, 24),
(347, 7, 7, 24),
(348, 9, 7, 24),
(349, 11, 7, 24),
(350, 13, 7, 24),
(351, 15, 7, 24),
(352, 17, 7, 24),
(353, 19, 7, 24),
(354, 21, 7, 24),
(355, 23, 7, 24),
(356, 25, 7, 24),
(357, 27, 7, 24),
(358, 29, 7, 24),
(359, 31, 7, 24),
(360, 2, 7, 25),
(361, 4, 7, 25),
(362, 6, 7, 25),
(363, 8, 7, 25),
(364, 10, 7, 25),
(365, 12, 7, 25),
(366, 14, 7, 25),
(367, 16, 7, 25),
(368, 18, 7, 25),
(369, 20, 7, 25),
(370, 15, 9, 1),
(371, 17, 8, 1),
(372, 19, 14, 1),
(373, 21, 14, 1),
(374, 23, 14, 1),
(375, 25, 14, 1),
(376, 27, 14, 1),
(377, 29, 14, 1),
(378, 31, 14, 1),
(379, 2, 14, 2),
(380, 4, 14, 2),
(381, 6, 14, 2),
(382, 8, 14, 2),
(383, 10, 14, 2),
(384, 12, 14, 2),
(385, 14, 14, 2),
(386, 16, 14, 2),
(387, 18, 14, 2),
(388, 20, 14, 2),
(389, 22, 14, 2),
(390, 24, 14, 2),
(391, 26, 14, 2),
(392, 28, 14, 2),
(393, 30, 14, 2),
(394, 2, 14, 3),
(395, 4, 14, 3),
(396, 6, 14, 3),
(397, 8, 14, 3),
(398, 10, 14, 3),
(399, 12, 14, 3),
(400, 14, 14, 3),
(401, 16, 14, 3),
(402, 18, 14, 3),
(403, 20, 14, 3),
(404, 22, 14, 3),
(405, 24, 14, 3),
(406, 26, 14, 3),
(407, 28, 14, 3),
(408, 30, 14, 3),
(409, 1, 14, 4),
(410, 3, 14, 4),
(411, 5, 14, 4),
(412, 7, 14, 4),
(413, 9, 14, 4),
(414, 11, 14, 4),
(415, 13, 14, 4),
(416, 15, 14, 4),
(417, 17, 14, 4),
(418, 19, 14, 4),
(419, 21, 14, 4),
(420, 23, 14, 4),
(421, 25, 14, 4),
(422, 27, 14, 4),
(423, 29, 14, 4),
(424, 1, 14, 5),
(425, 3, 14, 5),
(426, 5, 14, 5),
(427, 7, 14, 5),
(428, 9, 14, 5),
(429, 11, 14, 5),
(430, 13, 14, 5),
(431, 15, 14, 5),
(432, 17, 14, 5),
(433, 19, 14, 5),
(434, 21, 14, 5),
(435, 23, 14, 5),
(436, 25, 14, 5),
(437, 27, 14, 5),
(438, 29, 14, 5),
(439, 31, 14, 5),
(440, 2, 14, 6),
(441, 4, 14, 6),
(442, 6, 14, 6),
(443, 8, 14, 6),
(444, 10, 14, 6),
(445, 12, 14, 6),
(446, 14, 14, 6),
(447, 16, 14, 6),
(448, 18, 14, 6),
(449, 20, 14, 6),
(450, 22, 14, 6),
(451, 24, 14, 6),
(452, 26, 14, 6),
(453, 28, 14, 6),
(454, 30, 14, 6),
(455, 1, 14, 7),
(456, 3, 14, 7),
(457, 5, 14, 7),
(458, 7, 14, 7),
(459, 9, 14, 7),
(460, 11, 14, 7),
(461, 13, 14, 7),
(462, 15, 14, 7),
(463, 17, 14, 7),
(464, 19, 14, 7),
(465, 21, 14, 7),
(466, 23, 14, 7),
(467, 25, 14, 7),
(468, 27, 14, 7),
(469, 1, 14, 8),
(470, 3, 14, 8),
(471, 5, 14, 8),
(472, 7, 14, 8),
(473, 9, 14, 8),
(474, 11, 14, 8),
(475, 13, 14, 8),
(476, 15, 14, 8),
(477, 17, 14, 8),
(478, 19, 14, 8),
(479, 21, 14, 8),
(480, 23, 14, 8),
(481, 25, 14, 8),
(482, 27, 14, 8),
(483, 29, 14, 8),
(484, 31, 14, 8),
(485, 2, 14, 9),
(486, 4, 14, 9),
(487, 6, 14, 9),
(488, 8, 14, 9),
(489, 10, 14, 9),
(490, 12, 14, 9),
(491, 14, 14, 9),
(492, 16, 14, 9),
(493, 18, 14, 9),
(494, 20, 14, 9),
(495, 22, 14, 9),
(496, 24, 14, 9),
(497, 26, 14, 9),
(498, 28, 14, 9),
(499, 30, 14, 9),
(500, 2, 14, 10),
(501, 4, 14, 10),
(502, 6, 14, 10),
(503, 8, 14, 10),
(504, 10, 14, 10),
(505, 12, 14, 10),
(506, 14, 14, 10),
(507, 16, 14, 10),
(508, 18, 14, 10),
(509, 20, 14, 10),
(510, 22, 14, 10),
(511, 24, 14, 10),
(512, 26, 14, 10),
(513, 28, 14, 10),
(514, 30, 14, 10),
(515, 1, 14, 11),
(516, 3, 14, 11),
(517, 5, 14, 11),
(518, 7, 14, 11),
(519, 9, 14, 11),
(520, 11, 14, 11),
(521, 13, 14, 11),
(522, 15, 14, 11),
(523, 17, 14, 11),
(524, 19, 14, 11),
(525, 21, 14, 11),
(526, 23, 14, 11),
(527, 25, 14, 11),
(528, 27, 14, 11),
(529, 29, 14, 11),
(530, 1, 14, 12),
(531, 3, 14, 12),
(532, 5, 14, 12),
(533, 7, 14, 12),
(534, 9, 14, 12),
(535, 11, 14, 12),
(536, 13, 14, 12),
(537, 15, 14, 12),
(538, 17, 14, 12),
(539, 19, 14, 12),
(540, 21, 14, 12),
(541, 23, 14, 12),
(542, 25, 14, 12),
(543, 27, 14, 12),
(544, 29, 14, 12),
(545, 31, 14, 12),
(546, 2, 14, 13),
(547, 4, 14, 13),
(548, 6, 14, 13),
(549, 8, 14, 13),
(550, 10, 14, 13),
(551, 12, 14, 13),
(552, 14, 14, 13),
(553, 16, 14, 13),
(554, 18, 14, 13),
(555, 20, 14, 13),
(556, 22, 14, 13),
(557, 24, 14, 13),
(558, 26, 14, 13),
(559, 28, 14, 13),
(560, 30, 14, 13),
(561, 1, 14, 14),
(562, 3, 14, 14),
(563, 5, 14, 14),
(564, 7, 14, 14),
(565, 9, 14, 14),
(566, 11, 14, 14),
(567, 13, 14, 14),
(568, 15, 14, 14),
(569, 17, 14, 14),
(570, 19, 14, 14),
(571, 21, 14, 14),
(572, 23, 14, 14),
(573, 25, 14, 14),
(574, 27, 14, 14),
(575, 29, 14, 14),
(576, 1, 14, 15),
(577, 3, 14, 15),
(578, 5, 14, 15),
(579, 7, 14, 15),
(580, 9, 14, 15),
(581, 11, 14, 15),
(582, 13, 14, 15),
(583, 15, 14, 15),
(584, 17, 14, 15),
(585, 19, 14, 15),
(586, 21, 14, 15),
(587, 23, 14, 15),
(588, 25, 14, 15),
(589, 27, 14, 15),
(590, 29, 14, 15),
(591, 31, 14, 15),
(592, 2, 14, 16),
(593, 4, 14, 16),
(594, 6, 14, 16),
(595, 8, 14, 16),
(596, 10, 14, 16),
(597, 12, 14, 16),
(598, 14, 14, 16),
(599, 16, 14, 16),
(600, 18, 14, 16),
(601, 20, 14, 16),
(602, 22, 14, 16),
(603, 24, 14, 16),
(604, 26, 14, 16),
(605, 28, 14, 16),
(606, 30, 14, 16),
(607, 2, 14, 17),
(608, 4, 14, 17),
(609, 6, 14, 17),
(610, 8, 14, 17),
(611, 10, 14, 17),
(612, 12, 14, 17),
(613, 14, 14, 17),
(614, 16, 14, 17),
(615, 18, 14, 17),
(616, 20, 14, 17),
(617, 22, 14, 17),
(618, 24, 14, 17),
(619, 26, 14, 17),
(620, 28, 14, 17),
(621, 30, 14, 17),
(622, 1, 14, 18),
(623, 3, 14, 18),
(624, 5, 14, 18),
(625, 7, 14, 18),
(626, 9, 14, 18),
(627, 11, 14, 18),
(628, 13, 14, 18),
(629, 15, 14, 18),
(630, 17, 14, 18),
(631, 19, 14, 18),
(632, 21, 14, 18),
(633, 23, 14, 18),
(634, 25, 14, 18),
(635, 27, 14, 18),
(636, 29, 14, 18),
(637, 31, 14, 18),
(638, 2, 14, 19),
(639, 4, 14, 19),
(640, 6, 14, 19),
(641, 8, 14, 19),
(642, 10, 14, 19),
(643, 12, 14, 19),
(644, 14, 14, 19),
(645, 16, 14, 19),
(646, 18, 14, 19),
(647, 20, 14, 19),
(648, 22, 14, 19),
(649, 24, 14, 19),
(650, 26, 14, 19),
(651, 28, 14, 19),
(652, 2, 14, 20),
(653, 4, 14, 20),
(654, 6, 14, 20),
(655, 8, 14, 20),
(656, 10, 14, 20),
(657, 12, 14, 20),
(658, 14, 14, 20),
(659, 16, 14, 20),
(660, 18, 14, 20),
(661, 20, 14, 20),
(662, 22, 14, 20),
(663, 24, 14, 20),
(664, 26, 14, 20),
(665, 28, 14, 20),
(666, 30, 14, 20),
(667, 1, 14, 21),
(668, 3, 14, 21),
(669, 5, 14, 21),
(670, 7, 14, 21),
(671, 9, 14, 21),
(672, 11, 14, 21),
(673, 13, 14, 21),
(674, 15, 14, 21),
(675, 17, 14, 21),
(676, 19, 14, 21),
(677, 21, 14, 21),
(678, 23, 14, 21),
(679, 25, 14, 21),
(680, 27, 14, 21),
(681, 29, 14, 21),
(682, 1, 14, 22),
(683, 3, 14, 22),
(684, 5, 14, 22),
(685, 7, 14, 22),
(686, 9, 14, 22),
(687, 11, 14, 22),
(688, 13, 14, 22),
(689, 15, 14, 22),
(690, 17, 14, 22),
(691, 19, 14, 22),
(692, 21, 14, 22),
(693, 23, 14, 22),
(694, 25, 14, 22),
(695, 27, 14, 22),
(696, 29, 14, 22),
(697, 31, 14, 22),
(698, 2, 14, 23),
(699, 4, 14, 23),
(700, 6, 14, 23),
(701, 8, 14, 23),
(702, 10, 14, 23),
(703, 12, 14, 23),
(704, 14, 14, 23),
(705, 16, 14, 23),
(706, 18, 14, 23),
(707, 20, 14, 23),
(708, 22, 14, 23),
(709, 24, 14, 23),
(710, 26, 14, 23),
(711, 28, 14, 23),
(712, 30, 14, 23),
(713, 2, 14, 24),
(714, 4, 14, 24),
(715, 6, 14, 24),
(716, 8, 14, 24),
(717, 10, 14, 24),
(718, 12, 14, 24),
(719, 14, 14, 24),
(720, 16, 14, 24),
(721, 18, 14, 24),
(722, 20, 14, 24),
(723, 22, 14, 24),
(724, 24, 14, 24),
(725, 26, 14, 24),
(726, 28, 14, 24),
(727, 30, 14, 24),
(728, 1, 14, 25),
(729, 3, 14, 25),
(730, 5, 14, 25),
(731, 7, 14, 25),
(732, 9, 14, 25),
(733, 11, 14, 25),
(734, 13, 14, 25),
(735, 15, 14, 25),
(736, 17, 14, 25),
(737, 19, 14, 25),
(738, 21, 14, 25),
(739, 13, 1, 26),
(740, 16, 1, 26),
(741, 19, 1, 26),
(742, 22, 1, 26),
(743, 25, 1, 26),
(744, 28, 1, 26),
(745, 31, 1, 26),
(746, 3, 1, 27),
(747, 6, 1, 27),
(748, 9, 1, 27),
(749, 12, 1, 27),
(750, 15, 1, 27),
(751, 18, 1, 27),
(752, 21, 1, 27),
(753, 24, 1, 27),
(754, 27, 1, 27),
(755, 30, 1, 27),
(756, 3, 1, 28),
(757, 6, 1, 28),
(758, 9, 1, 28),
(759, 12, 1, 28),
(760, 15, 1, 28),
(761, 18, 1, 28),
(762, 21, 1, 28),
(763, 24, 1, 28),
(764, 27, 1, 28),
(765, 30, 1, 28),
(766, 2, 1, 29),
(767, 5, 1, 29),
(768, 8, 1, 29),
(769, 11, 1, 29),
(770, 14, 1, 29),
(771, 17, 1, 29),
(772, 20, 1, 29),
(773, 23, 1, 29),
(774, 26, 1, 29),
(775, 29, 1, 29),
(776, 2, 1, 30),
(777, 5, 1, 30),
(778, 8, 1, 30),
(779, 11, 1, 30),
(780, 14, 1, 30),
(781, 17, 1, 30),
(782, 20, 1, 30),
(783, 23, 1, 30),
(784, 26, 1, 30),
(785, 29, 1, 30),
(786, 1, 1, 31),
(787, 4, 1, 31),
(788, 7, 1, 31),
(789, 10, 1, 31),
(790, 13, 1, 31),
(791, 16, 1, 31),
(792, 19, 1, 31),
(793, 22, 1, 31),
(794, 25, 1, 31),
(795, 28, 1, 31),
(796, 31, 1, 31),
(797, 3, 1, 32),
(798, 6, 1, 32),
(799, 9, 1, 32),
(800, 12, 1, 32),
(801, 15, 1, 32),
(802, 18, 1, 32),
(803, 21, 1, 32),
(804, 24, 1, 32),
(805, 27, 1, 32),
(806, 2, 1, 33),
(807, 5, 1, 33),
(808, 8, 1, 33),
(809, 11, 1, 33),
(810, 14, 1, 33),
(811, 17, 1, 33),
(812, 20, 1, 33),
(813, 23, 1, 33),
(814, 26, 1, 33),
(815, 29, 1, 33),
(816, 1, 1, 34),
(817, 4, 1, 34),
(818, 7, 1, 34),
(819, 10, 1, 34),
(820, 13, 1, 34),
(821, 16, 1, 34),
(822, 19, 1, 34),
(823, 22, 1, 34),
(824, 25, 1, 34),
(825, 28, 1, 34),
(826, 1, 1, 35),
(827, 4, 1, 35),
(828, 7, 1, 35),
(829, 10, 1, 35),
(830, 13, 1, 35),
(831, 16, 1, 35),
(832, 19, 1, 35),
(833, 22, 1, 35),
(834, 25, 1, 35),
(835, 28, 1, 35),
(836, 31, 1, 35),
(837, 3, 1, 36),
(838, 6, 1, 36),
(839, 9, 1, 36),
(840, 12, 1, 36),
(841, 15, 1, 36),
(842, 18, 1, 36),
(843, 21, 1, 36),
(844, 24, 1, 36),
(845, 27, 1, 36),
(846, 30, 1, 36),
(847, 3, 1, 37),
(848, 6, 1, 37),
(849, 9, 1, 37),
(850, 12, 1, 37),
(851, 15, 1, 37),
(852, 18, 1, 37),
(853, 21, 1, 37),
(854, 24, 1, 37),
(855, 27, 1, 37),
(856, 30, 1, 37),
(857, 2, 1, 38),
(858, 5, 1, 38),
(859, 8, 1, 38),
(860, 11, 1, 38),
(861, 14, 1, 38),
(862, 17, 1, 38),
(863, 20, 1, 38),
(864, 23, 1, 38),
(865, 26, 1, 38),
(866, 29, 1, 38),
(867, 1, 1, 39),
(868, 4, 1, 39),
(869, 7, 1, 39),
(870, 10, 1, 39),
(871, 13, 1, 39),
(872, 16, 1, 39),
(873, 19, 1, 39),
(874, 22, 1, 39),
(875, 25, 1, 39),
(876, 28, 1, 39),
(877, 1, 1, 40),
(878, 4, 1, 40),
(879, 7, 1, 40),
(880, 10, 1, 40),
(881, 13, 1, 40),
(882, 16, 1, 40),
(883, 19, 1, 40),
(884, 22, 1, 40),
(885, 25, 1, 40),
(886, 28, 1, 40),
(887, 31, 1, 40),
(888, 3, 1, 41),
(889, 6, 1, 41),
(890, 9, 1, 41),
(891, 12, 1, 41),
(892, 15, 1, 41),
(893, 18, 1, 41),
(894, 21, 1, 41),
(895, 24, 1, 41),
(896, 27, 1, 41),
(897, 30, 1, 41),
(898, 3, 1, 42),
(899, 6, 1, 42),
(900, 9, 1, 42),
(901, 12, 1, 42),
(902, 15, 1, 42),
(903, 18, 1, 42),
(904, 21, 1, 42),
(905, 24, 1, 42),
(906, 27, 1, 42),
(907, 30, 1, 42),
(908, 2, 1, 43),
(909, 5, 1, 43),
(910, 8, 1, 43),
(911, 11, 1, 43),
(912, 14, 1, 43),
(913, 17, 1, 43),
(914, 20, 1, 43),
(915, 23, 1, 43),
(916, 26, 1, 43),
(917, 29, 1, 43),
(918, 1, 1, 44),
(919, 4, 1, 44),
(920, 7, 1, 44),
(921, 10, 1, 44),
(922, 13, 1, 44),
(923, 16, 1, 44),
(924, 19, 1, 44),
(925, 22, 1, 44),
(926, 25, 1, 44),
(927, 28, 1, 44),
(928, 3, 1, 45),
(929, 6, 1, 45),
(930, 9, 1, 45),
(931, 12, 1, 45),
(932, 15, 1, 45),
(933, 18, 1, 45),
(934, 21, 1, 45),
(935, 24, 1, 45),
(936, 27, 1, 45),
(937, 30, 1, 45),
(938, 2, 1, 46),
(939, 5, 1, 46),
(940, 8, 1, 46),
(941, 11, 1, 46),
(942, 14, 1, 46),
(943, 17, 1, 46),
(944, 20, 1, 46),
(945, 23, 1, 46),
(946, 26, 1, 46),
(947, 29, 1, 46),
(948, 2, 1, 47),
(949, 5, 1, 47),
(950, 8, 1, 47),
(951, 11, 1, 47),
(952, 14, 1, 47),
(953, 17, 1, 47),
(954, 20, 1, 47),
(955, 23, 1, 47),
(956, 26, 1, 47),
(957, 29, 1, 47),
(958, 1, 1, 48),
(959, 4, 1, 48),
(960, 7, 1, 48),
(961, 10, 1, 48),
(962, 13, 1, 48),
(963, 16, 1, 48),
(964, 19, 1, 48),
(965, 22, 1, 48),
(966, 25, 1, 48),
(967, 28, 1, 48),
(968, 1, 1, 49),
(969, 4, 1, 49),
(970, 7, 1, 49),
(971, 10, 1, 49),
(972, 13, 1, 49),
(973, 16, 1, 49),
(974, 19, 1, 49),
(975, 22, 1, 49),
(976, 25, 1, 49),
(977, 28, 1, 49),
(978, 31, 1, 49),
(979, 3, 1, 50),
(980, 6, 1, 50),
(981, 9, 1, 50),
(982, 12, 1, 50),
(983, 15, 1, 50),
(984, 18, 1, 50),
(985, 21, 1, 50),
(986, 24, 1, 50),
(987, 27, 1, 50),
(988, 30, 1, 50),
(989, 2, 1, 51),
(990, 5, 1, 51),
(991, 8, 1, 51),
(992, 11, 1, 51),
(993, 14, 1, 51),
(994, 17, 1, 51),
(995, 20, 1, 51),
(996, 23, 1, 51),
(997, 26, 1, 51),
(998, 29, 1, 51),
(999, 2, 1, 52),
(1000, 5, 1, 52),
(1001, 8, 1, 52),
(1002, 11, 1, 52),
(1003, 14, 1, 52),
(1004, 17, 1, 52),
(1005, 20, 1, 52),
(1006, 13, 1, 53),
(1007, 16, 1, 53),
(1008, 19, 1, 53),
(1009, 22, 1, 53),
(1010, 25, 1, 53),
(1011, 28, 1, 53),
(1012, 31, 1, 53),
(1013, 3, 1, 54),
(1014, 6, 1, 54),
(1015, 9, 1, 54),
(1016, 12, 1, 54),
(1017, 15, 1, 54),
(1018, 18, 1, 54),
(1019, 21, 1, 54),
(1020, 24, 1, 54),
(1021, 27, 1, 54),
(1022, 30, 1, 54),
(1023, 3, 1, 55),
(1024, 6, 1, 55),
(1025, 9, 1, 55),
(1026, 12, 1, 55),
(1027, 15, 1, 55),
(1028, 18, 1, 55),
(1029, 21, 1, 55),
(1030, 24, 1, 55),
(1031, 27, 1, 55),
(1032, 30, 1, 55),
(1033, 2, 1, 56),
(1034, 5, 1, 56),
(1035, 8, 1, 56),
(1036, 11, 1, 56),
(1037, 14, 1, 56),
(1038, 17, 1, 56),
(1039, 20, 1, 56),
(1040, 23, 1, 56),
(1041, 26, 1, 56),
(1042, 29, 1, 56),
(1043, 2, 1, 57),
(1044, 5, 1, 57),
(1045, 8, 1, 57),
(1046, 11, 1, 57),
(1047, 14, 1, 57),
(1048, 17, 1, 57),
(1049, 20, 1, 57),
(1050, 23, 1, 57),
(1051, 26, 1, 57),
(1052, 29, 1, 57),
(1053, 1, 1, 58),
(1054, 4, 1, 58),
(1055, 7, 1, 58),
(1056, 10, 1, 58),
(1057, 13, 1, 58),
(1058, 16, 1, 58),
(1059, 19, 1, 58),
(1060, 22, 1, 58),
(1061, 25, 1, 58),
(1062, 28, 1, 58),
(1063, 31, 1, 58),
(1064, 3, 1, 59),
(1065, 6, 1, 59),
(1066, 9, 1, 59),
(1067, 12, 1, 59),
(1068, 15, 1, 59),
(1069, 18, 1, 59),
(1070, 21, 1, 59),
(1071, 24, 1, 59),
(1072, 27, 1, 59),
(1073, 2, 1, 60),
(1074, 5, 1, 60),
(1075, 8, 1, 60),
(1076, 11, 1, 60),
(1077, 14, 1, 60),
(1078, 17, 1, 60),
(1079, 20, 1, 60),
(1080, 23, 1, 60),
(1081, 26, 1, 60),
(1082, 29, 1, 60),
(1083, 1, 1, 61),
(1084, 4, 1, 61),
(1085, 7, 1, 61),
(1086, 10, 1, 61),
(1087, 13, 1, 61),
(1088, 16, 1, 61),
(1089, 19, 1, 61),
(1090, 22, 1, 61),
(1091, 25, 1, 61),
(1092, 28, 1, 61),
(1093, 1, 1, 62),
(1094, 4, 1, 62),
(1095, 7, 1, 62),
(1096, 10, 1, 62),
(1097, 13, 1, 62),
(1098, 16, 1, 62),
(1099, 19, 1, 62),
(1100, 22, 1, 62),
(1101, 25, 1, 62),
(1102, 28, 1, 62),
(1103, 31, 1, 62),
(1104, 3, 1, 63),
(1105, 6, 1, 63),
(1106, 9, 1, 63),
(1107, 12, 1, 63),
(1108, 15, 1, 63),
(1109, 18, 1, 63),
(1110, 21, 1, 63),
(1111, 24, 1, 63),
(1112, 27, 1, 63),
(1113, 30, 1, 63),
(1114, 3, 1, 64),
(1115, 6, 1, 64),
(1116, 9, 1, 64),
(1117, 12, 1, 64),
(1118, 15, 1, 64),
(1119, 18, 1, 64),
(1120, 21, 1, 64),
(1121, 24, 1, 64),
(1122, 27, 1, 64),
(1123, 30, 1, 64),
(1124, 2, 1, 65),
(1125, 5, 1, 65),
(1126, 8, 1, 65),
(1127, 11, 1, 65),
(1128, 14, 1, 65),
(1129, 17, 1, 65),
(1130, 20, 1, 65),
(1131, 23, 1, 65),
(1132, 26, 1, 65),
(1133, 29, 1, 65),
(1134, 1, 1, 66),
(1135, 4, 1, 66),
(1136, 7, 1, 66),
(1137, 10, 1, 66),
(1138, 13, 1, 66),
(1139, 16, 1, 66),
(1140, 19, 1, 66),
(1141, 22, 1, 66),
(1142, 25, 1, 66),
(1143, 28, 1, 66),
(1144, 1, 1, 67),
(1145, 4, 1, 67),
(1146, 7, 1, 67),
(1147, 10, 1, 67),
(1148, 13, 1, 67),
(1149, 16, 1, 67),
(1150, 19, 1, 67),
(1151, 22, 1, 67),
(1152, 25, 1, 67),
(1153, 28, 1, 67),
(1154, 31, 1, 67),
(1155, 3, 1, 68),
(1156, 6, 1, 68),
(1157, 9, 1, 68),
(1158, 12, 1, 68),
(1159, 15, 1, 68),
(1160, 18, 1, 68),
(1161, 21, 1, 68),
(1162, 24, 1, 68),
(1163, 27, 1, 68),
(1164, 30, 1, 68),
(1165, 3, 1, 69),
(1166, 6, 1, 69),
(1167, 9, 1, 69),
(1168, 12, 1, 69),
(1169, 15, 1, 69),
(1170, 18, 1, 69),
(1171, 21, 1, 69),
(1172, 24, 1, 69),
(1173, 27, 1, 69),
(1174, 30, 1, 69),
(1175, 2, 1, 70),
(1176, 5, 1, 70),
(1177, 8, 1, 70),
(1178, 11, 1, 70),
(1179, 14, 1, 70),
(1180, 17, 1, 70),
(1181, 20, 1, 70),
(1182, 23, 1, 70),
(1183, 26, 1, 70),
(1184, 29, 1, 70),
(1185, 1, 1, 71),
(1186, 4, 1, 71),
(1187, 7, 1, 71),
(1188, 10, 1, 71),
(1189, 13, 1, 71),
(1190, 16, 1, 71),
(1191, 19, 1, 71),
(1192, 22, 1, 71),
(1193, 25, 1, 71),
(1194, 28, 1, 71),
(1195, 3, 1, 72),
(1196, 6, 1, 72),
(1197, 9, 1, 72),
(1198, 12, 1, 72),
(1199, 15, 1, 72),
(1200, 18, 1, 72),
(1201, 21, 1, 72),
(1202, 24, 1, 72),
(1203, 27, 1, 72),
(1204, 30, 1, 72),
(1205, 2, 1, 73),
(1206, 5, 1, 73),
(1207, 8, 1, 73),
(1208, 11, 1, 73),
(1209, 14, 1, 73),
(1210, 17, 1, 73),
(1211, 20, 1, 73),
(1212, 23, 1, 73),
(1213, 26, 1, 73),
(1214, 29, 1, 73),
(1215, 2, 1, 74),
(1216, 5, 1, 74),
(1217, 8, 1, 74),
(1218, 11, 1, 74),
(1219, 14, 1, 74),
(1220, 17, 1, 74),
(1221, 20, 1, 74),
(1222, 23, 1, 74),
(1223, 26, 1, 74),
(1224, 29, 1, 74),
(1225, 1, 1, 75),
(1226, 4, 1, 75),
(1227, 7, 1, 75),
(1228, 10, 1, 75),
(1229, 13, 1, 75),
(1230, 16, 1, 75),
(1231, 19, 1, 75),
(1232, 22, 1, 75),
(1233, 25, 1, 75),
(1234, 28, 1, 75),
(1235, 1, 1, 76),
(1236, 4, 1, 76),
(1237, 7, 1, 76),
(1238, 10, 1, 76),
(1239, 13, 1, 76),
(1240, 16, 1, 76),
(1241, 19, 1, 76),
(1242, 22, 1, 76),
(1243, 25, 1, 76),
(1244, 28, 1, 76),
(1245, 31, 1, 76),
(1246, 3, 1, 77),
(1247, 6, 1, 77),
(1248, 9, 1, 77),
(1249, 12, 1, 77),
(1250, 15, 1, 77),
(1251, 18, 1, 77),
(1252, 21, 1, 77),
(1253, 24, 1, 77),
(1254, 27, 1, 77),
(1255, 30, 1, 77),
(1256, 2, 1, 78),
(1257, 5, 1, 78),
(1258, 8, 1, 78),
(1259, 11, 1, 78),
(1260, 14, 1, 78),
(1261, 17, 1, 78),
(1262, 20, 1, 78),
(1263, 23, 1, 78),
(1264, 26, 1, 78),
(1265, 29, 1, 78),
(1266, 2, 1, 79),
(1267, 5, 1, 79),
(1268, 8, 1, 79),
(1269, 11, 1, 79),
(1270, 14, 1, 79),
(1271, 17, 1, 79),
(1272, 20, 1, 79),
(1273, 13, 1, 80),
(1274, 16, 1, 80),
(1275, 19, 1, 80),
(1276, 22, 1, 80),
(1277, 25, 1, 80),
(1278, 28, 1, 80),
(1279, 31, 1, 80),
(1280, 3, 1, 81),
(1281, 6, 1, 81),
(1282, 9, 1, 81),
(1283, 12, 1, 81),
(1284, 15, 1, 81),
(1285, 18, 1, 81),
(1286, 21, 1, 81),
(1287, 24, 1, 81),
(1288, 27, 1, 81),
(1289, 30, 1, 81),
(1290, 3, 1, 82),
(1291, 6, 1, 82),
(1292, 9, 1, 82),
(1293, 12, 1, 82),
(1294, 15, 1, 82),
(1295, 18, 1, 82),
(1296, 21, 1, 82),
(1297, 24, 1, 82),
(1298, 27, 1, 82),
(1299, 30, 1, 82),
(1300, 2, 1, 83),
(1301, 5, 1, 83),
(1302, 8, 1, 83),
(1303, 11, 1, 83),
(1304, 14, 1, 83),
(1305, 17, 1, 83),
(1306, 20, 1, 83),
(1307, 23, 1, 83),
(1308, 26, 1, 83),
(1309, 29, 1, 83),
(1310, 2, 1, 84),
(1311, 5, 1, 84),
(1312, 8, 1, 84),
(1313, 11, 1, 84),
(1314, 14, 1, 84),
(1315, 17, 1, 84),
(1316, 20, 1, 84),
(1317, 23, 1, 84),
(1318, 26, 1, 84),
(1319, 29, 1, 84),
(1320, 1, 1, 85),
(1321, 4, 1, 85),
(1322, 7, 1, 85),
(1323, 10, 1, 85),
(1324, 13, 1, 85),
(1325, 16, 1, 85),
(1326, 19, 1, 85),
(1327, 22, 1, 85),
(1328, 25, 1, 85),
(1329, 28, 1, 85),
(1330, 31, 1, 85),
(1331, 3, 1, 86),
(1332, 6, 1, 86),
(1333, 9, 1, 86),
(1334, 12, 1, 86),
(1335, 15, 1, 86),
(1336, 18, 1, 86),
(1337, 21, 1, 86),
(1338, 24, 1, 86),
(1339, 27, 1, 86),
(1340, 2, 1, 87),
(1341, 5, 1, 87),
(1342, 8, 1, 87),
(1343, 11, 1, 87),
(1344, 14, 1, 87),
(1345, 17, 1, 87),
(1346, 20, 1, 87),
(1347, 23, 1, 87),
(1348, 26, 1, 87),
(1349, 29, 1, 87),
(1350, 1, 1, 88),
(1351, 4, 1, 88),
(1352, 7, 1, 88),
(1353, 10, 1, 88),
(1354, 13, 1, 88),
(1355, 16, 1, 88),
(1356, 19, 1, 88),
(1357, 22, 1, 88),
(1358, 25, 1, 88),
(1359, 28, 1, 88),
(1360, 1, 1, 89),
(1361, 4, 1, 89),
(1362, 7, 1, 89),
(1363, 10, 1, 89),
(1364, 13, 1, 89),
(1365, 16, 1, 89),
(1366, 19, 1, 89),
(1367, 22, 1, 89),
(1368, 25, 1, 89),
(1369, 28, 1, 89),
(1370, 31, 1, 89),
(1371, 3, 1, 90),
(1372, 6, 1, 90),
(1373, 9, 1, 90),
(1374, 12, 1, 90),
(1375, 15, 1, 90),
(1376, 18, 1, 90),
(1377, 21, 1, 90),
(1378, 24, 1, 90),
(1379, 27, 1, 90),
(1380, 30, 1, 90),
(1381, 3, 1, 91),
(1382, 6, 1, 91),
(1383, 9, 1, 91),
(1384, 12, 1, 91),
(1385, 15, 1, 91),
(1386, 18, 1, 91),
(1387, 21, 1, 91),
(1388, 24, 1, 91),
(1389, 27, 1, 91),
(1390, 30, 1, 91),
(1391, 2, 1, 92),
(1392, 5, 1, 92),
(1393, 8, 1, 92),
(1394, 11, 1, 92),
(1395, 14, 1, 92),
(1396, 17, 1, 92),
(1397, 20, 1, 92),
(1398, 23, 1, 92),
(1399, 26, 1, 92),
(1400, 29, 1, 92),
(1401, 1, 1, 93),
(1402, 4, 1, 93),
(1403, 7, 1, 93),
(1404, 10, 1, 93),
(1405, 13, 1, 93),
(1406, 16, 1, 93),
(1407, 19, 1, 93),
(1408, 22, 1, 93),
(1409, 25, 1, 93),
(1410, 28, 1, 93),
(1411, 1, 1, 94),
(1412, 4, 1, 94),
(1413, 7, 1, 94),
(1414, 10, 1, 94),
(1415, 13, 1, 94),
(1416, 16, 1, 94),
(1417, 19, 1, 94),
(1418, 22, 1, 94),
(1419, 25, 1, 94),
(1420, 28, 1, 94),
(1421, 31, 1, 94),
(1422, 3, 1, 95),
(1423, 6, 1, 95),
(1424, 9, 1, 95),
(1425, 12, 1, 95),
(1426, 15, 1, 95),
(1427, 18, 1, 95),
(1428, 21, 1, 95),
(1429, 24, 1, 95),
(1430, 27, 1, 95),
(1431, 30, 1, 95),
(1432, 3, 1, 96),
(1433, 6, 1, 96),
(1434, 9, 1, 96),
(1435, 12, 1, 96),
(1436, 15, 1, 96),
(1437, 18, 1, 96),
(1438, 21, 1, 96),
(1439, 24, 1, 96),
(1440, 27, 1, 96),
(1441, 30, 1, 96),
(1442, 2, 1, 97),
(1443, 5, 1, 97),
(1444, 8, 1, 97),
(1445, 11, 1, 97),
(1446, 14, 1, 97),
(1447, 17, 1, 97),
(1448, 20, 1, 97),
(1449, 23, 1, 97),
(1450, 26, 1, 97),
(1451, 29, 1, 97),
(1452, 1, 1, 98),
(1453, 4, 1, 98),
(1454, 7, 1, 98),
(1455, 10, 1, 98),
(1456, 13, 1, 98),
(1457, 16, 1, 98),
(1458, 19, 1, 98),
(1459, 22, 1, 98),
(1460, 25, 1, 98),
(1461, 28, 1, 98),
(1462, 3, 1, 99),
(1463, 6, 1, 99),
(1464, 9, 1, 99),
(1465, 12, 1, 99),
(1466, 15, 1, 99),
(1467, 18, 1, 99),
(1468, 21, 1, 99),
(1469, 24, 1, 99),
(1470, 27, 1, 99),
(1471, 30, 1, 99),
(1472, 2, 1, 100),
(1473, 5, 1, 100),
(1474, 8, 1, 100),
(1475, 11, 1, 100),
(1476, 14, 1, 100),
(1477, 17, 1, 100),
(1478, 20, 1, 100),
(1479, 23, 1, 100),
(1480, 26, 1, 100),
(1481, 29, 1, 100),
(1482, 2, 1, 101),
(1483, 5, 1, 101),
(1484, 8, 1, 101),
(1485, 11, 1, 101),
(1486, 14, 1, 101),
(1487, 17, 1, 101),
(1488, 20, 1, 101),
(1489, 23, 1, 101),
(1490, 26, 1, 101),
(1491, 29, 1, 101),
(1492, 1, 1, 102),
(1493, 4, 1, 102),
(1494, 7, 1, 102),
(1495, 10, 1, 102),
(1496, 13, 1, 102),
(1497, 16, 1, 102),
(1498, 19, 1, 102),
(1499, 22, 1, 102),
(1500, 25, 1, 102),
(1501, 28, 1, 102),
(1502, 1, 1, 103),
(1503, 4, 1, 103),
(1504, 7, 1, 103),
(1505, 10, 1, 103),
(1506, 13, 1, 103),
(1507, 16, 1, 103),
(1508, 19, 1, 103),
(1509, 22, 1, 103),
(1510, 25, 1, 103),
(1511, 28, 1, 103),
(1512, 31, 1, 103),
(1513, 3, 1, 104),
(1514, 6, 1, 104),
(1515, 9, 1, 104),
(1516, 12, 1, 104),
(1517, 15, 1, 104),
(1518, 18, 1, 104),
(1519, 21, 1, 104),
(1520, 24, 1, 104),
(1521, 27, 1, 104),
(1522, 30, 1, 104),
(1523, 2, 1, 105),
(1524, 5, 1, 105),
(1525, 8, 1, 105),
(1526, 11, 1, 105),
(1527, 14, 1, 105),
(1528, 17, 1, 105),
(1529, 20, 1, 105),
(1530, 23, 1, 105),
(1531, 26, 1, 105),
(1532, 29, 1, 105),
(1533, 2, 1, 106),
(1534, 5, 1, 106),
(1535, 8, 1, 106),
(1536, 11, 1, 106),
(1537, 14, 1, 106),
(1538, 17, 1, 106),
(1539, 20, 1, 106),
(1540, 13, 1, 107),
(1541, 16, 1, 107),
(1542, 19, 1, 107),
(1543, 22, 1, 107),
(1544, 25, 1, 107),
(1545, 28, 1, 107),
(1546, 31, 1, 107),
(1547, 3, 1, 108),
(1548, 6, 1, 108),
(1549, 9, 1, 108),
(1550, 12, 1, 108),
(1551, 15, 1, 108),
(1552, 18, 1, 108),
(1553, 21, 1, 108),
(1554, 24, 1, 108),
(1555, 27, 1, 108),
(1556, 30, 1, 108),
(1557, 3, 1, 109),
(1558, 6, 1, 109),
(1559, 9, 1, 109),
(1560, 12, 1, 109),
(1561, 15, 1, 109),
(1562, 18, 1, 109),
(1563, 21, 1, 109),
(1564, 24, 1, 109),
(1565, 27, 1, 109),
(1566, 30, 1, 109),
(1567, 2, 1, 110),
(1568, 5, 1, 110),
(1569, 8, 1, 110),
(1570, 11, 1, 110),
(1571, 14, 1, 110),
(1572, 17, 1, 110),
(1573, 20, 1, 110),
(1574, 23, 1, 110),
(1575, 26, 1, 110),
(1576, 29, 1, 110),
(1577, 2, 1, 111),
(1578, 5, 1, 111),
(1579, 8, 1, 111),
(1580, 11, 1, 111),
(1581, 14, 1, 111),
(1582, 17, 1, 111),
(1583, 20, 1, 111),
(1584, 23, 1, 111),
(1585, 26, 1, 111),
(1586, 29, 1, 111),
(1587, 1, 1, 112),
(1588, 4, 1, 112),
(1589, 7, 1, 112),
(1590, 10, 1, 112),
(1591, 13, 1, 112),
(1592, 16, 1, 112),
(1593, 19, 1, 112),
(1594, 22, 1, 112),
(1595, 25, 1, 112),
(1596, 28, 1, 112),
(1597, 31, 1, 112),
(1598, 3, 1, 113),
(1599, 6, 1, 113),
(1600, 9, 1, 113),
(1601, 12, 1, 113),
(1602, 15, 1, 113),
(1603, 18, 1, 113),
(1604, 21, 1, 113),
(1605, 24, 1, 113),
(1606, 27, 1, 113),
(1607, 2, 1, 114),
(1608, 5, 1, 114),
(1609, 8, 1, 114),
(1610, 11, 1, 114),
(1611, 14, 1, 114),
(1612, 17, 1, 114),
(1613, 20, 1, 114),
(1614, 23, 1, 114),
(1615, 26, 1, 114),
(1616, 29, 1, 114),
(1617, 1, 1, 115),
(1618, 4, 1, 115),
(1619, 7, 1, 115),
(1620, 10, 1, 115),
(1621, 13, 1, 115),
(1622, 16, 1, 115),
(1623, 19, 1, 115),
(1624, 22, 1, 115),
(1625, 25, 1, 115),
(1626, 28, 1, 115),
(1627, 1, 1, 116),
(1628, 4, 1, 116),
(1629, 7, 1, 116),
(1630, 10, 1, 116),
(1631, 13, 1, 116),
(1632, 16, 1, 116),
(1633, 19, 1, 116),
(1634, 22, 1, 116),
(1635, 25, 1, 116),
(1636, 28, 1, 116),
(1637, 31, 1, 116),
(1638, 3, 1, 117),
(1639, 6, 1, 117),
(1640, 9, 1, 117),
(1641, 12, 1, 117),
(1642, 15, 1, 117),
(1643, 18, 1, 117),
(1644, 21, 1, 117),
(1645, 24, 1, 117),
(1646, 27, 1, 117),
(1647, 30, 1, 117),
(1648, 3, 1, 118),
(1649, 6, 1, 118),
(1650, 9, 1, 118),
(1651, 12, 1, 118),
(1652, 15, 1, 118),
(1653, 18, 1, 118),
(1654, 21, 1, 118),
(1655, 24, 1, 118),
(1656, 27, 1, 118),
(1657, 30, 1, 118),
(1658, 2, 1, 119),
(1659, 5, 1, 119),
(1660, 8, 1, 119),
(1661, 11, 1, 119),
(1662, 14, 1, 119),
(1663, 17, 1, 119),
(1664, 20, 1, 119),
(1665, 23, 1, 119),
(1666, 26, 1, 119),
(1667, 29, 1, 119),
(1668, 1, 1, 120),
(1669, 4, 1, 120),
(1670, 7, 1, 120),
(1671, 10, 1, 120),
(1672, 13, 1, 120),
(1673, 16, 1, 120),
(1674, 19, 1, 120),
(1675, 22, 1, 120),
(1676, 25, 1, 120),
(1677, 28, 1, 120),
(1678, 1, 1, 121),
(1679, 4, 1, 121),
(1680, 7, 1, 121),
(1681, 10, 1, 121),
(1682, 13, 1, 121),
(1683, 16, 1, 121),
(1684, 19, 1, 121),
(1685, 22, 1, 121),
(1686, 25, 1, 121),
(1687, 28, 1, 121),
(1688, 31, 1, 121),
(1689, 3, 1, 122),
(1690, 6, 1, 122),
(1691, 9, 1, 122),
(1692, 12, 1, 122),
(1693, 15, 1, 122),
(1694, 18, 1, 122),
(1695, 21, 1, 122),
(1696, 24, 1, 122),
(1697, 27, 1, 122),
(1698, 30, 1, 122),
(1699, 3, 1, 123),
(1700, 6, 1, 123),
(1701, 9, 1, 123),
(1702, 12, 1, 123),
(1703, 15, 1, 123),
(1704, 18, 1, 123),
(1705, 21, 1, 123),
(1706, 24, 1, 123),
(1707, 27, 1, 123),
(1708, 30, 1, 123),
(1709, 2, 1, 124),
(1710, 5, 1, 124),
(1711, 8, 1, 124),
(1712, 11, 1, 124),
(1713, 14, 1, 124),
(1714, 17, 1, 124),
(1715, 20, 1, 124),
(1716, 23, 1, 124),
(1717, 26, 1, 124),
(1718, 29, 1, 124),
(1719, 1, 1, 125),
(1720, 4, 1, 125),
(1721, 7, 1, 125),
(1722, 10, 1, 125),
(1723, 13, 1, 125),
(1724, 16, 1, 125),
(1725, 19, 1, 125),
(1726, 22, 1, 125),
(1727, 25, 1, 125),
(1728, 28, 1, 125),
(1729, 3, 1, 126),
(1730, 6, 1, 126),
(1731, 9, 1, 126),
(1732, 12, 1, 126),
(1733, 15, 1, 126),
(1734, 18, 1, 126),
(1735, 21, 1, 126),
(1736, 24, 1, 126),
(1737, 27, 1, 126),
(1738, 30, 1, 126),
(1739, 2, 1, 127),
(1740, 5, 1, 127),
(1741, 8, 1, 127),
(1742, 11, 1, 127),
(1743, 14, 1, 127),
(1744, 17, 1, 127),
(1745, 20, 1, 127),
(1746, 23, 1, 127),
(1747, 26, 1, 127),
(1748, 29, 1, 127),
(1749, 2, 1, 128),
(1750, 5, 1, 128),
(1751, 8, 1, 128),
(1752, 11, 1, 128),
(1753, 14, 1, 128),
(1754, 17, 1, 128),
(1755, 20, 1, 128),
(1756, 23, 1, 128),
(1757, 26, 1, 128),
(1758, 29, 1, 128),
(1759, 1, 1, 129),
(1760, 4, 1, 129),
(1761, 7, 1, 129),
(1762, 10, 1, 129),
(1763, 13, 1, 129),
(1764, 16, 1, 129),
(1765, 19, 1, 129),
(1766, 22, 1, 129),
(1767, 25, 1, 129),
(1768, 28, 1, 129),
(1769, 1, 1, 130),
(1770, 4, 1, 130),
(1771, 7, 1, 130),
(1772, 10, 1, 130),
(1773, 13, 1, 130),
(1774, 16, 1, 130),
(1775, 19, 1, 130),
(1776, 22, 1, 130),
(1777, 25, 1, 130),
(1778, 28, 1, 130),
(1779, 31, 1, 130),
(1780, 3, 1, 131),
(1781, 6, 1, 131),
(1782, 9, 1, 131),
(1783, 12, 1, 131),
(1784, 15, 1, 131),
(1785, 18, 1, 131),
(1786, 21, 1, 131),
(1787, 24, 1, 131),
(1788, 27, 1, 131),
(1789, 30, 1, 131),
(1790, 2, 1, 132),
(1791, 5, 1, 132),
(1792, 8, 1, 132),
(1793, 11, 1, 132),
(1794, 14, 1, 132),
(1795, 17, 1, 132),
(1796, 20, 1, 132),
(1797, 23, 1, 132),
(1798, 26, 1, 132),
(1799, 29, 1, 132),
(1800, 2, 1, 133),
(1801, 5, 1, 133),
(1802, 8, 1, 133),
(1803, 11, 1, 133),
(1804, 14, 1, 133),
(1805, 17, 1, 133),
(1806, 20, 1, 133),
(1807, 22, 6, 25),
(1808, 23, 6, 25),
(1809, 24, 6, 25),
(1810, 25, 6, 25),
(1811, 26, 4, 25),
(1812, 17, 1, 134),
(1813, 20, 1, 134),
(1814, 23, 1, 134),
(1815, 26, 1, 134),
(1816, 29, 1, 134),
(1817, 1, 1, 135),
(1818, 4, 1, 135),
(1819, 7, 1, 135),
(1820, 10, 1, 135),
(1821, 13, 1, 135),
(1822, 16, 1, 135),
(1823, 19, 1, 135),
(1824, 22, 1, 135),
(1825, 25, 1, 135),
(1826, 28, 1, 135),
(1827, 1, 1, 136),
(1828, 4, 1, 136),
(1829, 7, 1, 136),
(1830, 10, 1, 136),
(1831, 13, 1, 136),
(1832, 16, 1, 136),
(1833, 19, 1, 136),
(1834, 22, 1, 136),
(1835, 25, 1, 136),
(1836, 28, 1, 136),
(1837, 31, 1, 136),
(1838, 3, 1, 137),
(1839, 6, 1, 137),
(1840, 9, 1, 137),
(1841, 12, 1, 137),
(1842, 15, 1, 137),
(1843, 18, 1, 137),
(1844, 21, 1, 137),
(1845, 24, 1, 137),
(1846, 27, 1, 137),
(1847, 30, 1, 137),
(1848, 3, 1, 138),
(1849, 6, 1, 138),
(1850, 9, 1, 138),
(1851, 12, 1, 138),
(1852, 15, 1, 138),
(1853, 18, 1, 138),
(1854, 21, 1, 138),
(1855, 24, 1, 138),
(1856, 27, 1, 138),
(1857, 30, 1, 138),
(1858, 2, 1, 139),
(1859, 5, 1, 139),
(1860, 8, 1, 139),
(1861, 11, 1, 139),
(1862, 14, 1, 139),
(1863, 17, 1, 139),
(1864, 20, 1, 139),
(1865, 23, 1, 139),
(1866, 26, 1, 139),
(1867, 29, 1, 139),
(1868, 1, 1, 140),
(1869, 4, 1, 140),
(1870, 7, 1, 140),
(1871, 10, 1, 140),
(1872, 13, 1, 140),
(1873, 16, 1, 140),
(1874, 19, 1, 140),
(1875, 22, 1, 140),
(1876, 25, 1, 140),
(1877, 28, 1, 140),
(1878, 3, 1, 141),
(1879, 6, 1, 141),
(1880, 9, 1, 141),
(1881, 12, 1, 141),
(1882, 15, 1, 141),
(1883, 18, 1, 141),
(1884, 21, 1, 141),
(1885, 24, 1, 141),
(1886, 27, 1, 141),
(1887, 30, 1, 141),
(1888, 2, 1, 142),
(1889, 5, 1, 142),
(1890, 8, 1, 142),
(1891, 11, 1, 142),
(1892, 14, 1, 142),
(1893, 17, 1, 142),
(1894, 20, 1, 142),
(1895, 23, 1, 142),
(1896, 26, 1, 142),
(1897, 29, 1, 142),
(1898, 2, 1, 143),
(1899, 5, 1, 143),
(1900, 8, 1, 143),
(1901, 11, 1, 143),
(1902, 14, 1, 143),
(1903, 17, 1, 143),
(1904, 20, 1, 143),
(1905, 23, 1, 143),
(1906, 26, 1, 143),
(1907, 29, 1, 143),
(1908, 1, 1, 144),
(1909, 4, 1, 144),
(1910, 7, 1, 144),
(1911, 10, 1, 144),
(1912, 13, 1, 144),
(1913, 16, 1, 144),
(1914, 19, 1, 144),
(1915, 22, 1, 144),
(1916, 25, 1, 144),
(1917, 28, 1, 144),
(1918, 1, 1, 145),
(1919, 4, 1, 145),
(1920, 7, 1, 145),
(1921, 10, 1, 145),
(1922, 13, 1, 145),
(1923, 16, 1, 145),
(1924, 19, 1, 145),
(1925, 22, 1, 145),
(1926, 25, 1, 145),
(1927, 28, 1, 145),
(1928, 31, 1, 145),
(1929, 3, 1, 146),
(1930, 6, 1, 146),
(1931, 9, 1, 146),
(1932, 12, 1, 146),
(1933, 15, 1, 146),
(1934, 18, 1, 146),
(1935, 21, 1, 146),
(1936, 24, 1, 146),
(1937, 27, 1, 146),
(1938, 30, 1, 146),
(1939, 2, 1, 147),
(1940, 5, 1, 147),
(1941, 8, 1, 147),
(1942, 11, 1, 147),
(1943, 14, 1, 147),
(1944, 17, 1, 147),
(1945, 20, 1, 147),
(1946, 23, 1, 147),
(1947, 26, 1, 147),
(1948, 29, 1, 147),
(1949, 2, 1, 148),
(1950, 5, 1, 148),
(1951, 8, 1, 148),
(1952, 11, 1, 148),
(1953, 14, 1, 148),
(1954, 17, 1, 148),
(1955, 20, 1, 148),
(1956, 23, 1, 148),
(1957, 26, 1, 148),
(1958, 29, 1, 148),
(1959, 1, 1, 149),
(1960, 4, 1, 149),
(1961, 7, 1, 149),
(1962, 10, 1, 149),
(1963, 13, 1, 149),
(1964, 16, 1, 149),
(1965, 19, 1, 149),
(1966, 22, 1, 149),
(1967, 25, 1, 149),
(1968, 28, 1, 149),
(1969, 1, 1, 150),
(1970, 4, 1, 150),
(1971, 7, 1, 150),
(1972, 10, 1, 150),
(1973, 13, 1, 150),
(1974, 16, 1, 150),
(1975, 19, 1, 150),
(1976, 22, 1, 150),
(1977, 25, 1, 150),
(1978, 28, 1, 150),
(1979, 31, 1, 150),
(1980, 3, 1, 151),
(1981, 6, 1, 151),
(1982, 9, 1, 151),
(1983, 12, 1, 151),
(1984, 15, 1, 151),
(1985, 18, 1, 151),
(1986, 21, 1, 151),
(1987, 24, 1, 151),
(1988, 27, 1, 151),
(1989, 30, 1, 151),
(1990, 2, 1, 152),
(1991, 5, 1, 152),
(1992, 8, 1, 152),
(1993, 11, 1, 152),
(1994, 14, 1, 152),
(1995, 17, 1, 152),
(1996, 20, 1, 152),
(1997, 23, 1, 152),
(1998, 26, 1, 152),
(1999, 1, 1, 153),
(2000, 4, 1, 153),
(2001, 7, 1, 153),
(2002, 10, 1, 153),
(2003, 13, 1, 153),
(2004, 16, 1, 153),
(2005, 19, 1, 153),
(2006, 22, 1, 153),
(2007, 25, 1, 153),
(2008, 28, 1, 153),
(2009, 31, 1, 153),
(2010, 3, 1, 154),
(2011, 6, 1, 154),
(2012, 9, 1, 154),
(2013, 12, 1, 154),
(2014, 15, 1, 154),
(2015, 18, 1, 154),
(2016, 21, 1, 154),
(2017, 24, 1, 154),
(2018, 27, 1, 154),
(2019, 30, 1, 154),
(2020, 3, 1, 155),
(2021, 6, 1, 155),
(2022, 9, 1, 155),
(2023, 12, 1, 155),
(2024, 15, 1, 155),
(2025, 18, 1, 155),
(2026, 21, 1, 155),
(2027, 24, 1, 155),
(2028, 27, 1, 155),
(2029, 30, 1, 155),
(2030, 2, 1, 156),
(2031, 5, 1, 156),
(2032, 8, 1, 156),
(2033, 11, 1, 156),
(2034, 14, 1, 156),
(2035, 17, 1, 156),
(2036, 20, 1, 156),
(2037, 23, 1, 156),
(2038, 26, 1, 156),
(2039, 29, 1, 156),
(2040, 2, 1, 157),
(2041, 5, 1, 157),
(2042, 8, 1, 157),
(2043, 11, 1, 157),
(2044, 14, 1, 157),
(2045, 17, 1, 157),
(2046, 20, 1, 157),
(2047, 23, 1, 157),
(2048, 26, 1, 157),
(2049, 29, 1, 157),
(2050, 1, 1, 158),
(2051, 4, 1, 158),
(2052, 7, 1, 158),
(2053, 10, 1, 158),
(2054, 13, 1, 158),
(2055, 16, 1, 158),
(2056, 19, 1, 158),
(2057, 22, 1, 158),
(2058, 25, 1, 158),
(2059, 28, 1, 158),
(2060, 31, 1, 158),
(2061, 3, 1, 159),
(2062, 6, 1, 159),
(2063, 9, 1, 159),
(2064, 12, 1, 159),
(2065, 15, 1, 159),
(2066, 18, 1, 159),
(2067, 21, 1, 159),
(2068, 24, 1, 159),
(2069, 27, 1, 159),
(2070, 30, 1, 159),
(2071, 3, 1, 160),
(2072, 6, 1, 160),
(2073, 9, 1, 160),
(2074, 12, 1, 160),
(2075, 15, 1, 160),
(2076, 18, 1, 160),
(2077, 21, 1, 160),
(2078, 24, 1, 160),
(2079, 17, 1, 161),
(2080, 18, 1, 161),
(2081, 19, 1, 161),
(2082, 20, 1, 161),
(2083, 21, 1, 161),
(2084, 22, 1, 161),
(2085, 23, 1, 161),
(2086, 24, 1, 161),
(2087, 25, 1, 161),
(2088, 26, 1, 161),
(2089, 27, 1, 161),
(2090, 28, 1, 161),
(2091, 29, 1, 161),
(2092, 30, 1, 161),
(2093, 31, 1, 161),
(2094, 1, 1, 162),
(2095, 2, 1, 162),
(2096, 3, 1, 162),
(2097, 4, 1, 162),
(2098, 5, 1, 162),
(2099, 6, 1, 162),
(2100, 7, 1, 162),
(2101, 8, 1, 162),
(2102, 9, 1, 162),
(2103, 10, 1, 162),
(2104, 11, 1, 162),
(2105, 12, 1, 162),
(2106, 13, 1, 162),
(2107, 14, 1, 162),
(2108, 15, 1, 162),
(2109, 16, 1, 162),
(2110, 17, 1, 162),
(2111, 18, 1, 162),
(2112, 19, 1, 162),
(2113, 20, 1, 162),
(2114, 21, 1, 162),
(2115, 22, 1, 162),
(2116, 23, 1, 162),
(2117, 24, 1, 162),
(2118, 25, 1, 162),
(2119, 26, 1, 162),
(2120, 27, 1, 162),
(2121, 28, 1, 162),
(2122, 29, 1, 162),
(2123, 30, 1, 162),
(2124, 1, 1, 163),
(2125, 2, 1, 163),
(2126, 3, 1, 163),
(2127, 4, 1, 163),
(2128, 5, 1, 163),
(2129, 6, 1, 163),
(2130, 7, 1, 163),
(2131, 8, 1, 163),
(2132, 9, 1, 163),
(2133, 10, 1, 163),
(2134, 11, 1, 163),
(2135, 12, 1, 163),
(2136, 13, 1, 163),
(2137, 14, 1, 163),
(2138, 15, 1, 163),
(2139, 16, 1, 163),
(2140, 17, 1, 163),
(2141, 18, 1, 163),
(2142, 19, 1, 163),
(2143, 20, 1, 163),
(2144, 21, 1, 163),
(2145, 22, 1, 163),
(2146, 23, 1, 163),
(2147, 24, 1, 163),
(2148, 25, 1, 163),
(2149, 26, 1, 163),
(2150, 27, 1, 163),
(2151, 28, 1, 163),
(2152, 29, 1, 163),
(2153, 30, 1, 163),
(2154, 31, 1, 163),
(2155, 1, 1, 164),
(2156, 2, 1, 164),
(2157, 3, 1, 164),
(2158, 4, 1, 164),
(2159, 5, 1, 164),
(2160, 6, 1, 164),
(2161, 7, 1, 164),
(2162, 8, 1, 164),
(2163, 9, 1, 164),
(2164, 10, 1, 164),
(2165, 11, 1, 164),
(2166, 12, 1, 164),
(2167, 13, 1, 164),
(2168, 14, 1, 164),
(2169, 15, 1, 164),
(2170, 16, 1, 164),
(2171, 17, 1, 164),
(2172, 18, 1, 164),
(2173, 19, 1, 164),
(2174, 20, 1, 164),
(2175, 21, 1, 164),
(2176, 22, 1, 164),
(2177, 23, 1, 164),
(2178, 24, 1, 164),
(2179, 25, 1, 164),
(2180, 26, 1, 164),
(2181, 27, 1, 164),
(2182, 28, 1, 164),
(2183, 29, 1, 164),
(2184, 30, 1, 164),
(2185, 1, 1, 165),
(2186, 2, 1, 165),
(2187, 3, 1, 165),
(2188, 4, 1, 165),
(2189, 5, 1, 165),
(2190, 6, 1, 165),
(2191, 7, 1, 165),
(2192, 8, 1, 165),
(2193, 9, 1, 165),
(2194, 10, 1, 165),
(2195, 11, 1, 165),
(2196, 12, 1, 165),
(2197, 13, 1, 165),
(2198, 14, 1, 165),
(2199, 15, 1, 165),
(2200, 16, 1, 165),
(2201, 17, 1, 165),
(2202, 18, 1, 165),
(2203, 19, 1, 165),
(2204, 20, 1, 165),
(2205, 21, 1, 165),
(2206, 22, 1, 165),
(2207, 23, 1, 165),
(2208, 24, 1, 165),
(2209, 25, 1, 165),
(2210, 26, 1, 165),
(2211, 27, 1, 165),
(2212, 28, 1, 165),
(2213, 29, 1, 165),
(2214, 30, 1, 165),
(2215, 31, 1, 165),
(2216, 1, 1, 166),
(2217, 2, 1, 166),
(2218, 3, 1, 166),
(2219, 4, 1, 166),
(2220, 5, 1, 166),
(2221, 6, 1, 166),
(2222, 7, 1, 166),
(2223, 8, 1, 166),
(2224, 9, 1, 166),
(2225, 10, 1, 166),
(2226, 11, 1, 166),
(2227, 12, 1, 166),
(2228, 13, 1, 166),
(2229, 14, 1, 166),
(2230, 15, 1, 166),
(2231, 16, 1, 166),
(2232, 17, 1, 166),
(2233, 18, 1, 166),
(2234, 19, 1, 166),
(2235, 20, 1, 166),
(2236, 21, 1, 166),
(2237, 22, 1, 166),
(2238, 23, 1, 166),
(2239, 24, 1, 166),
(2240, 25, 1, 166),
(2241, 26, 1, 166),
(2242, 27, 1, 166),
(2243, 28, 1, 166),
(2244, 29, 1, 166),
(2245, 30, 1, 166),
(2246, 31, 1, 166),
(2247, 1, 1, 167),
(2248, 2, 1, 167),
(2249, 3, 1, 167),
(2250, 4, 1, 167),
(2251, 5, 1, 167),
(2252, 6, 1, 167),
(2253, 7, 1, 167),
(2254, 8, 1, 167),
(2255, 9, 1, 167),
(2256, 10, 1, 167),
(2257, 11, 1, 167),
(2258, 12, 1, 167),
(2259, 13, 1, 167),
(2260, 14, 1, 167),
(2261, 15, 1, 167),
(2262, 16, 1, 167),
(2263, 17, 1, 167),
(2264, 18, 1, 167),
(2265, 19, 1, 167),
(2266, 20, 1, 167),
(2267, 21, 1, 167),
(2268, 22, 1, 167),
(2269, 23, 1, 167),
(2270, 24, 1, 167),
(2271, 25, 1, 167),
(2272, 26, 1, 167),
(2273, 27, 1, 167),
(2274, 28, 1, 167),
(2275, 1, 1, 168),
(2276, 2, 1, 168),
(2277, 3, 1, 168),
(2278, 4, 1, 168),
(2279, 5, 1, 168),
(2280, 6, 1, 168),
(2281, 7, 1, 168),
(2282, 8, 1, 168),
(2283, 9, 1, 168),
(2284, 10, 1, 168),
(2285, 11, 1, 168),
(2286, 12, 1, 168),
(2287, 13, 1, 168),
(2288, 14, 1, 168),
(2289, 15, 1, 168),
(2290, 16, 1, 168),
(2291, 17, 1, 168),
(2292, 18, 1, 168),
(2293, 19, 1, 168),
(2294, 20, 1, 168),
(2295, 21, 1, 168),
(2296, 22, 1, 168),
(2297, 23, 1, 168),
(2298, 24, 1, 168),
(2299, 25, 1, 168),
(2300, 26, 1, 168),
(2301, 27, 1, 168),
(2302, 28, 1, 168),
(2303, 29, 1, 168),
(2304, 30, 1, 168),
(2305, 31, 1, 168),
(2306, 1, 1, 169),
(2307, 2, 1, 169),
(2308, 3, 1, 169),
(2309, 4, 1, 169),
(2310, 5, 1, 169),
(2311, 6, 1, 169),
(2312, 7, 1, 169),
(2313, 8, 1, 169),
(2314, 9, 1, 169),
(2315, 10, 1, 169),
(2316, 11, 1, 169),
(2317, 12, 1, 169),
(2318, 13, 1, 169),
(2319, 14, 1, 169),
(2320, 15, 1, 169),
(2321, 16, 1, 169),
(2322, 17, 1, 169),
(2323, 18, 1, 169),
(2324, 19, 1, 169),
(2325, 20, 1, 169),
(2326, 21, 1, 169),
(2327, 22, 1, 169),
(2328, 23, 1, 169),
(2329, 24, 1, 169),
(2330, 25, 1, 169),
(2331, 26, 1, 169),
(2332, 27, 1, 169),
(2333, 28, 1, 169),
(2334, 29, 1, 169),
(2335, 30, 1, 169),
(2336, 1, 1, 170),
(2337, 2, 1, 170),
(2338, 3, 1, 170),
(2339, 4, 1, 170),
(2340, 5, 1, 170),
(2341, 6, 1, 170),
(2342, 7, 1, 170),
(2343, 8, 1, 170),
(2344, 9, 1, 170),
(2345, 10, 1, 170),
(2346, 11, 1, 170),
(2347, 12, 1, 170),
(2348, 13, 1, 170),
(2349, 14, 1, 170),
(2350, 15, 1, 170),
(2351, 16, 1, 170),
(2352, 17, 1, 170),
(2353, 18, 1, 170),
(2354, 19, 1, 170),
(2355, 20, 1, 170),
(2356, 21, 1, 170),
(2357, 22, 1, 170),
(2358, 23, 1, 170),
(2359, 24, 1, 170),
(2360, 25, 1, 170),
(2361, 26, 1, 170),
(2362, 27, 1, 170),
(2363, 28, 1, 170),
(2364, 29, 1, 170),
(2365, 30, 1, 170),
(2366, 31, 1, 170),
(2367, 1, 1, 171),
(2368, 2, 1, 171),
(2369, 3, 1, 171),
(2370, 4, 1, 171),
(2371, 5, 1, 171),
(2372, 6, 1, 171),
(2373, 7, 1, 171),
(2374, 8, 1, 171),
(2375, 9, 1, 171),
(2376, 10, 1, 171),
(2377, 11, 1, 171),
(2378, 12, 1, 171),
(2379, 13, 1, 171),
(2380, 14, 1, 171),
(2381, 15, 1, 171),
(2382, 16, 1, 171),
(2383, 17, 1, 171),
(2384, 18, 1, 171),
(2385, 19, 1, 171),
(2386, 20, 1, 171),
(2387, 21, 1, 171),
(2388, 22, 1, 171),
(2389, 23, 1, 171),
(2390, 24, 1, 171),
(2391, 25, 1, 171),
(2392, 26, 1, 171),
(2393, 27, 1, 171),
(2394, 28, 1, 171),
(2395, 29, 1, 171),
(2396, 30, 1, 171),
(2397, 1, 1, 172),
(2398, 2, 1, 172),
(2399, 3, 1, 172),
(2400, 4, 1, 172),
(2401, 5, 1, 172),
(2402, 6, 1, 172),
(2403, 7, 1, 172),
(2404, 8, 1, 172),
(2405, 9, 1, 172),
(2406, 10, 1, 172),
(2407, 11, 1, 172),
(2408, 12, 1, 172),
(2409, 13, 1, 172),
(2410, 14, 1, 172),
(2411, 15, 1, 172),
(2412, 16, 1, 172),
(2413, 17, 1, 172),
(2414, 18, 1, 172),
(2415, 19, 1, 172),
(2416, 20, 1, 172),
(2417, 21, 1, 172),
(2418, 22, 1, 172),
(2419, 23, 1, 172),
(2420, 24, 1, 172),
(2421, 25, 1, 172),
(2422, 26, 1, 172),
(2423, 27, 1, 172),
(2424, 28, 1, 172),
(2425, 29, 1, 172),
(2426, 30, 1, 172),
(2427, 31, 1, 172),
(2428, 1, 1, 173),
(2429, 2, 1, 173),
(2430, 3, 1, 173),
(2431, 4, 1, 173),
(2432, 5, 1, 173),
(2433, 6, 1, 173),
(2434, 7, 1, 173),
(2435, 8, 1, 173),
(2436, 9, 1, 173),
(2437, 10, 1, 173),
(2438, 11, 1, 173),
(2439, 12, 1, 173),
(2440, 13, 1, 173),
(2441, 14, 1, 173),
(2442, 15, 1, 173),
(2443, 16, 1, 173),
(2444, 17, 1, 173),
(2445, 18, 1, 173),
(2446, 19, 1, 173),
(2447, 20, 1, 173),
(2448, 21, 1, 173),
(2449, 22, 1, 173),
(2450, 23, 1, 173),
(2451, 24, 1, 173),
(2452, 25, 1, 173),
(2453, 26, 1, 173),
(2454, 27, 1, 173),
(2455, 28, 1, 173),
(2456, 29, 1, 173),
(2457, 30, 1, 173),
(2458, 31, 1, 173),
(2459, 1, 1, 174),
(2460, 2, 1, 174),
(2461, 3, 1, 174),
(2462, 4, 1, 174),
(2463, 5, 1, 174),
(2464, 6, 1, 174),
(2465, 7, 1, 174),
(2466, 8, 1, 174),
(2467, 9, 1, 174),
(2468, 10, 1, 174),
(2469, 11, 1, 174),
(2470, 12, 1, 174),
(2471, 13, 1, 174),
(2472, 14, 1, 174),
(2473, 15, 1, 174),
(2474, 16, 1, 174),
(2475, 17, 1, 174),
(2476, 18, 1, 174),
(2477, 19, 1, 174),
(2478, 20, 1, 174),
(2479, 21, 1, 174),
(2480, 22, 1, 174),
(2481, 23, 1, 174),
(2482, 24, 1, 174),
(2483, 25, 1, 174),
(2484, 26, 1, 174),
(2485, 27, 1, 174),
(2486, 28, 1, 174),
(2487, 29, 1, 174),
(2488, 30, 1, 174),
(2489, 1, 1, 175),
(2490, 2, 1, 175),
(2491, 3, 1, 175),
(2492, 4, 1, 175),
(2493, 5, 1, 175),
(2494, 6, 1, 175),
(2495, 7, 1, 175),
(2496, 8, 1, 175),
(2497, 9, 1, 175),
(2498, 10, 1, 175),
(2499, 11, 1, 175),
(2500, 12, 1, 175),
(2501, 13, 1, 175),
(2502, 14, 1, 175),
(2503, 15, 1, 175),
(2504, 16, 1, 175),
(2505, 17, 1, 175),
(2506, 18, 1, 175),
(2507, 19, 1, 175),
(2508, 20, 1, 175),
(2509, 21, 1, 175),
(2510, 22, 1, 175),
(2511, 23, 1, 175),
(2512, 24, 1, 175),
(2513, 25, 1, 175),
(2514, 26, 1, 175),
(2515, 27, 1, 175),
(2516, 28, 1, 175),
(2517, 29, 1, 175),
(2518, 30, 1, 175),
(2519, 31, 1, 175),
(2520, 1, 1, 176),
(2521, 2, 1, 176),
(2522, 3, 1, 176),
(2523, 4, 1, 176),
(2524, 5, 1, 176),
(2525, 6, 1, 176),
(2526, 7, 1, 176),
(2527, 8, 1, 176),
(2528, 9, 1, 176),
(2529, 10, 1, 176),
(2530, 11, 1, 176),
(2531, 12, 1, 176),
(2532, 13, 1, 176),
(2533, 14, 1, 176),
(2534, 15, 1, 176),
(2535, 16, 1, 176),
(2536, 17, 1, 176),
(2537, 18, 1, 176),
(2538, 19, 1, 176),
(2539, 20, 1, 176),
(2540, 21, 1, 176),
(2541, 22, 1, 176),
(2542, 23, 1, 176),
(2543, 24, 1, 176),
(2544, 25, 1, 176),
(2545, 26, 1, 176),
(2546, 27, 1, 176),
(2547, 28, 1, 176),
(2548, 29, 1, 176),
(2549, 30, 1, 176),
(2550, 1, 1, 177),
(2551, 2, 1, 177),
(2552, 3, 1, 177),
(2553, 4, 1, 177),
(2554, 5, 1, 177),
(2555, 6, 1, 177),
(2556, 7, 1, 177),
(2557, 8, 1, 177),
(2558, 9, 1, 177),
(2559, 10, 1, 177),
(2560, 11, 1, 177),
(2561, 12, 1, 177),
(2562, 13, 1, 177),
(2563, 14, 1, 177),
(2564, 15, 1, 177),
(2565, 16, 1, 177),
(2566, 17, 1, 177),
(2567, 18, 1, 177),
(2568, 19, 1, 177),
(2569, 20, 1, 177),
(2570, 21, 1, 177),
(2571, 22, 1, 177),
(2572, 23, 1, 177),
(2573, 24, 1, 177),
(2574, 25, 1, 177),
(2575, 26, 1, 177),
(2576, 27, 1, 177),
(2577, 28, 1, 177),
(2578, 29, 1, 177),
(2579, 30, 1, 177),
(2580, 31, 1, 177),
(2581, 1, 1, 178),
(2582, 2, 1, 178),
(2583, 3, 1, 178),
(2584, 4, 1, 178),
(2585, 5, 1, 178),
(2586, 6, 1, 178),
(2587, 7, 1, 178),
(2588, 8, 1, 178),
(2589, 9, 1, 178),
(2590, 10, 1, 178),
(2591, 11, 1, 178),
(2592, 12, 1, 178),
(2593, 13, 1, 178),
(2594, 14, 1, 178),
(2595, 15, 1, 178),
(2596, 16, 1, 178),
(2597, 17, 1, 178),
(2598, 18, 1, 178),
(2599, 19, 1, 178),
(2600, 20, 1, 178),
(2601, 21, 1, 178),
(2602, 22, 1, 178),
(2603, 23, 1, 178),
(2604, 24, 1, 178),
(2605, 25, 1, 178),
(2606, 26, 1, 178),
(2607, 27, 1, 178),
(2608, 28, 1, 178),
(2609, 29, 1, 178),
(2610, 30, 1, 178),
(2611, 31, 1, 178),
(2612, 1, 1, 179),
(2613, 2, 1, 179),
(2614, 3, 1, 179),
(2615, 4, 1, 179),
(2616, 5, 1, 179),
(2617, 6, 1, 179),
(2618, 7, 1, 179),
(2619, 8, 1, 179),
(2620, 9, 1, 179),
(2621, 10, 1, 179),
(2622, 11, 1, 179),
(2623, 12, 1, 179),
(2624, 13, 1, 179),
(2625, 14, 1, 179),
(2626, 15, 1, 179),
(2627, 16, 1, 179),
(2628, 17, 1, 179),
(2629, 18, 1, 179),
(2630, 19, 1, 179),
(2631, 20, 1, 179),
(2632, 21, 1, 179),
(2633, 22, 1, 179),
(2634, 23, 1, 179),
(2635, 24, 1, 179),
(2636, 25, 1, 179),
(2637, 26, 1, 179),
(2638, 27, 1, 179),
(2639, 28, 1, 179),
(2640, 1, 1, 180),
(2641, 2, 1, 180),
(2642, 3, 1, 180),
(2643, 4, 1, 180),
(2644, 5, 1, 180),
(2645, 6, 1, 180),
(2646, 7, 1, 180),
(2647, 8, 1, 180),
(2648, 9, 1, 180),
(2649, 10, 1, 180),
(2650, 11, 1, 180),
(2651, 12, 1, 180),
(2652, 13, 1, 180),
(2653, 14, 1, 180),
(2654, 15, 1, 180),
(2655, 16, 1, 180),
(2656, 17, 1, 180),
(2657, 18, 1, 180),
(2658, 19, 1, 180),
(2659, 20, 1, 180),
(2660, 21, 1, 180),
(2661, 22, 1, 180),
(2662, 23, 1, 180),
(2663, 24, 1, 180),
(2664, 25, 1, 180),
(2665, 26, 1, 180),
(2666, 27, 1, 180),
(2667, 28, 1, 180),
(2668, 29, 1, 180),
(2669, 30, 1, 180),
(2670, 31, 1, 180),
(2671, 1, 1, 181),
(2672, 2, 1, 181),
(2673, 3, 1, 181),
(2674, 4, 1, 181),
(2675, 5, 1, 181),
(2676, 6, 1, 181),
(2677, 7, 1, 181),
(2678, 8, 1, 181),
(2679, 9, 1, 181),
(2680, 10, 1, 181),
(2681, 11, 1, 181),
(2682, 12, 1, 181),
(2683, 13, 1, 181),
(2684, 14, 1, 181),
(2685, 15, 1, 181),
(2686, 16, 1, 181),
(2687, 17, 1, 181),
(2688, 18, 1, 181),
(2689, 19, 1, 181),
(2690, 20, 1, 181),
(2691, 21, 1, 181),
(2692, 22, 1, 181),
(2693, 23, 1, 181),
(2694, 24, 1, 181),
(2695, 25, 1, 181),
(2696, 26, 1, 181),
(2697, 27, 1, 181),
(2698, 28, 1, 181),
(2699, 29, 1, 181),
(2700, 30, 1, 181),
(2701, 1, 1, 182),
(2702, 2, 1, 182),
(2703, 3, 1, 182),
(2704, 4, 1, 182),
(2705, 5, 1, 182),
(2706, 6, 1, 182),
(2707, 7, 1, 182),
(2708, 8, 1, 182),
(2709, 9, 1, 182),
(2710, 10, 1, 182),
(2711, 11, 1, 182),
(2712, 12, 1, 182),
(2713, 13, 1, 182),
(2714, 14, 1, 182),
(2715, 15, 1, 182),
(2716, 16, 1, 182),
(2717, 17, 1, 182),
(2718, 18, 1, 182),
(2719, 19, 1, 182),
(2720, 20, 1, 182),
(2721, 21, 1, 182),
(2722, 22, 1, 182),
(2723, 23, 1, 182),
(2724, 24, 1, 182),
(2725, 25, 1, 182),
(2726, 26, 1, 182),
(2727, 27, 1, 182),
(2728, 28, 1, 182),
(2729, 29, 1, 182),
(2730, 30, 1, 182),
(2731, 31, 1, 182),
(2732, 1, 1, 183),
(2733, 2, 1, 183),
(2734, 3, 1, 183),
(2735, 4, 1, 183),
(2736, 5, 1, 183),
(2737, 6, 1, 183),
(2738, 7, 1, 183),
(2739, 8, 1, 183),
(2740, 9, 1, 183),
(2741, 10, 1, 183),
(2742, 11, 1, 183),
(2743, 12, 1, 183),
(2744, 13, 1, 183),
(2745, 14, 1, 183),
(2746, 15, 1, 183),
(2747, 16, 1, 183),
(2748, 17, 1, 183),
(2749, 18, 1, 183),
(2750, 19, 1, 183),
(2751, 20, 1, 183),
(2752, 21, 1, 183),
(2753, 22, 1, 183),
(2754, 23, 1, 183),
(2755, 24, 1, 183),
(2756, 25, 1, 183),
(2757, 26, 1, 183),
(2758, 27, 1, 183),
(2759, 28, 1, 183),
(2760, 29, 1, 183),
(2761, 30, 1, 183),
(2762, 1, 1, 184),
(2763, 2, 1, 184),
(2764, 3, 1, 184),
(2765, 4, 1, 184),
(2766, 5, 1, 184),
(2767, 6, 1, 184),
(2768, 7, 1, 184),
(2769, 8, 1, 184),
(2770, 9, 1, 184),
(2771, 10, 1, 184),
(2772, 11, 1, 184),
(2773, 12, 1, 184),
(2774, 13, 1, 184),
(2775, 14, 1, 184),
(2776, 15, 1, 184),
(2777, 16, 1, 184),
(2778, 17, 1, 184),
(2779, 18, 1, 184),
(2780, 19, 1, 184),
(2781, 20, 1, 184),
(2782, 21, 1, 184),
(2783, 22, 1, 184),
(2784, 23, 1, 184),
(2785, 24, 1, 184),
(2786, 25, 1, 184),
(2787, 26, 1, 184),
(2788, 27, 1, 184),
(2789, 28, 1, 184),
(2790, 29, 1, 184),
(2791, 30, 1, 184),
(2792, 31, 1, 184),
(2793, 1, 1, 185),
(2794, 2, 1, 185),
(2795, 3, 1, 185),
(2796, 4, 1, 185),
(2797, 5, 1, 185),
(2798, 6, 1, 185),
(2799, 7, 1, 185),
(2800, 8, 1, 185),
(2801, 9, 1, 185),
(2802, 10, 1, 185),
(2803, 11, 1, 185),
(2804, 12, 1, 185),
(2805, 13, 1, 185),
(2806, 14, 1, 185),
(2807, 15, 1, 185),
(2808, 16, 1, 185),
(2809, 17, 1, 185),
(2810, 18, 1, 185),
(2811, 19, 1, 185),
(2812, 20, 1, 185),
(2813, 21, 1, 185),
(2814, 22, 1, 185),
(2815, 23, 1, 185),
(2816, 24, 1, 185),
(2817, 25, 1, 185),
(2818, 26, 1, 185),
(2819, 27, 1, 185),
(2820, 28, 1, 185),
(2821, 29, 1, 185),
(2822, 30, 1, 185),
(2823, 31, 1, 185),
(2824, 1, 1, 186),
(2825, 2, 1, 186),
(2826, 3, 1, 186),
(2827, 4, 1, 186),
(2828, 5, 1, 186),
(2829, 6, 1, 186),
(2830, 7, 1, 186),
(2831, 8, 1, 186),
(2832, 9, 1, 186),
(2833, 10, 1, 186),
(2834, 11, 1, 186),
(2835, 12, 1, 186),
(2836, 13, 1, 186),
(2837, 14, 1, 186),
(2838, 15, 1, 186),
(2839, 16, 1, 186),
(2840, 17, 1, 186),
(2841, 18, 1, 186),
(2842, 19, 1, 186),
(2843, 20, 1, 186),
(2844, 21, 1, 186),
(2845, 22, 1, 186),
(2846, 23, 1, 186),
(2847, 24, 1, 186),
(2848, 25, 1, 186),
(2849, 26, 1, 186),
(2850, 27, 1, 186),
(2851, 28, 1, 186),
(2852, 29, 1, 186),
(2853, 30, 1, 186),
(2854, 1, 1, 187),
(2855, 2, 1, 187),
(2856, 3, 1, 187),
(2857, 4, 1, 187),
(2858, 5, 1, 187),
(2859, 6, 1, 187),
(2860, 7, 1, 187),
(2861, 8, 1, 187),
(2862, 9, 1, 187),
(2863, 10, 1, 187),
(2864, 11, 1, 187),
(2865, 12, 1, 187),
(2866, 13, 1, 187),
(2867, 14, 1, 187),
(2868, 15, 1, 187),
(2869, 16, 1, 187),
(2870, 17, 1, 187),
(2871, 18, 1, 187),
(2872, 19, 1, 187),
(2873, 20, 1, 187),
(2874, 21, 1, 187),
(2875, 22, 1, 187),
(2876, 23, 1, 187),
(2877, 24, 1, 187),
(2878, 25, 1, 187),
(2879, 17, 1, 188),
(2880, 20, 1, 188),
(2881, 23, 1, 188),
(2882, 26, 1, 188),
(2883, 29, 1, 188),
(2884, 1, 1, 189),
(2885, 4, 1, 189),
(2886, 7, 1, 189),
(2887, 10, 1, 189),
(2888, 13, 1, 189),
(2889, 16, 1, 189),
(2890, 19, 1, 189),
(2891, 22, 1, 189),
(2892, 25, 1, 189),
(2893, 28, 1, 189),
(2894, 1, 1, 190),
(2895, 4, 1, 190),
(2896, 7, 1, 190),
(2897, 10, 1, 190),
(2898, 13, 1, 190),
(2899, 16, 1, 190),
(2900, 19, 1, 190),
(2901, 22, 1, 190),
(2902, 25, 1, 190),
(2903, 28, 1, 190),
(2904, 31, 1, 190),
(2905, 3, 1, 191),
(2906, 6, 1, 191),
(2907, 9, 1, 191),
(2908, 12, 1, 191),
(2909, 15, 1, 191),
(2910, 18, 1, 191),
(2911, 21, 1, 191),
(2912, 24, 1, 191),
(2913, 27, 1, 191),
(2914, 30, 1, 191),
(2915, 3, 1, 192),
(2916, 6, 1, 192),
(2917, 9, 1, 192),
(2918, 12, 1, 192),
(2919, 15, 1, 192),
(2920, 18, 1, 192),
(2921, 21, 1, 192),
(2922, 24, 1, 192),
(2923, 27, 1, 192),
(2924, 30, 1, 192),
(2925, 2, 1, 193),
(2926, 5, 1, 193),
(2927, 8, 1, 193),
(2928, 11, 1, 193),
(2929, 14, 1, 193),
(2930, 17, 1, 193),
(2931, 20, 1, 193),
(2932, 23, 1, 193),
(2933, 26, 1, 193),
(2934, 29, 1, 193),
(2935, 1, 1, 194),
(2936, 4, 1, 194),
(2937, 7, 1, 194),
(2938, 10, 1, 194),
(2939, 13, 1, 194),
(2940, 16, 1, 194),
(2941, 19, 1, 194),
(2942, 22, 1, 194),
(2943, 25, 1, 194),
(2944, 28, 1, 194),
(2945, 3, 1, 195),
(2946, 6, 1, 195),
(2947, 9, 1, 195),
(2948, 12, 1, 195),
(2949, 15, 1, 195),
(2950, 18, 1, 195),
(2951, 21, 1, 195),
(2952, 24, 1, 195),
(2953, 27, 1, 195),
(2954, 30, 1, 195),
(2955, 2, 1, 196),
(2956, 5, 1, 196),
(2957, 8, 1, 196),
(2958, 11, 1, 196),
(2959, 14, 1, 196);
INSERT INTO `VisitasDia` (`id`, `dia`, `visitas`, `visitasMes_id`) VALUES
(2960, 17, 1, 196),
(2961, 20, 1, 196),
(2962, 23, 1, 196),
(2963, 26, 1, 196),
(2964, 29, 1, 196),
(2965, 2, 1, 197),
(2966, 5, 1, 197),
(2967, 8, 1, 197),
(2968, 11, 1, 197),
(2969, 14, 1, 197),
(2970, 17, 1, 197),
(2971, 20, 1, 197),
(2972, 23, 1, 197),
(2973, 26, 1, 197),
(2974, 29, 1, 197),
(2975, 1, 1, 198),
(2976, 4, 1, 198),
(2977, 7, 1, 198),
(2978, 10, 1, 198),
(2979, 13, 1, 198),
(2980, 16, 1, 198),
(2981, 19, 1, 198),
(2982, 22, 1, 198),
(2983, 25, 1, 198),
(2984, 28, 1, 198),
(2985, 1, 1, 199),
(2986, 4, 1, 199),
(2987, 7, 1, 199),
(2988, 10, 1, 199),
(2989, 13, 1, 199),
(2990, 16, 1, 199),
(2991, 19, 1, 199),
(2992, 22, 1, 199),
(2993, 25, 1, 199),
(2994, 28, 1, 199),
(2995, 31, 1, 199),
(2996, 3, 1, 200),
(2997, 6, 1, 200),
(2998, 9, 1, 200),
(2999, 12, 1, 200),
(3000, 15, 1, 200),
(3001, 18, 1, 200),
(3002, 21, 1, 200),
(3003, 24, 1, 200),
(3004, 27, 1, 200),
(3005, 30, 1, 200),
(3006, 2, 1, 201),
(3007, 5, 1, 201),
(3008, 8, 1, 201),
(3009, 11, 1, 201),
(3010, 14, 1, 201),
(3011, 17, 1, 201),
(3012, 20, 1, 201),
(3013, 23, 1, 201),
(3014, 26, 1, 201),
(3015, 29, 1, 201),
(3016, 2, 1, 202),
(3017, 5, 1, 202),
(3018, 8, 1, 202),
(3019, 11, 1, 202),
(3020, 14, 1, 202),
(3021, 17, 1, 202),
(3022, 20, 1, 202),
(3023, 23, 1, 202),
(3024, 26, 1, 202),
(3025, 29, 1, 202),
(3026, 1, 1, 203),
(3027, 4, 1, 203),
(3028, 7, 1, 203),
(3029, 10, 1, 203),
(3030, 13, 1, 203),
(3031, 16, 1, 203),
(3032, 19, 1, 203),
(3033, 22, 1, 203),
(3034, 25, 1, 203),
(3035, 28, 1, 203),
(3036, 1, 1, 204),
(3037, 4, 1, 204),
(3038, 7, 1, 204),
(3039, 10, 1, 204),
(3040, 13, 1, 204),
(3041, 16, 1, 204),
(3042, 19, 1, 204),
(3043, 22, 1, 204),
(3044, 25, 1, 204),
(3045, 28, 1, 204),
(3046, 31, 1, 204),
(3047, 3, 1, 205),
(3048, 6, 1, 205),
(3049, 9, 1, 205),
(3050, 12, 1, 205),
(3051, 15, 1, 205),
(3052, 18, 1, 205),
(3053, 21, 1, 205),
(3054, 24, 1, 205),
(3055, 27, 1, 205),
(3056, 30, 1, 205),
(3057, 2, 1, 206),
(3058, 5, 1, 206),
(3059, 8, 1, 206),
(3060, 11, 1, 206),
(3061, 14, 1, 206),
(3062, 17, 1, 206),
(3063, 20, 1, 206),
(3064, 23, 1, 206),
(3065, 26, 1, 206),
(3066, 1, 1, 207),
(3067, 4, 1, 207),
(3068, 7, 1, 207),
(3069, 10, 1, 207),
(3070, 13, 1, 207),
(3071, 16, 1, 207),
(3072, 19, 1, 207),
(3073, 22, 1, 207),
(3074, 25, 1, 207),
(3075, 28, 1, 207),
(3076, 31, 1, 207),
(3077, 3, 1, 208),
(3078, 6, 1, 208),
(3079, 9, 1, 208),
(3080, 12, 1, 208),
(3081, 15, 1, 208),
(3082, 18, 1, 208),
(3083, 21, 1, 208),
(3084, 24, 1, 208),
(3085, 27, 1, 208),
(3086, 30, 1, 208),
(3087, 3, 1, 209),
(3088, 6, 1, 209),
(3089, 9, 1, 209),
(3090, 12, 1, 209),
(3091, 15, 1, 209),
(3092, 18, 1, 209),
(3093, 21, 1, 209),
(3094, 24, 1, 209),
(3095, 27, 1, 209),
(3096, 30, 1, 209),
(3097, 2, 1, 210),
(3098, 5, 1, 210),
(3099, 8, 1, 210),
(3100, 11, 1, 210),
(3101, 14, 1, 210),
(3102, 17, 1, 210),
(3103, 20, 1, 210),
(3104, 23, 1, 210),
(3105, 26, 1, 210),
(3106, 29, 1, 210),
(3107, 2, 1, 211),
(3108, 5, 1, 211),
(3109, 8, 1, 211),
(3110, 11, 1, 211),
(3111, 14, 1, 211),
(3112, 17, 1, 211),
(3113, 20, 1, 211),
(3114, 23, 1, 211),
(3115, 26, 1, 211),
(3116, 29, 1, 211),
(3117, 1, 1, 212),
(3118, 4, 1, 212),
(3119, 7, 1, 212),
(3120, 10, 1, 212),
(3121, 13, 1, 212),
(3122, 16, 1, 212),
(3123, 19, 1, 212),
(3124, 22, 1, 212),
(3125, 25, 1, 212),
(3126, 28, 1, 212),
(3127, 31, 1, 212),
(3128, 3, 1, 213),
(3129, 6, 1, 213),
(3130, 9, 1, 213),
(3131, 12, 1, 213),
(3132, 15, 1, 213),
(3133, 18, 1, 213),
(3134, 21, 1, 213),
(3135, 24, 1, 213),
(3136, 27, 1, 213),
(3137, 30, 1, 213),
(3138, 3, 1, 214),
(3139, 6, 1, 214),
(3140, 9, 1, 214),
(3141, 12, 1, 214),
(3142, 15, 1, 214),
(3143, 18, 1, 214),
(3144, 21, 1, 214),
(3145, 24, 1, 214),
(3146, 17, 1, 215),
(3147, 20, 1, 215),
(3148, 23, 1, 215),
(3149, 26, 1, 215),
(3150, 29, 1, 215),
(3151, 1, 1, 216),
(3152, 4, 1, 216),
(3153, 7, 1, 216),
(3154, 10, 1, 216),
(3155, 13, 1, 216),
(3156, 16, 1, 216),
(3157, 19, 1, 216),
(3158, 22, 1, 216),
(3159, 25, 1, 216),
(3160, 28, 1, 216),
(3161, 1, 1, 217),
(3162, 4, 1, 217),
(3163, 7, 1, 217),
(3164, 10, 1, 217),
(3165, 13, 1, 217),
(3166, 16, 1, 217),
(3167, 19, 1, 217),
(3168, 22, 1, 217),
(3169, 25, 1, 217),
(3170, 28, 1, 217),
(3171, 31, 1, 217),
(3172, 3, 1, 218),
(3173, 6, 1, 218),
(3174, 9, 1, 218),
(3175, 12, 1, 218),
(3176, 15, 1, 218),
(3177, 18, 1, 218),
(3178, 21, 1, 218),
(3179, 24, 1, 218),
(3180, 27, 1, 218),
(3181, 30, 1, 218),
(3182, 3, 1, 219),
(3183, 6, 1, 219),
(3184, 9, 1, 219),
(3185, 12, 1, 219),
(3186, 15, 1, 219),
(3187, 18, 1, 219),
(3188, 21, 1, 219),
(3189, 24, 1, 219),
(3190, 27, 1, 219),
(3191, 30, 1, 219),
(3192, 2, 1, 220),
(3193, 5, 1, 220),
(3194, 8, 1, 220),
(3195, 11, 1, 220),
(3196, 14, 1, 220),
(3197, 17, 1, 220),
(3198, 20, 1, 220),
(3199, 23, 1, 220),
(3200, 26, 1, 220),
(3201, 29, 1, 220),
(3202, 1, 1, 221),
(3203, 4, 1, 221),
(3204, 7, 1, 221),
(3205, 10, 1, 221),
(3206, 13, 1, 221),
(3207, 16, 1, 221),
(3208, 19, 1, 221),
(3209, 22, 1, 221),
(3210, 25, 1, 221),
(3211, 28, 1, 221),
(3212, 3, 1, 222),
(3213, 6, 1, 222),
(3214, 9, 1, 222),
(3215, 12, 1, 222),
(3216, 15, 1, 222),
(3217, 18, 1, 222),
(3218, 21, 1, 222),
(3219, 24, 1, 222),
(3220, 27, 1, 222),
(3221, 30, 1, 222),
(3222, 2, 1, 223),
(3223, 5, 1, 223),
(3224, 8, 1, 223),
(3225, 11, 1, 223),
(3226, 14, 1, 223),
(3227, 17, 1, 223),
(3228, 20, 1, 223),
(3229, 23, 1, 223),
(3230, 26, 1, 223),
(3231, 29, 1, 223),
(3232, 2, 1, 224),
(3233, 5, 1, 224),
(3234, 8, 1, 224),
(3235, 11, 1, 224),
(3236, 14, 1, 224),
(3237, 17, 1, 224),
(3238, 20, 1, 224),
(3239, 23, 1, 224),
(3240, 26, 1, 224),
(3241, 29, 1, 224),
(3242, 1, 1, 225),
(3243, 4, 1, 225),
(3244, 7, 1, 225),
(3245, 10, 1, 225),
(3246, 13, 1, 225),
(3247, 16, 1, 225),
(3248, 19, 1, 225),
(3249, 22, 1, 225),
(3250, 25, 1, 225),
(3251, 28, 1, 225),
(3252, 1, 1, 226),
(3253, 4, 1, 226),
(3254, 7, 1, 226),
(3255, 10, 1, 226),
(3256, 13, 1, 226),
(3257, 16, 1, 226),
(3258, 19, 1, 226),
(3259, 22, 1, 226),
(3260, 25, 1, 226),
(3261, 28, 1, 226),
(3262, 31, 1, 226),
(3263, 3, 1, 227),
(3264, 6, 1, 227),
(3265, 9, 1, 227),
(3266, 12, 1, 227),
(3267, 15, 1, 227),
(3268, 18, 1, 227),
(3269, 21, 1, 227),
(3270, 24, 1, 227),
(3271, 27, 1, 227),
(3272, 30, 1, 227),
(3273, 2, 1, 228),
(3274, 5, 1, 228),
(3275, 8, 1, 228),
(3276, 11, 1, 228),
(3277, 14, 1, 228),
(3278, 17, 1, 228),
(3279, 20, 1, 228),
(3280, 23, 1, 228),
(3281, 26, 1, 228),
(3282, 29, 1, 228),
(3283, 2, 1, 229),
(3284, 5, 1, 229),
(3285, 8, 1, 229),
(3286, 11, 1, 229),
(3287, 14, 1, 229),
(3288, 17, 1, 229),
(3289, 20, 1, 229),
(3290, 23, 1, 229),
(3291, 26, 1, 229),
(3292, 29, 1, 229),
(3293, 1, 1, 230),
(3294, 4, 1, 230),
(3295, 7, 1, 230),
(3296, 10, 1, 230),
(3297, 13, 1, 230),
(3298, 16, 1, 230),
(3299, 19, 1, 230),
(3300, 22, 1, 230),
(3301, 25, 1, 230),
(3302, 28, 1, 230),
(3303, 1, 1, 231),
(3304, 4, 1, 231),
(3305, 7, 1, 231),
(3306, 10, 1, 231),
(3307, 13, 1, 231),
(3308, 16, 1, 231),
(3309, 19, 1, 231),
(3310, 22, 1, 231),
(3311, 25, 1, 231),
(3312, 28, 1, 231),
(3313, 31, 1, 231),
(3314, 3, 1, 232),
(3315, 6, 1, 232),
(3316, 9, 1, 232),
(3317, 12, 1, 232),
(3318, 15, 1, 232),
(3319, 18, 1, 232),
(3320, 21, 1, 232),
(3321, 24, 1, 232),
(3322, 27, 1, 232),
(3323, 30, 1, 232),
(3324, 2, 1, 233),
(3325, 5, 1, 233),
(3326, 8, 1, 233),
(3327, 11, 1, 233),
(3328, 14, 1, 233),
(3329, 17, 1, 233),
(3330, 20, 1, 233),
(3331, 23, 1, 233),
(3332, 26, 1, 233),
(3333, 1, 1, 234),
(3334, 4, 1, 234),
(3335, 7, 1, 234),
(3336, 10, 1, 234),
(3337, 13, 1, 234),
(3338, 16, 1, 234),
(3339, 19, 1, 234),
(3340, 22, 1, 234),
(3341, 25, 1, 234),
(3342, 28, 1, 234),
(3343, 31, 1, 234),
(3344, 3, 1, 235),
(3345, 6, 1, 235),
(3346, 9, 1, 235),
(3347, 12, 1, 235),
(3348, 15, 1, 235),
(3349, 18, 1, 235),
(3350, 21, 1, 235),
(3351, 24, 1, 235),
(3352, 27, 1, 235),
(3353, 30, 1, 235),
(3354, 3, 1, 236),
(3355, 6, 1, 236),
(3356, 9, 1, 236),
(3357, 12, 1, 236),
(3358, 15, 1, 236),
(3359, 18, 1, 236),
(3360, 21, 1, 236),
(3361, 24, 1, 236),
(3362, 27, 1, 236),
(3363, 30, 1, 236),
(3364, 2, 1, 237),
(3365, 5, 1, 237),
(3366, 8, 1, 237),
(3367, 11, 1, 237),
(3368, 14, 1, 237),
(3369, 17, 1, 237),
(3370, 20, 1, 237),
(3371, 23, 1, 237),
(3372, 26, 1, 237),
(3373, 29, 1, 237),
(3374, 2, 1, 238),
(3375, 5, 1, 238),
(3376, 8, 1, 238),
(3377, 11, 1, 238),
(3378, 14, 1, 238),
(3379, 17, 1, 238),
(3380, 20, 1, 238),
(3381, 23, 1, 238),
(3382, 26, 1, 238),
(3383, 29, 1, 238),
(3384, 1, 1, 239),
(3385, 4, 1, 239),
(3386, 7, 1, 239),
(3387, 10, 1, 239),
(3388, 13, 1, 239),
(3389, 16, 1, 239),
(3390, 19, 1, 239),
(3391, 22, 1, 239),
(3392, 25, 1, 239),
(3393, 28, 1, 239),
(3394, 31, 1, 239),
(3395, 3, 1, 240),
(3396, 6, 1, 240),
(3397, 9, 1, 240),
(3398, 12, 1, 240),
(3399, 15, 1, 240),
(3400, 18, 1, 240),
(3401, 21, 1, 240),
(3402, 24, 1, 240),
(3403, 27, 1, 240),
(3404, 30, 1, 240),
(3405, 3, 1, 241),
(3406, 6, 1, 241),
(3407, 9, 1, 241),
(3408, 12, 1, 241),
(3409, 15, 1, 241),
(3410, 18, 1, 241),
(3411, 21, 1, 241),
(3412, 24, 1, 241),
(3413, 17, 1, 242),
(3414, 18, 1, 242),
(3415, 19, 1, 242),
(3416, 20, 1, 242),
(3417, 21, 1, 242),
(3418, 22, 1, 242),
(3419, 23, 1, 242),
(3420, 24, 1, 242),
(3421, 25, 1, 242),
(3422, 26, 1, 242),
(3423, 27, 1, 242),
(3424, 28, 1, 242),
(3425, 29, 1, 242),
(3426, 30, 1, 242),
(3427, 31, 1, 242),
(3428, 1, 1, 243),
(3429, 2, 1, 243),
(3430, 3, 1, 243),
(3431, 4, 1, 243),
(3432, 5, 1, 243),
(3433, 6, 1, 243),
(3434, 7, 1, 243),
(3435, 8, 1, 243),
(3436, 9, 1, 243),
(3437, 10, 1, 243),
(3438, 11, 1, 243),
(3439, 12, 1, 243),
(3440, 13, 1, 243),
(3441, 14, 1, 243),
(3442, 15, 1, 243),
(3443, 16, 1, 243),
(3444, 17, 1, 243),
(3445, 18, 1, 243),
(3446, 19, 1, 243),
(3447, 20, 1, 243),
(3448, 21, 1, 243),
(3449, 22, 1, 243),
(3450, 23, 1, 243),
(3451, 24, 1, 243),
(3452, 25, 1, 243),
(3453, 26, 1, 243),
(3454, 27, 1, 243),
(3455, 28, 1, 243),
(3456, 29, 1, 243),
(3457, 30, 1, 243),
(3458, 1, 1, 244),
(3459, 2, 1, 244),
(3460, 3, 1, 244),
(3461, 4, 1, 244),
(3462, 5, 1, 244),
(3463, 6, 1, 244),
(3464, 7, 1, 244),
(3465, 8, 1, 244),
(3466, 9, 1, 244),
(3467, 10, 1, 244),
(3468, 11, 1, 244),
(3469, 12, 1, 244),
(3470, 13, 1, 244),
(3471, 14, 1, 244),
(3472, 15, 1, 244),
(3473, 16, 1, 244),
(3474, 17, 1, 244),
(3475, 18, 1, 244),
(3476, 19, 1, 244),
(3477, 20, 1, 244),
(3478, 21, 1, 244),
(3479, 22, 1, 244),
(3480, 23, 1, 244),
(3481, 24, 1, 244),
(3482, 25, 1, 244),
(3483, 26, 1, 244),
(3484, 27, 1, 244),
(3485, 28, 1, 244),
(3486, 29, 1, 244),
(3487, 30, 1, 244),
(3488, 31, 1, 244),
(3489, 1, 1, 245),
(3490, 2, 1, 245),
(3491, 3, 1, 245),
(3492, 4, 1, 245),
(3493, 5, 1, 245),
(3494, 6, 1, 245),
(3495, 7, 1, 245),
(3496, 8, 1, 245),
(3497, 9, 1, 245),
(3498, 10, 1, 245),
(3499, 11, 1, 245),
(3500, 12, 1, 245),
(3501, 13, 1, 245),
(3502, 14, 1, 245),
(3503, 15, 1, 245),
(3504, 16, 1, 245),
(3505, 17, 1, 245),
(3506, 18, 1, 245),
(3507, 19, 1, 245),
(3508, 20, 1, 245),
(3509, 21, 1, 245),
(3510, 22, 1, 245),
(3511, 23, 1, 245),
(3512, 24, 1, 245),
(3513, 25, 1, 245),
(3514, 26, 1, 245),
(3515, 27, 1, 245),
(3516, 28, 1, 245),
(3517, 29, 1, 245),
(3518, 30, 1, 245),
(3519, 1, 1, 246),
(3520, 2, 1, 246),
(3521, 3, 1, 246),
(3522, 4, 1, 246),
(3523, 5, 1, 246),
(3524, 6, 1, 246),
(3525, 7, 1, 246),
(3526, 8, 1, 246),
(3527, 9, 1, 246),
(3528, 10, 1, 246),
(3529, 11, 1, 246),
(3530, 12, 1, 246),
(3531, 13, 1, 246),
(3532, 14, 1, 246),
(3533, 15, 1, 246),
(3534, 16, 1, 246),
(3535, 17, 1, 246),
(3536, 18, 1, 246),
(3537, 19, 1, 246),
(3538, 20, 1, 246),
(3539, 21, 1, 246),
(3540, 22, 1, 246),
(3541, 23, 1, 246),
(3542, 24, 1, 246),
(3543, 25, 1, 246),
(3544, 26, 1, 246),
(3545, 27, 1, 246),
(3546, 28, 1, 246),
(3547, 29, 1, 246),
(3548, 30, 1, 246),
(3549, 31, 1, 246),
(3550, 1, 1, 247),
(3551, 2, 1, 247),
(3552, 3, 1, 247),
(3553, 4, 1, 247),
(3554, 5, 1, 247),
(3555, 6, 1, 247),
(3556, 7, 1, 247),
(3557, 8, 1, 247),
(3558, 9, 1, 247),
(3559, 10, 1, 247),
(3560, 11, 1, 247),
(3561, 12, 1, 247),
(3562, 13, 1, 247),
(3563, 14, 1, 247),
(3564, 15, 1, 247),
(3565, 16, 1, 247),
(3566, 17, 1, 247),
(3567, 18, 1, 247),
(3568, 19, 1, 247),
(3569, 20, 1, 247),
(3570, 21, 1, 247),
(3571, 22, 1, 247),
(3572, 23, 1, 247),
(3573, 24, 1, 247),
(3574, 25, 1, 247),
(3575, 26, 1, 247),
(3576, 27, 1, 247),
(3577, 28, 1, 247),
(3578, 29, 1, 247),
(3579, 30, 1, 247),
(3580, 31, 1, 247),
(3581, 1, 1, 248),
(3582, 2, 1, 248),
(3583, 3, 1, 248),
(3584, 4, 1, 248),
(3585, 5, 1, 248),
(3586, 6, 1, 248),
(3587, 7, 1, 248),
(3588, 8, 1, 248),
(3589, 9, 1, 248),
(3590, 10, 1, 248),
(3591, 11, 1, 248),
(3592, 12, 1, 248),
(3593, 13, 1, 248),
(3594, 14, 1, 248),
(3595, 15, 1, 248),
(3596, 16, 1, 248),
(3597, 17, 1, 248),
(3598, 18, 1, 248),
(3599, 19, 1, 248),
(3600, 20, 1, 248),
(3601, 21, 1, 248),
(3602, 22, 1, 248),
(3603, 23, 1, 248),
(3604, 24, 1, 248),
(3605, 25, 1, 248),
(3606, 26, 1, 248),
(3607, 27, 1, 248),
(3608, 28, 1, 248),
(3609, 1, 1, 249),
(3610, 2, 1, 249),
(3611, 3, 1, 249),
(3612, 4, 1, 249),
(3613, 5, 1, 249),
(3614, 6, 1, 249),
(3615, 7, 1, 249),
(3616, 8, 1, 249),
(3617, 9, 1, 249),
(3618, 10, 1, 249),
(3619, 11, 1, 249),
(3620, 12, 1, 249),
(3621, 13, 1, 249),
(3622, 14, 1, 249),
(3623, 15, 1, 249),
(3624, 16, 1, 249),
(3625, 17, 1, 249),
(3626, 18, 1, 249),
(3627, 19, 1, 249),
(3628, 20, 1, 249),
(3629, 21, 1, 249),
(3630, 22, 1, 249),
(3631, 23, 1, 249),
(3632, 24, 1, 249),
(3633, 25, 1, 249),
(3634, 26, 1, 249),
(3635, 27, 1, 249),
(3636, 28, 1, 249),
(3637, 29, 1, 249),
(3638, 30, 1, 249),
(3639, 31, 1, 249),
(3640, 1, 1, 250),
(3641, 2, 1, 250),
(3642, 3, 1, 250),
(3643, 4, 1, 250),
(3644, 5, 1, 250),
(3645, 6, 1, 250),
(3646, 7, 1, 250),
(3647, 8, 1, 250),
(3648, 9, 1, 250),
(3649, 10, 1, 250),
(3650, 11, 1, 250),
(3651, 12, 1, 250),
(3652, 13, 1, 250),
(3653, 14, 1, 250),
(3654, 15, 1, 250),
(3655, 16, 1, 250),
(3656, 17, 1, 250),
(3657, 18, 1, 250),
(3658, 19, 1, 250),
(3659, 20, 1, 250),
(3660, 21, 1, 250),
(3661, 22, 1, 250),
(3662, 23, 1, 250),
(3663, 24, 1, 250),
(3664, 25, 1, 250),
(3665, 26, 1, 250),
(3666, 27, 1, 250),
(3667, 28, 1, 250),
(3668, 29, 1, 250),
(3669, 30, 1, 250),
(3670, 1, 1, 251),
(3671, 2, 1, 251),
(3672, 3, 1, 251),
(3673, 4, 1, 251),
(3674, 5, 1, 251),
(3675, 6, 1, 251),
(3676, 7, 1, 251),
(3677, 8, 1, 251),
(3678, 9, 1, 251),
(3679, 10, 1, 251),
(3680, 11, 1, 251),
(3681, 12, 1, 251),
(3682, 13, 1, 251),
(3683, 14, 1, 251),
(3684, 15, 1, 251),
(3685, 16, 1, 251),
(3686, 17, 1, 251),
(3687, 18, 1, 251),
(3688, 19, 1, 251),
(3689, 20, 1, 251),
(3690, 21, 1, 251),
(3691, 22, 1, 251),
(3692, 23, 1, 251),
(3693, 24, 1, 251),
(3694, 25, 1, 251),
(3695, 26, 1, 251),
(3696, 27, 1, 251),
(3697, 28, 1, 251),
(3698, 29, 1, 251),
(3699, 30, 1, 251),
(3700, 31, 1, 251),
(3701, 1, 1, 252),
(3702, 2, 1, 252),
(3703, 3, 1, 252),
(3704, 4, 1, 252),
(3705, 5, 1, 252),
(3706, 6, 1, 252),
(3707, 7, 1, 252),
(3708, 8, 1, 252),
(3709, 9, 1, 252),
(3710, 10, 1, 252),
(3711, 11, 1, 252),
(3712, 12, 1, 252),
(3713, 13, 1, 252),
(3714, 14, 1, 252),
(3715, 15, 1, 252),
(3716, 16, 1, 252),
(3717, 17, 1, 252),
(3718, 18, 1, 252),
(3719, 19, 1, 252),
(3720, 20, 1, 252),
(3721, 21, 1, 252),
(3722, 22, 1, 252),
(3723, 23, 1, 252),
(3724, 24, 1, 252),
(3725, 25, 1, 252),
(3726, 26, 1, 252),
(3727, 27, 1, 252),
(3728, 28, 1, 252),
(3729, 29, 1, 252),
(3730, 30, 1, 252),
(3731, 1, 1, 253),
(3732, 2, 1, 253),
(3733, 3, 1, 253),
(3734, 4, 1, 253),
(3735, 5, 1, 253),
(3736, 6, 1, 253),
(3737, 7, 1, 253),
(3738, 8, 1, 253),
(3739, 9, 1, 253),
(3740, 10, 1, 253),
(3741, 11, 1, 253),
(3742, 12, 1, 253),
(3743, 13, 1, 253),
(3744, 14, 1, 253),
(3745, 15, 1, 253),
(3746, 16, 1, 253),
(3747, 17, 1, 253),
(3748, 18, 1, 253),
(3749, 19, 1, 253),
(3750, 20, 1, 253),
(3751, 21, 1, 253),
(3752, 22, 1, 253),
(3753, 23, 1, 253),
(3754, 24, 1, 253),
(3755, 25, 1, 253),
(3756, 26, 1, 253),
(3757, 27, 1, 253),
(3758, 28, 1, 253),
(3759, 29, 1, 253),
(3760, 30, 1, 253),
(3761, 31, 1, 253),
(3762, 1, 1, 254),
(3763, 2, 1, 254),
(3764, 3, 1, 254),
(3765, 4, 1, 254),
(3766, 5, 1, 254),
(3767, 6, 1, 254),
(3768, 7, 1, 254),
(3769, 8, 1, 254),
(3770, 9, 1, 254),
(3771, 10, 1, 254),
(3772, 11, 1, 254),
(3773, 12, 1, 254),
(3774, 13, 1, 254),
(3775, 14, 1, 254),
(3776, 15, 1, 254),
(3777, 16, 1, 254),
(3778, 17, 1, 254),
(3779, 18, 1, 254),
(3780, 19, 1, 254),
(3781, 20, 1, 254),
(3782, 21, 1, 254),
(3783, 22, 1, 254),
(3784, 23, 1, 254),
(3785, 24, 1, 254),
(3786, 25, 1, 254),
(3787, 26, 1, 254),
(3788, 27, 1, 254),
(3789, 28, 1, 254),
(3790, 29, 1, 254),
(3791, 30, 1, 254),
(3792, 31, 1, 254),
(3793, 1, 1, 255),
(3794, 2, 1, 255),
(3795, 3, 1, 255),
(3796, 4, 1, 255),
(3797, 5, 1, 255),
(3798, 6, 1, 255),
(3799, 7, 1, 255),
(3800, 8, 1, 255),
(3801, 9, 1, 255),
(3802, 10, 1, 255),
(3803, 11, 1, 255),
(3804, 12, 1, 255),
(3805, 13, 1, 255),
(3806, 14, 1, 255),
(3807, 15, 1, 255),
(3808, 16, 1, 255),
(3809, 17, 1, 255),
(3810, 18, 1, 255),
(3811, 19, 1, 255),
(3812, 20, 1, 255),
(3813, 21, 1, 255),
(3814, 22, 1, 255),
(3815, 23, 1, 255),
(3816, 24, 1, 255),
(3817, 25, 1, 255),
(3818, 26, 1, 255),
(3819, 27, 1, 255),
(3820, 28, 1, 255),
(3821, 29, 1, 255),
(3822, 30, 1, 255),
(3823, 1, 1, 256),
(3824, 2, 1, 256),
(3825, 3, 1, 256),
(3826, 4, 1, 256),
(3827, 5, 1, 256),
(3828, 6, 1, 256),
(3829, 7, 1, 256),
(3830, 8, 1, 256),
(3831, 9, 1, 256),
(3832, 10, 1, 256),
(3833, 11, 1, 256),
(3834, 12, 1, 256),
(3835, 13, 1, 256),
(3836, 14, 1, 256),
(3837, 15, 1, 256),
(3838, 16, 1, 256),
(3839, 17, 1, 256),
(3840, 18, 1, 256),
(3841, 19, 1, 256),
(3842, 20, 1, 256),
(3843, 21, 1, 256),
(3844, 22, 1, 256),
(3845, 23, 1, 256),
(3846, 24, 1, 256),
(3847, 25, 1, 256),
(3848, 26, 1, 256),
(3849, 27, 1, 256),
(3850, 28, 1, 256),
(3851, 29, 1, 256),
(3852, 30, 1, 256),
(3853, 31, 1, 256),
(3854, 1, 1, 257),
(3855, 2, 1, 257),
(3856, 3, 1, 257),
(3857, 4, 1, 257),
(3858, 5, 1, 257),
(3859, 6, 1, 257),
(3860, 7, 1, 257),
(3861, 8, 1, 257),
(3862, 9, 1, 257),
(3863, 10, 1, 257),
(3864, 11, 1, 257),
(3865, 12, 1, 257),
(3866, 13, 1, 257),
(3867, 14, 1, 257),
(3868, 15, 1, 257),
(3869, 16, 1, 257),
(3870, 17, 1, 257),
(3871, 18, 1, 257),
(3872, 19, 1, 257),
(3873, 20, 1, 257),
(3874, 21, 1, 257),
(3875, 22, 1, 257),
(3876, 23, 1, 257),
(3877, 24, 1, 257),
(3878, 25, 1, 257),
(3879, 26, 1, 257),
(3880, 27, 1, 257),
(3881, 28, 1, 257),
(3882, 29, 1, 257),
(3883, 30, 1, 257),
(3884, 1, 1, 258),
(3885, 2, 1, 258),
(3886, 3, 1, 258),
(3887, 4, 1, 258),
(3888, 5, 1, 258),
(3889, 6, 1, 258),
(3890, 7, 1, 258),
(3891, 8, 1, 258),
(3892, 9, 1, 258),
(3893, 10, 1, 258),
(3894, 11, 1, 258),
(3895, 12, 1, 258),
(3896, 13, 1, 258),
(3897, 14, 1, 258),
(3898, 15, 1, 258),
(3899, 16, 1, 258),
(3900, 17, 1, 258),
(3901, 18, 1, 258),
(3902, 19, 1, 258),
(3903, 20, 1, 258),
(3904, 21, 1, 258),
(3905, 22, 1, 258),
(3906, 23, 1, 258),
(3907, 24, 1, 258),
(3908, 25, 1, 258),
(3909, 26, 1, 258),
(3910, 27, 1, 258),
(3911, 28, 1, 258),
(3912, 29, 1, 258),
(3913, 30, 1, 258),
(3914, 31, 1, 258),
(3915, 1, 1, 259),
(3916, 2, 1, 259),
(3917, 3, 1, 259),
(3918, 4, 1, 259),
(3919, 5, 1, 259),
(3920, 6, 1, 259),
(3921, 7, 1, 259),
(3922, 8, 1, 259),
(3923, 9, 1, 259),
(3924, 10, 1, 259),
(3925, 11, 1, 259),
(3926, 12, 1, 259),
(3927, 13, 1, 259),
(3928, 14, 1, 259),
(3929, 15, 1, 259),
(3930, 16, 1, 259),
(3931, 17, 1, 259),
(3932, 18, 1, 259),
(3933, 19, 1, 259),
(3934, 20, 1, 259),
(3935, 21, 1, 259),
(3936, 22, 1, 259),
(3937, 23, 1, 259),
(3938, 24, 1, 259),
(3939, 25, 1, 259),
(3940, 26, 1, 259),
(3941, 27, 1, 259),
(3942, 28, 1, 259),
(3943, 29, 1, 259),
(3944, 30, 1, 259),
(3945, 31, 1, 259),
(3946, 1, 1, 260),
(3947, 2, 1, 260),
(3948, 3, 1, 260),
(3949, 4, 1, 260),
(3950, 5, 1, 260),
(3951, 6, 1, 260),
(3952, 7, 1, 260),
(3953, 8, 1, 260),
(3954, 9, 1, 260),
(3955, 10, 1, 260),
(3956, 11, 1, 260),
(3957, 12, 1, 260),
(3958, 13, 1, 260),
(3959, 14, 1, 260),
(3960, 15, 1, 260),
(3961, 16, 1, 260),
(3962, 17, 1, 260),
(3963, 18, 1, 260),
(3964, 19, 1, 260),
(3965, 20, 1, 260),
(3966, 21, 1, 260),
(3967, 22, 1, 260),
(3968, 23, 1, 260),
(3969, 24, 1, 260),
(3970, 25, 1, 260),
(3971, 26, 1, 260),
(3972, 27, 1, 260),
(3973, 28, 1, 260),
(3974, 1, 1, 261),
(3975, 2, 1, 261),
(3976, 3, 1, 261),
(3977, 4, 1, 261),
(3978, 5, 1, 261),
(3979, 6, 1, 261),
(3980, 7, 1, 261),
(3981, 8, 1, 261),
(3982, 9, 1, 261),
(3983, 10, 1, 261),
(3984, 11, 1, 261),
(3985, 12, 1, 261),
(3986, 13, 1, 261),
(3987, 14, 1, 261),
(3988, 15, 1, 261),
(3989, 16, 1, 261),
(3990, 17, 1, 261),
(3991, 18, 1, 261),
(3992, 19, 1, 261),
(3993, 20, 1, 261),
(3994, 21, 1, 261),
(3995, 22, 1, 261),
(3996, 23, 1, 261),
(3997, 24, 1, 261),
(3998, 25, 1, 261),
(3999, 26, 1, 261),
(4000, 27, 1, 261),
(4001, 28, 1, 261),
(4002, 29, 1, 261),
(4003, 30, 1, 261),
(4004, 31, 1, 261),
(4005, 1, 1, 262),
(4006, 2, 1, 262),
(4007, 3, 1, 262),
(4008, 4, 1, 262),
(4009, 5, 1, 262),
(4010, 6, 1, 262),
(4011, 7, 1, 262),
(4012, 8, 1, 262),
(4013, 9, 1, 262),
(4014, 10, 1, 262),
(4015, 11, 1, 262),
(4016, 12, 1, 262),
(4017, 13, 1, 262),
(4018, 14, 1, 262),
(4019, 15, 1, 262),
(4020, 16, 1, 262),
(4021, 17, 1, 262),
(4022, 18, 1, 262),
(4023, 19, 1, 262),
(4024, 20, 1, 262),
(4025, 21, 1, 262),
(4026, 22, 1, 262),
(4027, 23, 1, 262),
(4028, 24, 1, 262),
(4029, 25, 1, 262),
(4030, 26, 1, 262),
(4031, 27, 1, 262),
(4032, 28, 1, 262),
(4033, 29, 1, 262),
(4034, 30, 1, 262),
(4035, 1, 1, 263),
(4036, 2, 1, 263),
(4037, 3, 1, 263),
(4038, 4, 1, 263),
(4039, 5, 1, 263),
(4040, 6, 1, 263),
(4041, 7, 1, 263),
(4042, 8, 1, 263),
(4043, 9, 1, 263),
(4044, 10, 1, 263),
(4045, 11, 1, 263),
(4046, 12, 1, 263),
(4047, 13, 1, 263),
(4048, 14, 1, 263),
(4049, 15, 1, 263),
(4050, 16, 1, 263),
(4051, 17, 1, 263),
(4052, 18, 1, 263),
(4053, 19, 1, 263),
(4054, 20, 1, 263),
(4055, 21, 1, 263),
(4056, 22, 1, 263),
(4057, 23, 1, 263),
(4058, 24, 1, 263),
(4059, 25, 1, 263),
(4060, 26, 1, 263),
(4061, 27, 1, 263),
(4062, 28, 1, 263),
(4063, 29, 1, 263),
(4064, 30, 1, 263),
(4065, 31, 1, 263),
(4066, 1, 1, 264),
(4067, 2, 1, 264),
(4068, 3, 1, 264),
(4069, 4, 1, 264),
(4070, 5, 1, 264),
(4071, 6, 1, 264),
(4072, 7, 1, 264),
(4073, 8, 1, 264),
(4074, 9, 1, 264),
(4075, 10, 1, 264),
(4076, 11, 1, 264),
(4077, 12, 1, 264),
(4078, 13, 1, 264),
(4079, 14, 1, 264),
(4080, 15, 1, 264),
(4081, 16, 1, 264),
(4082, 17, 1, 264),
(4083, 18, 1, 264),
(4084, 19, 1, 264),
(4085, 20, 1, 264),
(4086, 21, 1, 264),
(4087, 22, 1, 264),
(4088, 23, 1, 264),
(4089, 24, 1, 264),
(4090, 25, 1, 264),
(4091, 26, 1, 264),
(4092, 27, 1, 264),
(4093, 28, 1, 264),
(4094, 29, 1, 264),
(4095, 30, 1, 264),
(4096, 1, 1, 265),
(4097, 2, 1, 265),
(4098, 3, 1, 265),
(4099, 4, 1, 265),
(4100, 5, 1, 265),
(4101, 6, 1, 265),
(4102, 7, 1, 265),
(4103, 8, 1, 265),
(4104, 9, 1, 265),
(4105, 10, 1, 265),
(4106, 11, 1, 265),
(4107, 12, 1, 265),
(4108, 13, 1, 265),
(4109, 14, 1, 265),
(4110, 15, 1, 265),
(4111, 16, 1, 265),
(4112, 17, 1, 265),
(4113, 18, 1, 265),
(4114, 19, 1, 265),
(4115, 20, 1, 265),
(4116, 21, 1, 265),
(4117, 22, 1, 265),
(4118, 23, 1, 265),
(4119, 24, 1, 265),
(4120, 25, 1, 265),
(4121, 26, 1, 265),
(4122, 27, 1, 265),
(4123, 28, 1, 265),
(4124, 29, 1, 265),
(4125, 30, 1, 265),
(4126, 31, 1, 265),
(4127, 1, 1, 266),
(4128, 2, 1, 266),
(4129, 3, 1, 266),
(4130, 4, 1, 266),
(4131, 5, 1, 266),
(4132, 6, 1, 266),
(4133, 7, 1, 266),
(4134, 8, 1, 266),
(4135, 9, 1, 266),
(4136, 10, 1, 266),
(4137, 11, 1, 266),
(4138, 12, 1, 266),
(4139, 13, 1, 266),
(4140, 14, 1, 266),
(4141, 15, 1, 266),
(4142, 16, 1, 266),
(4143, 17, 1, 266),
(4144, 18, 1, 266),
(4145, 19, 1, 266),
(4146, 20, 1, 266),
(4147, 21, 1, 266),
(4148, 22, 1, 266),
(4149, 23, 1, 266),
(4150, 24, 1, 266),
(4151, 25, 1, 266),
(4152, 26, 1, 266),
(4153, 27, 1, 266),
(4154, 28, 1, 266),
(4155, 29, 1, 266),
(4156, 30, 1, 266),
(4157, 31, 1, 266),
(4158, 1, 1, 267),
(4159, 2, 1, 267),
(4160, 3, 1, 267),
(4161, 4, 1, 267),
(4162, 5, 1, 267),
(4163, 6, 1, 267),
(4164, 7, 1, 267),
(4165, 8, 1, 267),
(4166, 9, 1, 267),
(4167, 10, 1, 267),
(4168, 11, 1, 267),
(4169, 12, 1, 267),
(4170, 13, 1, 267),
(4171, 14, 1, 267),
(4172, 15, 1, 267),
(4173, 16, 1, 267),
(4174, 17, 1, 267),
(4175, 18, 1, 267),
(4176, 19, 1, 267),
(4177, 20, 1, 267),
(4178, 21, 1, 267),
(4179, 22, 1, 267),
(4180, 23, 1, 267),
(4181, 24, 1, 267),
(4182, 25, 1, 267),
(4183, 26, 1, 267),
(4184, 27, 1, 267),
(4185, 28, 1, 267),
(4186, 29, 1, 267),
(4187, 30, 1, 267),
(4188, 1, 1, 268),
(4189, 2, 1, 268),
(4190, 3, 1, 268),
(4191, 4, 1, 268),
(4192, 5, 1, 268),
(4193, 6, 1, 268),
(4194, 7, 1, 268),
(4195, 8, 1, 268),
(4196, 9, 1, 268),
(4197, 10, 1, 268),
(4198, 11, 1, 268),
(4199, 12, 1, 268),
(4200, 13, 1, 268),
(4201, 14, 1, 268),
(4202, 15, 1, 268),
(4203, 16, 1, 268),
(4204, 17, 1, 268),
(4205, 18, 1, 268),
(4206, 19, 1, 268),
(4207, 20, 1, 268),
(4208, 21, 1, 268),
(4209, 22, 1, 268),
(4210, 23, 1, 268),
(4211, 24, 1, 268),
(4212, 25, 1, 268),
(4213, 17, 1, 269),
(4214, 18, 1, 269),
(4215, 19, 1, 269),
(4216, 20, 1, 269),
(4217, 21, 1, 269),
(4218, 22, 1, 269),
(4219, 23, 1, 269),
(4220, 24, 1, 269),
(4221, 25, 1, 269),
(4222, 26, 1, 269),
(4223, 27, 1, 269),
(4224, 28, 1, 269),
(4225, 29, 1, 269),
(4226, 30, 1, 269),
(4227, 31, 1, 269),
(4228, 1, 1, 270),
(4229, 2, 1, 270),
(4230, 3, 1, 270),
(4231, 4, 1, 270),
(4232, 5, 1, 270),
(4233, 6, 1, 270),
(4234, 7, 1, 270),
(4235, 8, 1, 270),
(4236, 9, 1, 270),
(4237, 10, 1, 270),
(4238, 11, 1, 270),
(4239, 12, 1, 270),
(4240, 13, 1, 270),
(4241, 14, 1, 270),
(4242, 15, 1, 270),
(4243, 16, 1, 270),
(4244, 17, 1, 270),
(4245, 18, 1, 270),
(4246, 19, 1, 270),
(4247, 20, 1, 270),
(4248, 21, 1, 270),
(4249, 22, 1, 270),
(4250, 23, 1, 270),
(4251, 24, 1, 270),
(4252, 25, 1, 270),
(4253, 26, 1, 270),
(4254, 27, 1, 270),
(4255, 28, 1, 270),
(4256, 29, 1, 270),
(4257, 30, 1, 270),
(4258, 1, 1, 271),
(4259, 2, 1, 271),
(4260, 3, 1, 271),
(4261, 4, 1, 271),
(4262, 5, 1, 271),
(4263, 6, 1, 271),
(4264, 7, 1, 271),
(4265, 8, 1, 271),
(4266, 9, 1, 271),
(4267, 10, 1, 271),
(4268, 11, 1, 271),
(4269, 12, 1, 271),
(4270, 13, 1, 271),
(4271, 14, 1, 271),
(4272, 15, 1, 271),
(4273, 16, 1, 271),
(4274, 17, 1, 271),
(4275, 18, 1, 271),
(4276, 19, 1, 271),
(4277, 20, 1, 271),
(4278, 21, 1, 271),
(4279, 22, 1, 271),
(4280, 23, 1, 271),
(4281, 24, 1, 271),
(4282, 25, 1, 271),
(4283, 26, 1, 271),
(4284, 27, 1, 271),
(4285, 28, 1, 271),
(4286, 29, 1, 271),
(4287, 30, 1, 271),
(4288, 31, 1, 271),
(4289, 1, 1, 272),
(4290, 2, 1, 272),
(4291, 3, 1, 272),
(4292, 4, 1, 272),
(4293, 5, 1, 272),
(4294, 6, 1, 272),
(4295, 7, 1, 272),
(4296, 8, 1, 272),
(4297, 9, 1, 272),
(4298, 10, 1, 272),
(4299, 11, 1, 272),
(4300, 12, 1, 272),
(4301, 13, 1, 272),
(4302, 14, 1, 272),
(4303, 15, 1, 272),
(4304, 16, 1, 272),
(4305, 17, 1, 272),
(4306, 18, 1, 272),
(4307, 19, 1, 272),
(4308, 20, 1, 272),
(4309, 21, 1, 272),
(4310, 22, 1, 272),
(4311, 23, 1, 272),
(4312, 24, 1, 272),
(4313, 25, 1, 272),
(4314, 26, 1, 272),
(4315, 27, 1, 272),
(4316, 28, 1, 272),
(4317, 29, 1, 272),
(4318, 30, 1, 272),
(4319, 1, 1, 273),
(4320, 2, 1, 273),
(4321, 3, 1, 273),
(4322, 4, 1, 273),
(4323, 5, 1, 273),
(4324, 6, 1, 273),
(4325, 7, 1, 273),
(4326, 8, 1, 273),
(4327, 9, 1, 273),
(4328, 10, 1, 273),
(4329, 11, 1, 273),
(4330, 12, 1, 273),
(4331, 13, 1, 273),
(4332, 14, 1, 273),
(4333, 15, 1, 273),
(4334, 16, 1, 273),
(4335, 17, 1, 273),
(4336, 18, 1, 273),
(4337, 19, 1, 273),
(4338, 20, 1, 273),
(4339, 21, 1, 273),
(4340, 22, 1, 273),
(4341, 23, 1, 273),
(4342, 24, 1, 273),
(4343, 25, 1, 273),
(4344, 26, 1, 273),
(4345, 27, 1, 273),
(4346, 28, 1, 273),
(4347, 29, 1, 273),
(4348, 30, 1, 273),
(4349, 31, 1, 273),
(4350, 1, 1, 274),
(4351, 2, 1, 274),
(4352, 3, 1, 274),
(4353, 4, 1, 274),
(4354, 5, 1, 274),
(4355, 6, 1, 274),
(4356, 7, 1, 274),
(4357, 8, 1, 274),
(4358, 9, 1, 274),
(4359, 10, 1, 274),
(4360, 11, 1, 274),
(4361, 12, 1, 274),
(4362, 13, 1, 274),
(4363, 14, 1, 274),
(4364, 15, 1, 274),
(4365, 16, 1, 274),
(4366, 17, 1, 274),
(4367, 18, 1, 274),
(4368, 19, 1, 274),
(4369, 20, 1, 274),
(4370, 21, 1, 274),
(4371, 22, 1, 274),
(4372, 23, 1, 274),
(4373, 24, 1, 274),
(4374, 25, 1, 274),
(4375, 26, 1, 274),
(4376, 27, 1, 274),
(4377, 28, 1, 274),
(4378, 29, 1, 274),
(4379, 30, 1, 274),
(4380, 31, 1, 274),
(4381, 1, 1, 275),
(4382, 2, 1, 275),
(4383, 3, 1, 275),
(4384, 4, 1, 275),
(4385, 5, 1, 275),
(4386, 6, 1, 275),
(4387, 7, 1, 275),
(4388, 8, 1, 275),
(4389, 9, 1, 275),
(4390, 10, 1, 275),
(4391, 11, 1, 275),
(4392, 12, 1, 275),
(4393, 13, 1, 275),
(4394, 14, 1, 275),
(4395, 15, 1, 275),
(4396, 16, 1, 275),
(4397, 17, 1, 275),
(4398, 18, 1, 275),
(4399, 19, 1, 275),
(4400, 20, 1, 275),
(4401, 21, 1, 275),
(4402, 22, 1, 275),
(4403, 23, 1, 275),
(4404, 24, 1, 275),
(4405, 25, 1, 275),
(4406, 26, 1, 275),
(4407, 27, 1, 275),
(4408, 28, 1, 275),
(4409, 1, 1, 276),
(4410, 2, 1, 276),
(4411, 3, 1, 276),
(4412, 4, 1, 276),
(4413, 5, 1, 276),
(4414, 6, 1, 276),
(4415, 7, 1, 276),
(4416, 8, 1, 276),
(4417, 9, 1, 276),
(4418, 10, 1, 276),
(4419, 11, 1, 276),
(4420, 12, 1, 276),
(4421, 13, 1, 276),
(4422, 14, 1, 276),
(4423, 15, 1, 276),
(4424, 16, 1, 276),
(4425, 17, 1, 276),
(4426, 18, 1, 276),
(4427, 19, 1, 276),
(4428, 20, 1, 276),
(4429, 21, 1, 276),
(4430, 22, 1, 276),
(4431, 23, 1, 276),
(4432, 24, 1, 276),
(4433, 25, 1, 276),
(4434, 26, 1, 276),
(4435, 27, 1, 276),
(4436, 28, 1, 276),
(4437, 29, 1, 276),
(4438, 30, 1, 276),
(4439, 31, 1, 276),
(4440, 1, 1, 277),
(4441, 2, 1, 277),
(4442, 3, 1, 277),
(4443, 4, 1, 277),
(4444, 5, 1, 277),
(4445, 6, 1, 277),
(4446, 7, 1, 277),
(4447, 8, 1, 277),
(4448, 9, 1, 277),
(4449, 10, 1, 277),
(4450, 11, 1, 277),
(4451, 12, 1, 277),
(4452, 13, 1, 277),
(4453, 14, 1, 277),
(4454, 15, 1, 277),
(4455, 16, 1, 277),
(4456, 17, 1, 277),
(4457, 18, 1, 277),
(4458, 19, 1, 277),
(4459, 20, 1, 277),
(4460, 21, 1, 277),
(4461, 22, 1, 277),
(4462, 23, 1, 277),
(4463, 24, 1, 277),
(4464, 25, 1, 277),
(4465, 26, 1, 277),
(4466, 27, 1, 277),
(4467, 28, 1, 277),
(4468, 29, 1, 277),
(4469, 30, 1, 277),
(4470, 1, 1, 278),
(4471, 2, 1, 278),
(4472, 3, 1, 278),
(4473, 4, 1, 278),
(4474, 5, 1, 278),
(4475, 6, 1, 278),
(4476, 7, 1, 278),
(4477, 8, 1, 278),
(4478, 9, 1, 278),
(4479, 10, 1, 278),
(4480, 11, 1, 278),
(4481, 12, 1, 278),
(4482, 13, 1, 278),
(4483, 14, 1, 278),
(4484, 15, 1, 278),
(4485, 16, 1, 278),
(4486, 17, 1, 278),
(4487, 18, 1, 278),
(4488, 19, 1, 278),
(4489, 20, 1, 278),
(4490, 21, 1, 278),
(4491, 22, 1, 278),
(4492, 23, 1, 278),
(4493, 24, 1, 278),
(4494, 25, 1, 278),
(4495, 26, 1, 278),
(4496, 27, 1, 278),
(4497, 28, 1, 278),
(4498, 29, 1, 278),
(4499, 30, 1, 278),
(4500, 31, 1, 278),
(4501, 1, 1, 279),
(4502, 2, 1, 279),
(4503, 3, 1, 279),
(4504, 4, 1, 279),
(4505, 5, 1, 279),
(4506, 6, 1, 279),
(4507, 7, 1, 279),
(4508, 8, 1, 279),
(4509, 9, 1, 279),
(4510, 10, 1, 279),
(4511, 11, 1, 279),
(4512, 12, 1, 279),
(4513, 13, 1, 279),
(4514, 14, 1, 279),
(4515, 15, 1, 279),
(4516, 16, 1, 279),
(4517, 17, 1, 279),
(4518, 18, 1, 279),
(4519, 19, 1, 279),
(4520, 20, 1, 279),
(4521, 21, 1, 279),
(4522, 22, 1, 279),
(4523, 23, 1, 279),
(4524, 24, 1, 279),
(4525, 25, 1, 279),
(4526, 26, 1, 279),
(4527, 27, 1, 279),
(4528, 28, 1, 279),
(4529, 29, 1, 279),
(4530, 30, 1, 279),
(4531, 1, 1, 280),
(4532, 2, 1, 280),
(4533, 3, 1, 280),
(4534, 4, 1, 280),
(4535, 5, 1, 280),
(4536, 6, 1, 280),
(4537, 7, 1, 280),
(4538, 8, 1, 280),
(4539, 9, 1, 280),
(4540, 10, 1, 280),
(4541, 11, 1, 280),
(4542, 12, 1, 280),
(4543, 13, 1, 280),
(4544, 14, 1, 280),
(4545, 15, 1, 280),
(4546, 16, 1, 280),
(4547, 17, 1, 280),
(4548, 18, 1, 280),
(4549, 19, 1, 280),
(4550, 20, 1, 280),
(4551, 21, 1, 280),
(4552, 22, 1, 280),
(4553, 23, 1, 280),
(4554, 24, 1, 280),
(4555, 25, 1, 280),
(4556, 26, 1, 280),
(4557, 27, 1, 280),
(4558, 28, 1, 280),
(4559, 29, 1, 280),
(4560, 30, 1, 280),
(4561, 31, 1, 280),
(4562, 1, 1, 281),
(4563, 2, 1, 281),
(4564, 3, 1, 281),
(4565, 4, 1, 281),
(4566, 5, 1, 281),
(4567, 6, 1, 281),
(4568, 7, 1, 281),
(4569, 8, 1, 281),
(4570, 9, 1, 281),
(4571, 10, 1, 281),
(4572, 11, 1, 281),
(4573, 12, 1, 281),
(4574, 13, 1, 281),
(4575, 14, 1, 281),
(4576, 15, 1, 281),
(4577, 16, 1, 281),
(4578, 17, 1, 281),
(4579, 18, 1, 281),
(4580, 19, 1, 281),
(4581, 20, 1, 281),
(4582, 21, 1, 281),
(4583, 22, 1, 281),
(4584, 23, 1, 281),
(4585, 24, 1, 281),
(4586, 25, 1, 281),
(4587, 26, 1, 281),
(4588, 27, 1, 281),
(4589, 28, 1, 281),
(4590, 29, 1, 281),
(4591, 30, 1, 281),
(4592, 31, 1, 281),
(4593, 1, 1, 282),
(4594, 2, 1, 282),
(4595, 3, 1, 282),
(4596, 4, 1, 282),
(4597, 5, 1, 282),
(4598, 6, 1, 282),
(4599, 7, 1, 282),
(4600, 8, 1, 282),
(4601, 9, 1, 282),
(4602, 10, 1, 282),
(4603, 11, 1, 282),
(4604, 12, 1, 282),
(4605, 13, 1, 282),
(4606, 14, 1, 282),
(4607, 15, 1, 282),
(4608, 16, 1, 282),
(4609, 17, 1, 282),
(4610, 18, 1, 282),
(4611, 19, 1, 282),
(4612, 20, 1, 282),
(4613, 21, 1, 282),
(4614, 22, 1, 282),
(4615, 23, 1, 282),
(4616, 24, 1, 282),
(4617, 25, 1, 282),
(4618, 26, 1, 282),
(4619, 27, 1, 282),
(4620, 28, 1, 282),
(4621, 29, 1, 282),
(4622, 30, 1, 282),
(4623, 1, 1, 283),
(4624, 2, 1, 283),
(4625, 3, 1, 283),
(4626, 4, 1, 283),
(4627, 5, 1, 283),
(4628, 6, 1, 283),
(4629, 7, 1, 283),
(4630, 8, 1, 283),
(4631, 9, 1, 283),
(4632, 10, 1, 283),
(4633, 11, 1, 283),
(4634, 12, 1, 283),
(4635, 13, 1, 283),
(4636, 14, 1, 283),
(4637, 15, 1, 283),
(4638, 16, 1, 283),
(4639, 17, 1, 283),
(4640, 18, 1, 283),
(4641, 19, 1, 283),
(4642, 20, 1, 283),
(4643, 21, 1, 283),
(4644, 22, 1, 283),
(4645, 23, 1, 283),
(4646, 24, 1, 283),
(4647, 25, 1, 283),
(4648, 26, 1, 283),
(4649, 27, 1, 283),
(4650, 28, 1, 283),
(4651, 29, 1, 283),
(4652, 30, 1, 283),
(4653, 31, 1, 283),
(4654, 1, 1, 284),
(4655, 2, 1, 284),
(4656, 3, 1, 284),
(4657, 4, 1, 284),
(4658, 5, 1, 284),
(4659, 6, 1, 284),
(4660, 7, 1, 284),
(4661, 8, 1, 284),
(4662, 9, 1, 284),
(4663, 10, 1, 284),
(4664, 11, 1, 284),
(4665, 12, 1, 284),
(4666, 13, 1, 284),
(4667, 14, 1, 284),
(4668, 15, 1, 284),
(4669, 16, 1, 284),
(4670, 17, 1, 284),
(4671, 18, 1, 284),
(4672, 19, 1, 284),
(4673, 20, 1, 284),
(4674, 21, 1, 284),
(4675, 22, 1, 284),
(4676, 23, 1, 284),
(4677, 24, 1, 284),
(4678, 25, 1, 284),
(4679, 26, 1, 284),
(4680, 27, 1, 284),
(4681, 28, 1, 284),
(4682, 29, 1, 284),
(4683, 30, 1, 284),
(4684, 1, 1, 285),
(4685, 2, 1, 285),
(4686, 3, 1, 285),
(4687, 4, 1, 285),
(4688, 5, 1, 285),
(4689, 6, 1, 285),
(4690, 7, 1, 285),
(4691, 8, 1, 285),
(4692, 9, 1, 285),
(4693, 10, 1, 285),
(4694, 11, 1, 285),
(4695, 12, 1, 285),
(4696, 13, 1, 285),
(4697, 14, 1, 285),
(4698, 15, 1, 285),
(4699, 16, 1, 285),
(4700, 17, 1, 285),
(4701, 18, 1, 285),
(4702, 19, 1, 285),
(4703, 20, 1, 285),
(4704, 21, 1, 285),
(4705, 22, 1, 285),
(4706, 23, 1, 285),
(4707, 24, 1, 285),
(4708, 25, 1, 285),
(4709, 26, 1, 285),
(4710, 27, 1, 285),
(4711, 28, 1, 285),
(4712, 29, 1, 285),
(4713, 30, 1, 285),
(4714, 31, 1, 285),
(4715, 1, 1, 286),
(4716, 2, 1, 286),
(4717, 3, 1, 286),
(4718, 4, 1, 286),
(4719, 5, 1, 286),
(4720, 6, 1, 286),
(4721, 7, 1, 286),
(4722, 8, 1, 286),
(4723, 9, 1, 286),
(4724, 10, 1, 286),
(4725, 11, 1, 286),
(4726, 12, 1, 286),
(4727, 13, 1, 286),
(4728, 14, 1, 286),
(4729, 15, 1, 286),
(4730, 16, 1, 286),
(4731, 17, 1, 286),
(4732, 18, 1, 286),
(4733, 19, 1, 286),
(4734, 20, 1, 286),
(4735, 21, 1, 286),
(4736, 22, 1, 286),
(4737, 23, 1, 286),
(4738, 24, 1, 286),
(4739, 25, 1, 286),
(4740, 26, 1, 286),
(4741, 27, 1, 286),
(4742, 28, 1, 286),
(4743, 29, 1, 286),
(4744, 30, 1, 286),
(4745, 31, 1, 286),
(4746, 1, 1, 287),
(4747, 2, 1, 287),
(4748, 3, 1, 287),
(4749, 4, 1, 287),
(4750, 5, 1, 287),
(4751, 6, 1, 287),
(4752, 7, 1, 287),
(4753, 8, 1, 287),
(4754, 9, 1, 287),
(4755, 10, 1, 287),
(4756, 11, 1, 287),
(4757, 12, 1, 287),
(4758, 13, 1, 287),
(4759, 14, 1, 287),
(4760, 15, 1, 287),
(4761, 16, 1, 287),
(4762, 17, 1, 287),
(4763, 18, 1, 287),
(4764, 19, 1, 287),
(4765, 20, 1, 287),
(4766, 21, 1, 287),
(4767, 22, 1, 287),
(4768, 23, 1, 287),
(4769, 24, 1, 287),
(4770, 25, 1, 287),
(4771, 26, 1, 287),
(4772, 27, 1, 287),
(4773, 28, 1, 287),
(4774, 1, 1, 288),
(4775, 2, 1, 288),
(4776, 3, 1, 288),
(4777, 4, 1, 288),
(4778, 5, 1, 288),
(4779, 6, 1, 288),
(4780, 7, 1, 288),
(4781, 8, 1, 288),
(4782, 9, 1, 288),
(4783, 10, 1, 288),
(4784, 11, 1, 288),
(4785, 12, 1, 288),
(4786, 13, 1, 288),
(4787, 14, 1, 288),
(4788, 15, 1, 288),
(4789, 16, 1, 288),
(4790, 17, 1, 288),
(4791, 18, 1, 288),
(4792, 19, 1, 288),
(4793, 20, 1, 288),
(4794, 21, 1, 288),
(4795, 22, 1, 288),
(4796, 23, 1, 288),
(4797, 24, 1, 288),
(4798, 25, 1, 288),
(4799, 26, 1, 288),
(4800, 27, 1, 288),
(4801, 28, 1, 288),
(4802, 29, 1, 288),
(4803, 30, 1, 288),
(4804, 31, 1, 288),
(4805, 1, 1, 289),
(4806, 2, 1, 289),
(4807, 3, 1, 289),
(4808, 4, 1, 289),
(4809, 5, 1, 289),
(4810, 6, 1, 289),
(4811, 7, 1, 289),
(4812, 8, 1, 289),
(4813, 9, 1, 289),
(4814, 10, 1, 289),
(4815, 11, 1, 289),
(4816, 12, 1, 289),
(4817, 13, 1, 289),
(4818, 14, 1, 289),
(4819, 15, 1, 289),
(4820, 16, 1, 289),
(4821, 17, 1, 289),
(4822, 18, 1, 289),
(4823, 19, 1, 289),
(4824, 20, 1, 289),
(4825, 21, 1, 289),
(4826, 22, 1, 289),
(4827, 23, 1, 289),
(4828, 24, 1, 289),
(4829, 25, 1, 289),
(4830, 26, 1, 289),
(4831, 27, 1, 289),
(4832, 28, 1, 289),
(4833, 29, 1, 289),
(4834, 30, 1, 289),
(4835, 1, 1, 290),
(4836, 2, 1, 290),
(4837, 3, 1, 290),
(4838, 4, 1, 290),
(4839, 5, 1, 290),
(4840, 6, 1, 290),
(4841, 7, 1, 290),
(4842, 8, 1, 290),
(4843, 9, 1, 290),
(4844, 10, 1, 290),
(4845, 11, 1, 290),
(4846, 12, 1, 290),
(4847, 13, 1, 290),
(4848, 14, 1, 290),
(4849, 15, 1, 290),
(4850, 16, 1, 290),
(4851, 17, 1, 290),
(4852, 18, 1, 290),
(4853, 19, 1, 290),
(4854, 20, 1, 290),
(4855, 21, 1, 290),
(4856, 22, 1, 290),
(4857, 23, 1, 290),
(4858, 24, 1, 290),
(4859, 25, 1, 290),
(4860, 26, 1, 290),
(4861, 27, 1, 290),
(4862, 28, 1, 290),
(4863, 29, 1, 290),
(4864, 30, 1, 290),
(4865, 31, 1, 290),
(4866, 1, 1, 291),
(4867, 2, 1, 291),
(4868, 3, 1, 291),
(4869, 4, 1, 291),
(4870, 5, 1, 291),
(4871, 6, 1, 291),
(4872, 7, 1, 291),
(4873, 8, 1, 291),
(4874, 9, 1, 291),
(4875, 10, 1, 291),
(4876, 11, 1, 291),
(4877, 12, 1, 291),
(4878, 13, 1, 291),
(4879, 14, 1, 291),
(4880, 15, 1, 291),
(4881, 16, 1, 291),
(4882, 17, 1, 291),
(4883, 18, 1, 291),
(4884, 19, 1, 291),
(4885, 20, 1, 291),
(4886, 21, 1, 291),
(4887, 22, 1, 291),
(4888, 23, 1, 291),
(4889, 24, 1, 291),
(4890, 25, 1, 291),
(4891, 26, 1, 291),
(4892, 27, 1, 291),
(4893, 28, 1, 291),
(4894, 29, 1, 291),
(4895, 30, 1, 291),
(4896, 1, 1, 292),
(4897, 2, 1, 292),
(4898, 3, 1, 292),
(4899, 4, 1, 292),
(4900, 5, 1, 292),
(4901, 6, 1, 292),
(4902, 7, 1, 292),
(4903, 8, 1, 292),
(4904, 9, 1, 292),
(4905, 10, 1, 292),
(4906, 11, 1, 292),
(4907, 12, 1, 292),
(4908, 13, 1, 292),
(4909, 14, 1, 292),
(4910, 15, 1, 292),
(4911, 16, 1, 292),
(4912, 17, 1, 292),
(4913, 18, 1, 292),
(4914, 19, 1, 292),
(4915, 20, 1, 292),
(4916, 21, 1, 292),
(4917, 22, 1, 292),
(4918, 23, 1, 292),
(4919, 24, 1, 292),
(4920, 25, 1, 292),
(4921, 26, 1, 292),
(4922, 27, 1, 292),
(4923, 28, 1, 292),
(4924, 29, 1, 292),
(4925, 30, 1, 292),
(4926, 31, 1, 292),
(4927, 1, 1, 293),
(4928, 2, 1, 293),
(4929, 3, 1, 293),
(4930, 4, 1, 293),
(4931, 5, 1, 293),
(4932, 6, 1, 293),
(4933, 7, 1, 293),
(4934, 8, 1, 293),
(4935, 9, 1, 293),
(4936, 10, 1, 293),
(4937, 11, 1, 293),
(4938, 12, 1, 293),
(4939, 13, 1, 293),
(4940, 14, 1, 293),
(4941, 15, 1, 293),
(4942, 16, 1, 293),
(4943, 17, 1, 293),
(4944, 18, 1, 293),
(4945, 19, 1, 293),
(4946, 20, 1, 293),
(4947, 21, 1, 293),
(4948, 22, 1, 293),
(4949, 23, 1, 293),
(4950, 24, 1, 293),
(4951, 25, 1, 293),
(4952, 26, 1, 293),
(4953, 27, 1, 293),
(4954, 28, 1, 293),
(4955, 29, 1, 293),
(4956, 30, 1, 293),
(4957, 31, 1, 293),
(4958, 1, 1, 294),
(4959, 2, 1, 294),
(4960, 3, 1, 294),
(4961, 4, 1, 294),
(4962, 5, 1, 294),
(4963, 6, 1, 294),
(4964, 7, 1, 294),
(4965, 8, 1, 294),
(4966, 9, 1, 294),
(4967, 10, 1, 294),
(4968, 11, 1, 294),
(4969, 12, 1, 294),
(4970, 13, 1, 294),
(4971, 14, 1, 294),
(4972, 15, 1, 294),
(4973, 16, 1, 294),
(4974, 17, 1, 294),
(4975, 18, 1, 294),
(4976, 19, 1, 294),
(4977, 20, 1, 294),
(4978, 21, 1, 294),
(4979, 22, 1, 294),
(4980, 23, 1, 294),
(4981, 24, 1, 294),
(4982, 25, 1, 294),
(4983, 26, 1, 294),
(4984, 27, 1, 294),
(4985, 28, 1, 294),
(4986, 29, 1, 294),
(4987, 30, 1, 294),
(4988, 1, 1, 295),
(4989, 2, 1, 295),
(4990, 3, 1, 295),
(4991, 4, 1, 295),
(4992, 5, 1, 295),
(4993, 6, 1, 295),
(4994, 7, 1, 295),
(4995, 8, 1, 295),
(4996, 9, 1, 295),
(4997, 10, 1, 295),
(4998, 11, 1, 295),
(4999, 12, 1, 295),
(5000, 13, 1, 295),
(5001, 14, 1, 295),
(5002, 15, 1, 295),
(5003, 16, 1, 295),
(5004, 17, 1, 295),
(5005, 18, 1, 295),
(5006, 19, 1, 295),
(5007, 20, 1, 295),
(5008, 21, 1, 295),
(5009, 22, 1, 295),
(5010, 23, 1, 295),
(5011, 24, 1, 295),
(5012, 25, 1, 295),
(5013, 17, 1, 296),
(5014, 18, 1, 296),
(5015, 19, 1, 296),
(5016, 20, 1, 296),
(5017, 21, 1, 296),
(5018, 22, 1, 296),
(5019, 23, 1, 296),
(5020, 24, 1, 296),
(5021, 25, 1, 296),
(5022, 26, 1, 296),
(5023, 27, 1, 296),
(5024, 28, 1, 296),
(5025, 29, 1, 296),
(5026, 30, 1, 296),
(5027, 31, 1, 296),
(5028, 1, 1, 297),
(5029, 2, 1, 297),
(5030, 3, 1, 297),
(5031, 4, 1, 297),
(5032, 5, 1, 297),
(5033, 6, 1, 297),
(5034, 7, 1, 297),
(5035, 8, 1, 297),
(5036, 9, 1, 297),
(5037, 10, 1, 297),
(5038, 11, 1, 297),
(5039, 12, 1, 297),
(5040, 13, 1, 297),
(5041, 14, 1, 297),
(5042, 15, 1, 297),
(5043, 16, 1, 297),
(5044, 17, 1, 297),
(5045, 18, 1, 297),
(5046, 19, 1, 297),
(5047, 20, 1, 297),
(5048, 21, 1, 297),
(5049, 22, 1, 297),
(5050, 23, 1, 297),
(5051, 24, 1, 297),
(5052, 25, 1, 297),
(5053, 26, 1, 297),
(5054, 27, 1, 297),
(5055, 28, 1, 297),
(5056, 29, 1, 297),
(5057, 30, 1, 297),
(5058, 1, 1, 298),
(5059, 2, 1, 298),
(5060, 3, 1, 298),
(5061, 4, 1, 298),
(5062, 5, 1, 298),
(5063, 6, 1, 298),
(5064, 7, 1, 298),
(5065, 8, 1, 298),
(5066, 9, 1, 298),
(5067, 10, 1, 298),
(5068, 11, 1, 298),
(5069, 12, 1, 298),
(5070, 13, 1, 298),
(5071, 14, 1, 298),
(5072, 15, 1, 298),
(5073, 16, 1, 298),
(5074, 17, 1, 298),
(5075, 18, 1, 298),
(5076, 19, 1, 298),
(5077, 20, 1, 298),
(5078, 21, 1, 298),
(5079, 22, 1, 298),
(5080, 23, 1, 298),
(5081, 24, 1, 298),
(5082, 25, 1, 298),
(5083, 26, 1, 298),
(5084, 27, 1, 298),
(5085, 28, 1, 298),
(5086, 29, 1, 298),
(5087, 30, 1, 298),
(5088, 31, 1, 298),
(5089, 1, 1, 299),
(5090, 2, 1, 299),
(5091, 3, 1, 299),
(5092, 4, 1, 299),
(5093, 5, 1, 299),
(5094, 6, 1, 299),
(5095, 7, 1, 299),
(5096, 8, 1, 299),
(5097, 9, 1, 299),
(5098, 10, 1, 299),
(5099, 11, 1, 299),
(5100, 12, 1, 299),
(5101, 13, 1, 299),
(5102, 14, 1, 299),
(5103, 15, 1, 299),
(5104, 16, 1, 299),
(5105, 17, 1, 299),
(5106, 18, 1, 299),
(5107, 19, 1, 299),
(5108, 20, 1, 299),
(5109, 21, 1, 299),
(5110, 22, 1, 299),
(5111, 23, 1, 299),
(5112, 24, 1, 299),
(5113, 25, 1, 299),
(5114, 26, 1, 299),
(5115, 27, 1, 299),
(5116, 28, 1, 299),
(5117, 29, 1, 299),
(5118, 30, 1, 299),
(5119, 1, 1, 300),
(5120, 2, 1, 300),
(5121, 3, 1, 300),
(5122, 4, 1, 300),
(5123, 5, 1, 300),
(5124, 6, 1, 300),
(5125, 7, 1, 300),
(5126, 8, 1, 300),
(5127, 9, 1, 300),
(5128, 10, 1, 300),
(5129, 11, 1, 300),
(5130, 12, 1, 300),
(5131, 13, 1, 300),
(5132, 14, 1, 300),
(5133, 15, 1, 300),
(5134, 16, 1, 300),
(5135, 17, 1, 300),
(5136, 18, 1, 300),
(5137, 19, 1, 300),
(5138, 20, 1, 300),
(5139, 21, 1, 300),
(5140, 22, 1, 300),
(5141, 23, 1, 300),
(5142, 24, 1, 300),
(5143, 25, 1, 300),
(5144, 26, 1, 300),
(5145, 27, 1, 300),
(5146, 28, 1, 300),
(5147, 29, 1, 300),
(5148, 30, 1, 300),
(5149, 31, 1, 300),
(5150, 1, 1, 301),
(5151, 2, 1, 301),
(5152, 3, 1, 301),
(5153, 4, 1, 301),
(5154, 5, 1, 301),
(5155, 6, 1, 301),
(5156, 7, 1, 301),
(5157, 8, 1, 301),
(5158, 9, 1, 301),
(5159, 10, 1, 301),
(5160, 11, 1, 301),
(5161, 12, 1, 301),
(5162, 13, 1, 301),
(5163, 14, 1, 301),
(5164, 15, 1, 301),
(5165, 16, 1, 301),
(5166, 17, 1, 301),
(5167, 18, 1, 301),
(5168, 19, 1, 301),
(5169, 20, 1, 301),
(5170, 21, 1, 301),
(5171, 22, 1, 301),
(5172, 23, 1, 301),
(5173, 24, 1, 301),
(5174, 25, 1, 301),
(5175, 26, 1, 301),
(5176, 27, 1, 301),
(5177, 28, 1, 301),
(5178, 29, 1, 301),
(5179, 30, 1, 301),
(5180, 31, 1, 301),
(5181, 1, 1, 302),
(5182, 2, 1, 302),
(5183, 3, 1, 302),
(5184, 4, 1, 302),
(5185, 5, 1, 302),
(5186, 6, 1, 302),
(5187, 7, 1, 302),
(5188, 8, 1, 302),
(5189, 9, 1, 302),
(5190, 10, 1, 302),
(5191, 11, 1, 302),
(5192, 12, 1, 302),
(5193, 13, 1, 302),
(5194, 14, 1, 302),
(5195, 15, 1, 302),
(5196, 16, 1, 302),
(5197, 17, 1, 302),
(5198, 18, 1, 302),
(5199, 19, 1, 302),
(5200, 20, 1, 302),
(5201, 21, 1, 302),
(5202, 22, 1, 302),
(5203, 23, 1, 302),
(5204, 24, 1, 302),
(5205, 25, 1, 302),
(5206, 26, 1, 302),
(5207, 27, 1, 302),
(5208, 28, 1, 302),
(5209, 1, 1, 303),
(5210, 2, 1, 303),
(5211, 3, 1, 303),
(5212, 4, 1, 303),
(5213, 5, 1, 303),
(5214, 6, 1, 303),
(5215, 7, 1, 303),
(5216, 8, 1, 303),
(5217, 9, 1, 303),
(5218, 10, 1, 303),
(5219, 11, 1, 303),
(5220, 12, 1, 303),
(5221, 13, 1, 303),
(5222, 14, 1, 303),
(5223, 15, 1, 303),
(5224, 16, 1, 303),
(5225, 17, 1, 303),
(5226, 18, 1, 303),
(5227, 19, 1, 303),
(5228, 20, 1, 303),
(5229, 21, 1, 303),
(5230, 22, 1, 303),
(5231, 23, 1, 303),
(5232, 24, 1, 303),
(5233, 25, 1, 303),
(5234, 26, 1, 303),
(5235, 27, 1, 303),
(5236, 28, 1, 303),
(5237, 29, 1, 303),
(5238, 30, 1, 303),
(5239, 31, 1, 303),
(5240, 1, 1, 304),
(5241, 2, 1, 304),
(5242, 3, 1, 304),
(5243, 4, 1, 304),
(5244, 5, 1, 304),
(5245, 6, 1, 304),
(5246, 7, 1, 304),
(5247, 8, 1, 304),
(5248, 9, 1, 304),
(5249, 10, 1, 304),
(5250, 11, 1, 304),
(5251, 12, 1, 304),
(5252, 13, 1, 304),
(5253, 14, 1, 304),
(5254, 15, 1, 304),
(5255, 16, 1, 304),
(5256, 17, 1, 304),
(5257, 18, 1, 304),
(5258, 19, 1, 304),
(5259, 20, 1, 304),
(5260, 21, 1, 304),
(5261, 22, 1, 304),
(5262, 23, 1, 304),
(5263, 24, 1, 304),
(5264, 25, 1, 304),
(5265, 26, 1, 304),
(5266, 27, 1, 304),
(5267, 28, 1, 304),
(5268, 29, 1, 304),
(5269, 30, 1, 304),
(5270, 1, 1, 305),
(5271, 2, 1, 305),
(5272, 3, 1, 305),
(5273, 4, 1, 305),
(5274, 5, 1, 305),
(5275, 6, 1, 305),
(5276, 7, 1, 305),
(5277, 8, 1, 305),
(5278, 9, 1, 305),
(5279, 10, 1, 305),
(5280, 11, 1, 305),
(5281, 12, 1, 305),
(5282, 13, 1, 305),
(5283, 14, 1, 305),
(5284, 15, 1, 305),
(5285, 16, 1, 305),
(5286, 17, 1, 305),
(5287, 18, 1, 305),
(5288, 19, 1, 305),
(5289, 20, 1, 305),
(5290, 21, 1, 305),
(5291, 22, 1, 305),
(5292, 23, 1, 305),
(5293, 24, 1, 305),
(5294, 25, 1, 305),
(5295, 26, 1, 305),
(5296, 27, 1, 305),
(5297, 28, 1, 305),
(5298, 29, 1, 305),
(5299, 30, 1, 305),
(5300, 31, 1, 305),
(5301, 1, 1, 306),
(5302, 2, 1, 306),
(5303, 3, 1, 306),
(5304, 4, 1, 306),
(5305, 5, 1, 306),
(5306, 6, 1, 306),
(5307, 7, 1, 306),
(5308, 8, 1, 306),
(5309, 9, 1, 306),
(5310, 10, 1, 306),
(5311, 11, 1, 306),
(5312, 12, 1, 306),
(5313, 13, 1, 306),
(5314, 14, 1, 306),
(5315, 15, 1, 306),
(5316, 16, 1, 306),
(5317, 17, 1, 306),
(5318, 18, 1, 306),
(5319, 19, 1, 306),
(5320, 20, 1, 306),
(5321, 21, 1, 306),
(5322, 22, 1, 306),
(5323, 23, 1, 306),
(5324, 24, 1, 306),
(5325, 25, 1, 306),
(5326, 26, 1, 306),
(5327, 27, 1, 306),
(5328, 28, 1, 306),
(5329, 29, 1, 306),
(5330, 30, 1, 306),
(5331, 1, 1, 307),
(5332, 2, 1, 307),
(5333, 3, 1, 307),
(5334, 4, 1, 307),
(5335, 5, 1, 307),
(5336, 6, 1, 307),
(5337, 7, 1, 307),
(5338, 8, 1, 307),
(5339, 9, 1, 307),
(5340, 10, 1, 307),
(5341, 11, 1, 307),
(5342, 12, 1, 307),
(5343, 13, 1, 307),
(5344, 14, 1, 307),
(5345, 15, 1, 307),
(5346, 16, 1, 307),
(5347, 17, 1, 307),
(5348, 18, 1, 307),
(5349, 19, 1, 307),
(5350, 20, 1, 307),
(5351, 21, 1, 307),
(5352, 22, 1, 307),
(5353, 23, 1, 307),
(5354, 24, 1, 307),
(5355, 25, 1, 307),
(5356, 26, 1, 307),
(5357, 27, 1, 307),
(5358, 28, 1, 307),
(5359, 29, 1, 307),
(5360, 30, 1, 307),
(5361, 31, 1, 307),
(5362, 1, 1, 308),
(5363, 2, 1, 308),
(5364, 3, 1, 308),
(5365, 4, 1, 308),
(5366, 5, 1, 308),
(5367, 6, 1, 308),
(5368, 7, 1, 308),
(5369, 8, 1, 308),
(5370, 9, 1, 308),
(5371, 10, 1, 308),
(5372, 11, 1, 308),
(5373, 12, 1, 308),
(5374, 13, 1, 308),
(5375, 14, 1, 308),
(5376, 15, 1, 308),
(5377, 16, 1, 308),
(5378, 17, 1, 308),
(5379, 18, 1, 308),
(5380, 19, 1, 308),
(5381, 20, 1, 308),
(5382, 21, 1, 308),
(5383, 22, 1, 308),
(5384, 23, 1, 308),
(5385, 24, 1, 308),
(5386, 25, 1, 308),
(5387, 26, 1, 308),
(5388, 27, 1, 308),
(5389, 28, 1, 308),
(5390, 29, 1, 308),
(5391, 30, 1, 308),
(5392, 31, 1, 308),
(5393, 1, 1, 309),
(5394, 2, 1, 309),
(5395, 3, 1, 309),
(5396, 4, 1, 309),
(5397, 5, 1, 309),
(5398, 6, 1, 309),
(5399, 7, 1, 309),
(5400, 8, 1, 309),
(5401, 9, 1, 309),
(5402, 10, 1, 309),
(5403, 11, 1, 309),
(5404, 12, 1, 309),
(5405, 13, 1, 309),
(5406, 14, 1, 309),
(5407, 15, 1, 309),
(5408, 16, 1, 309),
(5409, 17, 1, 309),
(5410, 18, 1, 309),
(5411, 19, 1, 309),
(5412, 20, 1, 309),
(5413, 21, 1, 309),
(5414, 22, 1, 309),
(5415, 23, 1, 309),
(5416, 24, 1, 309),
(5417, 25, 1, 309),
(5418, 26, 1, 309),
(5419, 27, 1, 309),
(5420, 28, 1, 309),
(5421, 29, 1, 309),
(5422, 30, 1, 309),
(5423, 1, 1, 310),
(5424, 2, 1, 310),
(5425, 3, 1, 310),
(5426, 4, 1, 310),
(5427, 5, 1, 310),
(5428, 6, 1, 310),
(5429, 7, 1, 310),
(5430, 8, 1, 310),
(5431, 9, 1, 310),
(5432, 10, 1, 310),
(5433, 11, 1, 310),
(5434, 12, 1, 310),
(5435, 13, 1, 310),
(5436, 14, 1, 310),
(5437, 15, 1, 310),
(5438, 16, 1, 310),
(5439, 17, 1, 310),
(5440, 18, 1, 310),
(5441, 19, 1, 310),
(5442, 20, 1, 310),
(5443, 21, 1, 310),
(5444, 22, 1, 310),
(5445, 23, 1, 310),
(5446, 24, 1, 310),
(5447, 25, 1, 310),
(5448, 26, 1, 310),
(5449, 27, 1, 310),
(5450, 28, 1, 310),
(5451, 29, 1, 310),
(5452, 30, 1, 310),
(5453, 31, 1, 310),
(5454, 1, 1, 311),
(5455, 2, 1, 311),
(5456, 3, 1, 311),
(5457, 4, 1, 311),
(5458, 5, 1, 311),
(5459, 6, 1, 311),
(5460, 7, 1, 311),
(5461, 8, 1, 311),
(5462, 9, 1, 311),
(5463, 10, 1, 311),
(5464, 11, 1, 311),
(5465, 12, 1, 311),
(5466, 13, 1, 311),
(5467, 14, 1, 311),
(5468, 15, 1, 311),
(5469, 16, 1, 311),
(5470, 17, 1, 311),
(5471, 18, 1, 311),
(5472, 19, 1, 311),
(5473, 20, 1, 311),
(5474, 21, 1, 311),
(5475, 22, 1, 311),
(5476, 23, 1, 311),
(5477, 24, 1, 311),
(5478, 25, 1, 311),
(5479, 26, 1, 311),
(5480, 27, 1, 311),
(5481, 28, 1, 311),
(5482, 29, 1, 311),
(5483, 30, 1, 311),
(5484, 1, 1, 312),
(5485, 2, 1, 312),
(5486, 3, 1, 312),
(5487, 4, 1, 312),
(5488, 5, 1, 312),
(5489, 6, 1, 312),
(5490, 7, 1, 312),
(5491, 8, 1, 312),
(5492, 9, 1, 312),
(5493, 10, 1, 312),
(5494, 11, 1, 312),
(5495, 12, 1, 312),
(5496, 13, 1, 312),
(5497, 14, 1, 312),
(5498, 15, 1, 312),
(5499, 16, 1, 312),
(5500, 17, 1, 312),
(5501, 18, 1, 312),
(5502, 19, 1, 312),
(5503, 20, 1, 312),
(5504, 21, 1, 312),
(5505, 22, 1, 312),
(5506, 23, 1, 312),
(5507, 24, 1, 312),
(5508, 25, 1, 312),
(5509, 26, 1, 312),
(5510, 27, 1, 312),
(5511, 28, 1, 312),
(5512, 29, 1, 312),
(5513, 30, 1, 312),
(5514, 31, 1, 312),
(5515, 1, 1, 313),
(5516, 2, 1, 313),
(5517, 3, 1, 313),
(5518, 4, 1, 313),
(5519, 5, 1, 313),
(5520, 6, 1, 313),
(5521, 7, 1, 313),
(5522, 8, 1, 313),
(5523, 9, 1, 313),
(5524, 10, 1, 313),
(5525, 11, 1, 313),
(5526, 12, 1, 313),
(5527, 13, 1, 313),
(5528, 14, 1, 313),
(5529, 15, 1, 313),
(5530, 16, 1, 313),
(5531, 17, 1, 313),
(5532, 18, 1, 313),
(5533, 19, 1, 313),
(5534, 20, 1, 313),
(5535, 21, 1, 313),
(5536, 22, 1, 313),
(5537, 23, 1, 313),
(5538, 24, 1, 313),
(5539, 25, 1, 313),
(5540, 26, 1, 313),
(5541, 27, 1, 313),
(5542, 28, 1, 313),
(5543, 29, 1, 313),
(5544, 30, 1, 313),
(5545, 31, 1, 313),
(5546, 1, 1, 314),
(5547, 2, 1, 314),
(5548, 3, 1, 314),
(5549, 4, 1, 314),
(5550, 5, 1, 314),
(5551, 6, 1, 314),
(5552, 7, 1, 314),
(5553, 8, 1, 314),
(5554, 9, 1, 314),
(5555, 10, 1, 314),
(5556, 11, 1, 314),
(5557, 12, 1, 314),
(5558, 13, 1, 314),
(5559, 14, 1, 314),
(5560, 15, 1, 314),
(5561, 16, 1, 314),
(5562, 17, 1, 314),
(5563, 18, 1, 314),
(5564, 19, 1, 314),
(5565, 20, 1, 314),
(5566, 21, 1, 314),
(5567, 22, 1, 314),
(5568, 23, 1, 314),
(5569, 24, 1, 314),
(5570, 25, 1, 314),
(5571, 26, 1, 314),
(5572, 27, 1, 314),
(5573, 28, 1, 314),
(5574, 1, 1, 315),
(5575, 2, 1, 315),
(5576, 3, 1, 315),
(5577, 4, 1, 315),
(5578, 5, 1, 315),
(5579, 6, 1, 315),
(5580, 7, 1, 315),
(5581, 8, 1, 315),
(5582, 9, 1, 315),
(5583, 10, 1, 315),
(5584, 11, 1, 315),
(5585, 12, 1, 315),
(5586, 13, 1, 315),
(5587, 14, 1, 315),
(5588, 15, 1, 315),
(5589, 16, 1, 315),
(5590, 17, 1, 315),
(5591, 18, 1, 315),
(5592, 19, 1, 315),
(5593, 20, 1, 315),
(5594, 21, 1, 315),
(5595, 22, 1, 315),
(5596, 23, 1, 315),
(5597, 24, 1, 315),
(5598, 25, 1, 315),
(5599, 26, 1, 315),
(5600, 27, 1, 315),
(5601, 28, 1, 315),
(5602, 29, 1, 315),
(5603, 30, 1, 315),
(5604, 31, 1, 315),
(5605, 1, 1, 316),
(5606, 2, 1, 316),
(5607, 3, 1, 316),
(5608, 4, 1, 316),
(5609, 5, 1, 316),
(5610, 6, 1, 316),
(5611, 7, 1, 316),
(5612, 8, 1, 316),
(5613, 9, 1, 316),
(5614, 10, 1, 316),
(5615, 11, 1, 316),
(5616, 12, 1, 316),
(5617, 13, 1, 316),
(5618, 14, 1, 316),
(5619, 15, 1, 316),
(5620, 16, 1, 316),
(5621, 17, 1, 316),
(5622, 18, 1, 316),
(5623, 19, 1, 316),
(5624, 20, 1, 316),
(5625, 21, 1, 316),
(5626, 22, 1, 316),
(5627, 23, 1, 316),
(5628, 24, 1, 316),
(5629, 25, 1, 316),
(5630, 26, 1, 316),
(5631, 27, 1, 316),
(5632, 28, 1, 316),
(5633, 29, 1, 316),
(5634, 30, 1, 316),
(5635, 1, 1, 317),
(5636, 2, 1, 317),
(5637, 3, 1, 317),
(5638, 4, 1, 317),
(5639, 5, 1, 317),
(5640, 6, 1, 317),
(5641, 7, 1, 317),
(5642, 8, 1, 317),
(5643, 9, 1, 317),
(5644, 10, 1, 317),
(5645, 11, 1, 317),
(5646, 12, 1, 317),
(5647, 13, 1, 317),
(5648, 14, 1, 317),
(5649, 15, 1, 317),
(5650, 16, 1, 317),
(5651, 17, 1, 317),
(5652, 18, 1, 317),
(5653, 19, 1, 317),
(5654, 20, 1, 317),
(5655, 21, 1, 317),
(5656, 22, 1, 317),
(5657, 23, 1, 317),
(5658, 24, 1, 317),
(5659, 25, 1, 317),
(5660, 26, 1, 317),
(5661, 27, 1, 317),
(5662, 28, 1, 317),
(5663, 29, 1, 317),
(5664, 30, 1, 317),
(5665, 31, 1, 317),
(5666, 1, 1, 318),
(5667, 2, 1, 318),
(5668, 3, 1, 318),
(5669, 4, 1, 318),
(5670, 5, 1, 318),
(5671, 6, 1, 318),
(5672, 7, 1, 318),
(5673, 8, 1, 318),
(5674, 9, 1, 318),
(5675, 10, 1, 318),
(5676, 11, 1, 318),
(5677, 12, 1, 318),
(5678, 13, 1, 318),
(5679, 14, 1, 318),
(5680, 15, 1, 318),
(5681, 16, 1, 318),
(5682, 17, 1, 318),
(5683, 18, 1, 318),
(5684, 19, 1, 318),
(5685, 20, 1, 318),
(5686, 21, 1, 318),
(5687, 22, 1, 318),
(5688, 23, 1, 318),
(5689, 24, 1, 318),
(5690, 25, 1, 318),
(5691, 26, 1, 318),
(5692, 27, 1, 318),
(5693, 28, 1, 318),
(5694, 29, 1, 318),
(5695, 30, 1, 318),
(5696, 1, 1, 319),
(5697, 2, 1, 319),
(5698, 3, 1, 319),
(5699, 4, 1, 319),
(5700, 5, 1, 319),
(5701, 6, 1, 319),
(5702, 7, 1, 319),
(5703, 8, 1, 319),
(5704, 9, 1, 319),
(5705, 10, 1, 319),
(5706, 11, 1, 319),
(5707, 12, 1, 319),
(5708, 13, 1, 319),
(5709, 14, 1, 319),
(5710, 15, 1, 319),
(5711, 16, 1, 319),
(5712, 17, 1, 319),
(5713, 18, 1, 319),
(5714, 19, 1, 319),
(5715, 20, 1, 319),
(5716, 21, 1, 319),
(5717, 22, 1, 319),
(5718, 23, 1, 319),
(5719, 24, 1, 319),
(5720, 25, 1, 319),
(5721, 26, 1, 319),
(5722, 27, 1, 319),
(5723, 28, 1, 319),
(5724, 29, 1, 319),
(5725, 30, 1, 319),
(5726, 31, 1, 319),
(5727, 1, 1, 320),
(5728, 2, 1, 320),
(5729, 3, 1, 320),
(5730, 4, 1, 320),
(5731, 5, 1, 320),
(5732, 6, 1, 320),
(5733, 7, 1, 320),
(5734, 8, 1, 320),
(5735, 9, 1, 320),
(5736, 10, 1, 320),
(5737, 11, 1, 320),
(5738, 12, 1, 320),
(5739, 13, 1, 320),
(5740, 14, 1, 320),
(5741, 15, 1, 320),
(5742, 16, 1, 320),
(5743, 17, 1, 320),
(5744, 18, 1, 320),
(5745, 19, 1, 320),
(5746, 20, 1, 320),
(5747, 21, 1, 320),
(5748, 22, 1, 320),
(5749, 23, 1, 320),
(5750, 24, 1, 320),
(5751, 25, 1, 320),
(5752, 26, 1, 320),
(5753, 27, 1, 320),
(5754, 28, 1, 320),
(5755, 29, 1, 320),
(5756, 30, 1, 320),
(5757, 31, 1, 320),
(5758, 1, 1, 321),
(5759, 2, 1, 321),
(5760, 3, 1, 321),
(5761, 4, 1, 321),
(5762, 5, 1, 321),
(5763, 6, 1, 321),
(5764, 7, 1, 321),
(5765, 8, 1, 321),
(5766, 9, 1, 321),
(5767, 10, 1, 321),
(5768, 11, 1, 321),
(5769, 12, 1, 321),
(5770, 13, 1, 321),
(5771, 14, 1, 321),
(5772, 15, 1, 321),
(5773, 16, 1, 321),
(5774, 17, 1, 321),
(5775, 18, 1, 321),
(5776, 19, 1, 321),
(5777, 20, 1, 321),
(5778, 21, 1, 321);
INSERT INTO `VisitasDia` (`id`, `dia`, `visitas`, `visitasMes_id`) VALUES
(5779, 22, 1, 321),
(5780, 23, 1, 321),
(5781, 24, 1, 321),
(5782, 25, 1, 321),
(5783, 26, 1, 321),
(5784, 27, 1, 321),
(5785, 28, 1, 321),
(5786, 29, 1, 321),
(5787, 30, 1, 321),
(5788, 1, 1, 322),
(5789, 2, 1, 322),
(5790, 3, 1, 322),
(5791, 4, 1, 322),
(5792, 5, 1, 322),
(5793, 6, 1, 322),
(5794, 7, 1, 322),
(5795, 8, 1, 322),
(5796, 9, 1, 322),
(5797, 10, 1, 322),
(5798, 11, 1, 322),
(5799, 12, 1, 322),
(5800, 13, 1, 322),
(5801, 14, 1, 322),
(5802, 15, 1, 322),
(5803, 16, 1, 322),
(5804, 17, 1, 322),
(5805, 18, 1, 322),
(5806, 19, 1, 322),
(5807, 20, 1, 322),
(5808, 21, 1, 322),
(5809, 22, 1, 322),
(5810, 23, 1, 322),
(5811, 24, 1, 322),
(5812, 25, 1, 322),
(5813, 13, 1, 1),
(5814, 12, 1, 1),
(5815, 11, 1, 1),
(5816, 10, 1, 1),
(5817, 9, 1, 1),
(5818, 8, 1, 1),
(5819, 7, 1, 1),
(5820, 6, 1, 1),
(5821, 5, 1, 1),
(5822, 4, 1, 1),
(5823, 3, 1, 1),
(5824, 2, 1, 1),
(5825, 1, 1, 1),
(5826, 31, 1, 323),
(5827, 30, 1, 323),
(5828, 29, 1, 323),
(5829, 28, 1, 323),
(5830, 27, 1, 323),
(5831, 26, 1, 323),
(5832, 25, 1, 323),
(5833, 24, 1, 323),
(5834, 23, 1, 323),
(5835, 22, 1, 323),
(5836, 21, 1, 323),
(5837, 20, 1, 323),
(5838, 19, 1, 323),
(5839, 18, 1, 323),
(5840, 17, 1, 323),
(5841, 16, 1, 323),
(5842, 15, 1, 323),
(5843, 14, 1, 323),
(5844, 13, 1, 323),
(5845, 12, 1, 323),
(5846, 11, 1, 323),
(5847, 10, 1, 323),
(5848, 9, 1, 323),
(5849, 8, 1, 323),
(5850, 7, 1, 323),
(5851, 6, 1, 323),
(5852, 5, 1, 323),
(5853, 4, 1, 323),
(5854, 3, 1, 323),
(5855, 2, 1, 323),
(5856, 1, 1, 323),
(5857, 30, 1, 324),
(5858, 29, 1, 324),
(5859, 28, 1, 324),
(5860, 27, 1, 324),
(5861, 26, 1, 324),
(5862, 25, 1, 324),
(5863, 24, 1, 324),
(5864, 23, 1, 324),
(5865, 22, 1, 324),
(5866, 21, 1, 324),
(5867, 20, 1, 324),
(5868, 19, 1, 324),
(5869, 18, 1, 324),
(5870, 17, 1, 324),
(5871, 16, 1, 324),
(5872, 15, 1, 324),
(5873, 14, 1, 324),
(5874, 13, 1, 324),
(5875, 12, 1, 324),
(5876, 11, 1, 324),
(5877, 10, 1, 324),
(5878, 9, 1, 324),
(5879, 8, 1, 324),
(5880, 7, 1, 324),
(5881, 6, 1, 324),
(5882, 5, 1, 324),
(5883, 4, 1, 324),
(5884, 3, 1, 324),
(5885, 2, 1, 324),
(5886, 1, 1, 324),
(5887, 31, 1, 325),
(5888, 30, 1, 325),
(5889, 29, 1, 325),
(5890, 28, 1, 325),
(5891, 27, 1, 325),
(5892, 26, 1, 325),
(5893, 25, 1, 325),
(5894, 24, 1, 325),
(5895, 23, 1, 325),
(5896, 22, 1, 325),
(5897, 21, 1, 325),
(5898, 20, 1, 325),
(5899, 19, 1, 325),
(5900, 18, 1, 325),
(5901, 17, 1, 325),
(5902, 16, 1, 325),
(5903, 15, 1, 325),
(5904, 14, 1, 325),
(5905, 13, 1, 325),
(5906, 12, 1, 325),
(5907, 11, 1, 325),
(5908, 10, 1, 325),
(5909, 9, 1, 325),
(5910, 8, 1, 325),
(5911, 7, 1, 325),
(5912, 6, 1, 325),
(5913, 5, 1, 325),
(5914, 4, 1, 325),
(5915, 3, 1, 325),
(5916, 2, 1, 325),
(5917, 1, 1, 325),
(5918, 30, 1, 326),
(5919, 29, 1, 326),
(5920, 28, 1, 326),
(5921, 27, 1, 326),
(5922, 26, 1, 326),
(5923, 25, 1, 326),
(5924, 24, 1, 326),
(5925, 23, 1, 326),
(5926, 22, 1, 326),
(5927, 21, 1, 326),
(5928, 20, 1, 326),
(5929, 19, 1, 326),
(5930, 18, 1, 326),
(5931, 17, 1, 326),
(5932, 16, 1, 326),
(5933, 15, 1, 326),
(5934, 14, 1, 326),
(5935, 13, 1, 326),
(5936, 12, 1, 326),
(5937, 11, 1, 326),
(5938, 10, 1, 326),
(5939, 9, 1, 326),
(5940, 8, 1, 326),
(5941, 7, 1, 326),
(5942, 6, 1, 326),
(5943, 5, 1, 326),
(5944, 4, 1, 326),
(5945, 3, 1, 326),
(5946, 2, 1, 326),
(5947, 1, 1, 326),
(5948, 31, 1, 327),
(5949, 30, 1, 327),
(5950, 29, 1, 327),
(5951, 28, 1, 327),
(5952, 27, 1, 327),
(5953, 26, 1, 327),
(5954, 25, 1, 327),
(5955, 24, 1, 327),
(5956, 23, 1, 327),
(5957, 22, 1, 327),
(5958, 21, 1, 327),
(5959, 20, 1, 327),
(5960, 19, 1, 327),
(5961, 18, 1, 327),
(5962, 17, 1, 327),
(5963, 16, 1, 327),
(5964, 15, 1, 327),
(5965, 14, 1, 327),
(5966, 13, 1, 327),
(5967, 12, 1, 327),
(5968, 11, 1, 327),
(5969, 10, 1, 327),
(5970, 9, 1, 327),
(5971, 8, 1, 327),
(5972, 7, 1, 327),
(5973, 6, 1, 327),
(5974, 5, 1, 327),
(5975, 4, 1, 327),
(5976, 3, 1, 327),
(5977, 2, 1, 327),
(5978, 1, 1, 327),
(5979, 28, 1, 328),
(5980, 27, 1, 328),
(5981, 26, 1, 328),
(5982, 25, 1, 328),
(5983, 24, 1, 328),
(5984, 23, 1, 328),
(5985, 22, 1, 328),
(5986, 21, 1, 328),
(5987, 20, 1, 328),
(5988, 19, 1, 328),
(5989, 18, 1, 328),
(5990, 17, 1, 328),
(5991, 16, 1, 328),
(5992, 15, 1, 328),
(5993, 14, 1, 328),
(5994, 13, 1, 328),
(5995, 12, 1, 328),
(5996, 11, 1, 328),
(5997, 10, 1, 328),
(5998, 9, 1, 328),
(5999, 8, 1, 328),
(6000, 7, 1, 328),
(6001, 6, 1, 328),
(6002, 5, 1, 328),
(6003, 4, 1, 328),
(6004, 3, 1, 328),
(6005, 2, 1, 328),
(6006, 1, 1, 328),
(6007, 31, 1, 329),
(6008, 30, 1, 329),
(6009, 29, 1, 329),
(6010, 28, 1, 329),
(6011, 27, 1, 329),
(6012, 26, 1, 329),
(6013, 25, 1, 329),
(6014, 24, 1, 329),
(6015, 23, 1, 329),
(6016, 22, 1, 329),
(6017, 21, 1, 329),
(6018, 20, 1, 329),
(6019, 19, 1, 329),
(6020, 18, 1, 329),
(6021, 17, 1, 329),
(6022, 16, 1, 329),
(6023, 15, 1, 329),
(6024, 14, 1, 329),
(6025, 13, 1, 329),
(6026, 12, 1, 329),
(6027, 11, 1, 329),
(6028, 10, 1, 329),
(6029, 9, 1, 329),
(6030, 8, 1, 329),
(6031, 7, 1, 329),
(6032, 6, 1, 329),
(6033, 5, 1, 329),
(6034, 4, 1, 329),
(6035, 3, 1, 329),
(6036, 2, 1, 329),
(6037, 1, 1, 329),
(6038, 31, 1, 330),
(6039, 30, 1, 330),
(6040, 29, 1, 330),
(6041, 28, 1, 330),
(6042, 27, 1, 330),
(6043, 26, 1, 330),
(6044, 25, 1, 330),
(6045, 24, 1, 330),
(6046, 23, 1, 330),
(6047, 22, 1, 330),
(6048, 21, 1, 330),
(6049, 20, 1, 330),
(6050, 19, 1, 330),
(6051, 18, 1, 330),
(6052, 17, 1, 330),
(6053, 16, 1, 330),
(6054, 15, 1, 330),
(6055, 14, 1, 330),
(6056, 13, 1, 330),
(6057, 12, 1, 330),
(6058, 11, 1, 330),
(6059, 10, 1, 330),
(6060, 9, 1, 330),
(6061, 8, 1, 330),
(6062, 7, 1, 330),
(6063, 6, 1, 330),
(6064, 5, 1, 330),
(6065, 4, 1, 330),
(6066, 3, 1, 330),
(6067, 2, 1, 330),
(6068, 1, 1, 330),
(6069, 30, 1, 331),
(6070, 29, 1, 331),
(6071, 28, 1, 331),
(6072, 27, 1, 331),
(6073, 26, 1, 331),
(6074, 25, 1, 331),
(6075, 24, 1, 331),
(6076, 23, 1, 331),
(6077, 22, 1, 331),
(6078, 21, 1, 331),
(6079, 20, 1, 331),
(6080, 19, 1, 331),
(6081, 18, 1, 331),
(6082, 17, 1, 331),
(6083, 16, 1, 331),
(6084, 15, 1, 331),
(6085, 14, 1, 331),
(6086, 13, 1, 331),
(6087, 12, 1, 331),
(6088, 11, 1, 331),
(6089, 10, 1, 331),
(6090, 9, 1, 331),
(6091, 8, 1, 331),
(6092, 7, 1, 331),
(6093, 6, 1, 331),
(6094, 5, 1, 331),
(6095, 4, 1, 331),
(6096, 3, 1, 331),
(6097, 2, 1, 331),
(6098, 1, 1, 331),
(6099, 31, 1, 332),
(6100, 30, 1, 332),
(6101, 29, 1, 332),
(6102, 28, 1, 332),
(6103, 27, 1, 332),
(6104, 26, 1, 332),
(6105, 25, 1, 332),
(6106, 24, 1, 332),
(6107, 23, 1, 332),
(6108, 22, 1, 332),
(6109, 21, 1, 332),
(6110, 20, 1, 332),
(6111, 19, 1, 332),
(6112, 18, 1, 332),
(6113, 17, 1, 332),
(6114, 16, 1, 332),
(6115, 15, 1, 332),
(6116, 14, 1, 332),
(6117, 13, 1, 332),
(6118, 12, 1, 332),
(6119, 11, 1, 332),
(6120, 10, 1, 332),
(6121, 9, 1, 332),
(6122, 8, 1, 332),
(6123, 7, 1, 332),
(6124, 6, 1, 332),
(6125, 5, 1, 332),
(6126, 4, 1, 332),
(6127, 3, 1, 332),
(6128, 2, 1, 332),
(6129, 1, 1, 332),
(6130, 30, 1, 333),
(6131, 29, 1, 333),
(6132, 28, 1, 333),
(6133, 27, 1, 333),
(6134, 26, 1, 333),
(6135, 25, 1, 333),
(6136, 24, 1, 333),
(6137, 23, 1, 333),
(6138, 22, 1, 333),
(6139, 21, 1, 333),
(6140, 20, 1, 333),
(6141, 19, 1, 333),
(6142, 18, 1, 333),
(6143, 17, 1, 333),
(6144, 16, 1, 333),
(6145, 15, 1, 333),
(6146, 14, 1, 333),
(6147, 13, 1, 333),
(6148, 12, 1, 333),
(6149, 11, 1, 333),
(6150, 10, 1, 333),
(6151, 9, 1, 333),
(6152, 8, 1, 333),
(6153, 7, 1, 333),
(6154, 6, 1, 333),
(6155, 5, 1, 333),
(6156, 4, 1, 333),
(6157, 3, 1, 333),
(6158, 2, 1, 333),
(6159, 1, 1, 333),
(6160, 31, 1, 334),
(6161, 30, 1, 334),
(6162, 29, 1, 334),
(6163, 28, 1, 334),
(6164, 27, 1, 334),
(6165, 26, 1, 334),
(6166, 25, 1, 334),
(6167, 24, 1, 334),
(6168, 23, 1, 334),
(6169, 22, 1, 334),
(6170, 21, 1, 334),
(6171, 20, 1, 334),
(6172, 19, 1, 334),
(6173, 18, 1, 334),
(6174, 17, 1, 334),
(6175, 16, 1, 334),
(6176, 15, 1, 334),
(6177, 14, 1, 334),
(6178, 13, 1, 334),
(6179, 12, 1, 334),
(6180, 11, 1, 334),
(6181, 10, 1, 334),
(6182, 9, 1, 334),
(6183, 8, 1, 334),
(6184, 7, 1, 334),
(6185, 6, 1, 334),
(6186, 5, 1, 334),
(6187, 4, 1, 334),
(6188, 3, 1, 334),
(6189, 2, 1, 334),
(6190, 1, 1, 334),
(6191, 31, 1, 335),
(6192, 30, 1, 335),
(6193, 29, 1, 335),
(6194, 28, 1, 335),
(6195, 27, 1, 335),
(6196, 26, 1, 335),
(6197, 25, 1, 335),
(6198, 24, 1, 335),
(6199, 23, 1, 335),
(6200, 22, 1, 335),
(6201, 21, 1, 335),
(6202, 20, 1, 335),
(6203, 19, 1, 335),
(6204, 18, 1, 335),
(6205, 17, 1, 335),
(6206, 16, 1, 335),
(6207, 15, 1, 335),
(6208, 14, 1, 335),
(6209, 13, 1, 335),
(6210, 12, 1, 335),
(6211, 11, 1, 335),
(6212, 10, 1, 335),
(6213, 9, 1, 335),
(6214, 8, 1, 335),
(6215, 7, 1, 335),
(6216, 6, 1, 335),
(6217, 5, 1, 335),
(6218, 4, 1, 335),
(6219, 3, 1, 335),
(6220, 2, 1, 335),
(6221, 1, 1, 335),
(6222, 30, 1, 336),
(6223, 29, 1, 336),
(6224, 28, 1, 336),
(6225, 27, 1, 336),
(6226, 26, 1, 336),
(6227, 25, 1, 336),
(6228, 24, 1, 336),
(6229, 23, 1, 336),
(6230, 22, 1, 336),
(6231, 21, 1, 336),
(6232, 20, 1, 336),
(6233, 19, 1, 336),
(6234, 18, 1, 336),
(6235, 17, 1, 336),
(6236, 16, 1, 336),
(6237, 15, 1, 336),
(6238, 14, 1, 336),
(6239, 13, 1, 336),
(6240, 12, 1, 336),
(6241, 11, 1, 336),
(6242, 10, 1, 336),
(6243, 9, 1, 336),
(6244, 8, 1, 336),
(6245, 7, 1, 336),
(6246, 6, 1, 336),
(6247, 5, 1, 336),
(6248, 4, 1, 336),
(6249, 3, 1, 336),
(6250, 2, 1, 336),
(6251, 1, 1, 336),
(6252, 31, 1, 337),
(6253, 30, 1, 337),
(6254, 29, 1, 337),
(6255, 28, 1, 337),
(6256, 27, 1, 337),
(6257, 26, 1, 337),
(6258, 25, 1, 337),
(6259, 24, 1, 337),
(6260, 23, 1, 337),
(6261, 22, 1, 337),
(6262, 21, 1, 337),
(6263, 20, 1, 337),
(6264, 19, 1, 337),
(6265, 18, 1, 337),
(6266, 17, 1, 337),
(6267, 16, 1, 337),
(6268, 15, 1, 337),
(6269, 14, 1, 337),
(6270, 13, 1, 337),
(6271, 12, 1, 337),
(6272, 11, 1, 337),
(6273, 10, 1, 337),
(6274, 9, 1, 337),
(6275, 8, 1, 337),
(6276, 7, 1, 337),
(6277, 6, 1, 337),
(6278, 5, 1, 337),
(6279, 4, 1, 337),
(6280, 3, 1, 337),
(6281, 2, 1, 337),
(6282, 1, 1, 337),
(6283, 30, 1, 338),
(6284, 29, 1, 338),
(6285, 28, 1, 338),
(6286, 27, 1, 338),
(6287, 26, 1, 338),
(6288, 25, 1, 338),
(6289, 24, 1, 338),
(6290, 23, 1, 338),
(6291, 22, 1, 338),
(6292, 21, 1, 338),
(6293, 20, 1, 338),
(6294, 19, 1, 338),
(6295, 18, 1, 338),
(6296, 17, 1, 338),
(6297, 16, 1, 338),
(6298, 15, 1, 338),
(6299, 14, 1, 338),
(6300, 13, 1, 338),
(6301, 12, 1, 338),
(6302, 11, 1, 338),
(6303, 10, 1, 338),
(6304, 9, 1, 338),
(6305, 8, 1, 338),
(6306, 7, 1, 338),
(6307, 6, 1, 338),
(6308, 5, 1, 338),
(6309, 4, 1, 338),
(6310, 3, 1, 338),
(6311, 2, 1, 338),
(6312, 1, 1, 338),
(6313, 31, 1, 339),
(6314, 30, 1, 339),
(6315, 29, 1, 339),
(6316, 28, 1, 339),
(6317, 27, 1, 339),
(6318, 26, 1, 339),
(6319, 25, 1, 339),
(6320, 24, 1, 339),
(6321, 23, 1, 339),
(6322, 22, 1, 339),
(6323, 21, 1, 339),
(6324, 20, 1, 339),
(6325, 19, 1, 339),
(6326, 18, 1, 339),
(6327, 17, 1, 339),
(6328, 16, 1, 339),
(6329, 15, 1, 339),
(6330, 14, 1, 339),
(6331, 13, 1, 339),
(6332, 12, 1, 339),
(6333, 11, 1, 339),
(6334, 10, 1, 339),
(6335, 9, 1, 339),
(6336, 8, 1, 339),
(6337, 7, 1, 339),
(6338, 6, 1, 339),
(6339, 5, 1, 339),
(6340, 4, 1, 339),
(6341, 3, 1, 339),
(6342, 2, 1, 339),
(6343, 1, 1, 339),
(6344, 29, 1, 340),
(6345, 28, 1, 340),
(6346, 27, 1, 340),
(6347, 26, 1, 340),
(6348, 25, 1, 340),
(6349, 24, 1, 340),
(6350, 23, 1, 340),
(6351, 22, 1, 340),
(6352, 21, 1, 340),
(6353, 20, 1, 340),
(6354, 19, 1, 340),
(6355, 18, 1, 340),
(6356, 17, 1, 340),
(6357, 16, 1, 340),
(6358, 15, 1, 340),
(6359, 14, 1, 340),
(6360, 13, 1, 340),
(6361, 12, 1, 340),
(6362, 11, 1, 340),
(6363, 10, 1, 340),
(6364, 9, 1, 340),
(6365, 8, 1, 340),
(6366, 7, 1, 340),
(6367, 6, 1, 340),
(6368, 5, 1, 340),
(6369, 4, 1, 340),
(6370, 3, 1, 340),
(6371, 2, 1, 340),
(6372, 1, 1, 340),
(6373, 31, 1, 341),
(6374, 30, 1, 341),
(6375, 29, 1, 341),
(6376, 28, 1, 341),
(6377, 27, 1, 341),
(6378, 26, 1, 341),
(6379, 25, 1, 341),
(6380, 24, 1, 341),
(6381, 23, 1, 341),
(6382, 22, 1, 341),
(6383, 21, 1, 341),
(6384, 20, 1, 341),
(6385, 19, 1, 341),
(6386, 18, 1, 341),
(6387, 17, 1, 341),
(6388, 16, 1, 341),
(6389, 15, 1, 341),
(6390, 14, 1, 341),
(6391, 13, 1, 341),
(6392, 12, 1, 341),
(6393, 11, 1, 341),
(6394, 10, 1, 341),
(6395, 9, 1, 341),
(6396, 8, 1, 341),
(6397, 7, 1, 341),
(6398, 6, 1, 341),
(6399, 5, 1, 341),
(6400, 4, 1, 341),
(6401, 3, 1, 341),
(6402, 2, 1, 341),
(6403, 1, 1, 341),
(6404, 31, 1, 342),
(6405, 30, 1, 342),
(6406, 29, 1, 342),
(6407, 28, 1, 342),
(6408, 27, 1, 342),
(6409, 26, 1, 342),
(6410, 25, 1, 342),
(6411, 24, 1, 342),
(6412, 23, 1, 342),
(6413, 22, 1, 342),
(6414, 21, 1, 342),
(6415, 20, 1, 342),
(6416, 19, 1, 342),
(6417, 18, 1, 342),
(6418, 17, 1, 342),
(6419, 16, 1, 342),
(6420, 15, 1, 342),
(6421, 14, 1, 342),
(6422, 13, 1, 342),
(6423, 12, 1, 342),
(6424, 11, 1, 342),
(6425, 10, 1, 342),
(6426, 9, 1, 342),
(6427, 8, 1, 342),
(6428, 7, 1, 342),
(6429, 6, 1, 342),
(6430, 5, 1, 342),
(6431, 4, 1, 342),
(6432, 3, 1, 342),
(6433, 2, 1, 342),
(6434, 1, 1, 342),
(6435, 30, 1, 343),
(6436, 29, 1, 343),
(6437, 28, 1, 343),
(6438, 27, 1, 343),
(6439, 26, 1, 343),
(6440, 25, 1, 343),
(6441, 24, 1, 343),
(6442, 23, 1, 343),
(6443, 22, 1, 343),
(6444, 21, 1, 343),
(6445, 20, 1, 343),
(6446, 19, 1, 343),
(6447, 18, 1, 343),
(6448, 17, 1, 343),
(6449, 16, 1, 343),
(6450, 15, 1, 343),
(6451, 14, 1, 343),
(6452, 13, 1, 343),
(6453, 12, 1, 343),
(6454, 11, 1, 343),
(6455, 10, 1, 343),
(6456, 9, 1, 343),
(6457, 8, 1, 343),
(6458, 7, 1, 343),
(6459, 6, 1, 343),
(6460, 5, 1, 343),
(6461, 4, 1, 343),
(6462, 3, 1, 343),
(6463, 2, 1, 343),
(6464, 1, 1, 343),
(6465, 31, 1, 344),
(6466, 30, 1, 344),
(6467, 29, 1, 344),
(6468, 28, 1, 344),
(6469, 27, 1, 344),
(6470, 26, 1, 344),
(6471, 25, 1, 344),
(6472, 24, 1, 344),
(6473, 23, 1, 344),
(6474, 22, 1, 344),
(6475, 21, 1, 344),
(6476, 20, 1, 344),
(6477, 19, 1, 344),
(6478, 18, 1, 344),
(6479, 17, 1, 344),
(6480, 16, 1, 344),
(6481, 15, 1, 344),
(6482, 14, 1, 344),
(6483, 13, 1, 344),
(6484, 12, 1, 344),
(6485, 11, 1, 344),
(6486, 10, 1, 344),
(6487, 9, 1, 344),
(6488, 8, 1, 344),
(6489, 7, 1, 344),
(6490, 6, 1, 344),
(6491, 5, 1, 344),
(6492, 4, 1, 344),
(6493, 3, 1, 344),
(6494, 2, 1, 344),
(6495, 1, 1, 344),
(6496, 30, 1, 345),
(6497, 29, 1, 345),
(6498, 28, 1, 345),
(6499, 27, 1, 345),
(6500, 26, 1, 345),
(6501, 25, 1, 345),
(6502, 24, 1, 345),
(6503, 23, 1, 345),
(6504, 22, 1, 345),
(6505, 21, 1, 345),
(6506, 20, 1, 345),
(6507, 19, 1, 345),
(6508, 18, 1, 345),
(6509, 17, 1, 345),
(6510, 16, 1, 345),
(6511, 15, 1, 345),
(6512, 14, 1, 345),
(6513, 13, 1, 345),
(6514, 12, 1, 345),
(6515, 11, 1, 345),
(6516, 10, 1, 345),
(6517, 9, 1, 345),
(6518, 8, 1, 345),
(6519, 7, 1, 345),
(6520, 6, 1, 345),
(6521, 5, 1, 345),
(6522, 4, 1, 345),
(6523, 3, 1, 345),
(6524, 2, 1, 345),
(6525, 1, 1, 345),
(6526, 31, 1, 346),
(6527, 30, 1, 346),
(6528, 29, 1, 346),
(6529, 28, 1, 346),
(6530, 27, 1, 346),
(6531, 26, 1, 346),
(6532, 25, 1, 346),
(6533, 24, 1, 346),
(6534, 23, 1, 346),
(6535, 22, 1, 346),
(6536, 21, 1, 346),
(6537, 20, 1, 346),
(6538, 19, 1, 346),
(6539, 18, 1, 346),
(6540, 17, 1, 346),
(6541, 16, 1, 346),
(6542, 15, 1, 346),
(6543, 14, 1, 346),
(6544, 13, 1, 346),
(6545, 12, 1, 346),
(6546, 11, 1, 346),
(6547, 10, 1, 346),
(6548, 9, 1, 346),
(6549, 15, 1, 347),
(6550, 14, 1, 347),
(6551, 13, 1, 347),
(6552, 12, 1, 347),
(6553, 11, 1, 347),
(6554, 10, 1, 347),
(6555, 9, 1, 347),
(6556, 8, 1, 347),
(6557, 7, 1, 347),
(6558, 6, 1, 347),
(6559, 5, 1, 347),
(6560, 4, 1, 347),
(6561, 3, 1, 347),
(6562, 2, 1, 347),
(6563, 1, 1, 347),
(6564, 31, 1, 348),
(6565, 30, 1, 348),
(6566, 29, 1, 348),
(6567, 28, 1, 348),
(6568, 27, 1, 348),
(6569, 26, 1, 348),
(6570, 25, 1, 348),
(6571, 24, 1, 348),
(6572, 23, 1, 348),
(6573, 22, 1, 348),
(6574, 21, 1, 348),
(6575, 20, 1, 348),
(6576, 19, 1, 348),
(6577, 18, 1, 348),
(6578, 17, 1, 348),
(6579, 16, 1, 348),
(6580, 15, 1, 348),
(6581, 14, 1, 348),
(6582, 13, 1, 348),
(6583, 12, 1, 348),
(6584, 11, 1, 348),
(6585, 10, 1, 348),
(6586, 9, 1, 348),
(6587, 8, 1, 348),
(6588, 7, 1, 348),
(6589, 6, 1, 348),
(6590, 5, 1, 348),
(6591, 4, 1, 348),
(6592, 3, 1, 348),
(6593, 2, 1, 348),
(6594, 1, 1, 348),
(6595, 30, 1, 349),
(6596, 29, 1, 349),
(6597, 28, 1, 349),
(6598, 27, 1, 349),
(6599, 26, 1, 349),
(6600, 25, 1, 349),
(6601, 24, 1, 349),
(6602, 23, 1, 349),
(6603, 22, 1, 349),
(6604, 21, 1, 349),
(6605, 20, 1, 349),
(6606, 19, 1, 349),
(6607, 18, 1, 349),
(6608, 17, 1, 349),
(6609, 16, 1, 349),
(6610, 15, 1, 349),
(6611, 14, 1, 349),
(6612, 13, 1, 349),
(6613, 12, 1, 349),
(6614, 11, 1, 349),
(6615, 10, 1, 349),
(6616, 9, 1, 349),
(6617, 8, 1, 349),
(6618, 7, 1, 349),
(6619, 6, 1, 349),
(6620, 5, 1, 349),
(6621, 4, 1, 349),
(6622, 3, 1, 349),
(6623, 2, 1, 349),
(6624, 1, 1, 349),
(6625, 31, 1, 350),
(6626, 30, 1, 350),
(6627, 29, 1, 350),
(6628, 28, 1, 350),
(6629, 27, 1, 350),
(6630, 26, 1, 350),
(6631, 25, 1, 350),
(6632, 24, 1, 350),
(6633, 23, 1, 350),
(6634, 22, 1, 350),
(6635, 21, 1, 350),
(6636, 20, 1, 350),
(6637, 19, 1, 350),
(6638, 18, 1, 350),
(6639, 17, 1, 350),
(6640, 16, 1, 350),
(6641, 15, 1, 350),
(6642, 14, 1, 350),
(6643, 13, 1, 350),
(6644, 12, 1, 350),
(6645, 11, 1, 350),
(6646, 10, 1, 350),
(6647, 9, 1, 350),
(6648, 8, 1, 350),
(6649, 7, 1, 350),
(6650, 6, 1, 350),
(6651, 5, 1, 350),
(6652, 4, 1, 350),
(6653, 3, 1, 350),
(6654, 2, 1, 350),
(6655, 1, 1, 350),
(6656, 30, 1, 351),
(6657, 29, 1, 351),
(6658, 28, 1, 351),
(6659, 27, 1, 351),
(6660, 26, 1, 351),
(6661, 25, 1, 351),
(6662, 24, 1, 351),
(6663, 23, 1, 351),
(6664, 22, 1, 351),
(6665, 21, 1, 351),
(6666, 20, 1, 351),
(6667, 19, 1, 351),
(6668, 18, 1, 351),
(6669, 17, 1, 351),
(6670, 16, 1, 351),
(6671, 15, 1, 351),
(6672, 14, 1, 351),
(6673, 13, 1, 351),
(6674, 12, 1, 351),
(6675, 11, 1, 351),
(6676, 10, 1, 351),
(6677, 9, 1, 351),
(6678, 8, 1, 351),
(6679, 7, 1, 351),
(6680, 6, 1, 351),
(6681, 5, 1, 351),
(6682, 4, 1, 351),
(6683, 3, 1, 351),
(6684, 2, 1, 351),
(6685, 1, 1, 351),
(6686, 31, 1, 352),
(6687, 30, 1, 352),
(6688, 29, 1, 352),
(6689, 28, 1, 352),
(6690, 27, 1, 352),
(6691, 26, 1, 352),
(6692, 25, 1, 352),
(6693, 24, 1, 352),
(6694, 23, 1, 352),
(6695, 22, 1, 352),
(6696, 21, 1, 352),
(6697, 20, 1, 352),
(6698, 19, 1, 352),
(6699, 18, 1, 352),
(6700, 17, 1, 352),
(6701, 16, 1, 352),
(6702, 15, 1, 352),
(6703, 14, 1, 352),
(6704, 13, 1, 352),
(6705, 12, 1, 352),
(6706, 11, 1, 352),
(6707, 10, 1, 352),
(6708, 9, 1, 352),
(6709, 8, 1, 352),
(6710, 7, 1, 352),
(6711, 6, 1, 352),
(6712, 5, 1, 352),
(6713, 4, 1, 352),
(6714, 3, 1, 352),
(6715, 2, 1, 352),
(6716, 1, 1, 352),
(6717, 28, 1, 353),
(6718, 27, 1, 353),
(6719, 26, 1, 353),
(6720, 25, 1, 353),
(6721, 24, 1, 353),
(6722, 23, 1, 353),
(6723, 22, 1, 353),
(6724, 21, 1, 353),
(6725, 20, 1, 353),
(6726, 19, 1, 353),
(6727, 18, 1, 353),
(6728, 17, 1, 353),
(6729, 16, 1, 353),
(6730, 15, 1, 353),
(6731, 14, 1, 353),
(6732, 13, 1, 353),
(6733, 12, 1, 353),
(6734, 11, 1, 353),
(6735, 10, 1, 353),
(6736, 9, 1, 353),
(6737, 8, 1, 353),
(6738, 7, 1, 353),
(6739, 6, 1, 353),
(6740, 5, 1, 353),
(6741, 4, 1, 353),
(6742, 3, 1, 353),
(6743, 2, 1, 353),
(6744, 1, 1, 353),
(6745, 31, 1, 354),
(6746, 30, 1, 354),
(6747, 29, 1, 354),
(6748, 28, 1, 354),
(6749, 27, 1, 354),
(6750, 26, 1, 354),
(6751, 25, 1, 354),
(6752, 24, 1, 354),
(6753, 23, 1, 354),
(6754, 22, 1, 354),
(6755, 21, 1, 354),
(6756, 20, 1, 354),
(6757, 19, 1, 354),
(6758, 18, 1, 354),
(6759, 17, 1, 354),
(6760, 16, 1, 354),
(6761, 15, 1, 354),
(6762, 14, 1, 354),
(6763, 13, 1, 354),
(6764, 12, 1, 354),
(6765, 11, 1, 354),
(6766, 10, 1, 354),
(6767, 9, 1, 354),
(6768, 8, 1, 354),
(6769, 7, 1, 354),
(6770, 6, 1, 354),
(6771, 5, 1, 354),
(6772, 4, 1, 354),
(6773, 3, 1, 354),
(6774, 2, 1, 354),
(6775, 1, 1, 354),
(6776, 31, 1, 355),
(6777, 30, 1, 355),
(6778, 29, 1, 355),
(6779, 28, 1, 355),
(6780, 27, 1, 355),
(6781, 26, 1, 355),
(6782, 25, 1, 355),
(6783, 24, 1, 355),
(6784, 23, 1, 355),
(6785, 22, 1, 355),
(6786, 21, 1, 355),
(6787, 20, 1, 355),
(6788, 19, 1, 355),
(6789, 18, 1, 355),
(6790, 17, 1, 355),
(6791, 16, 1, 355),
(6792, 15, 1, 355),
(6793, 14, 1, 355),
(6794, 13, 1, 355),
(6795, 12, 1, 355),
(6796, 11, 1, 355),
(6797, 10, 1, 355),
(6798, 9, 1, 355),
(6799, 8, 1, 355),
(6800, 7, 1, 355),
(6801, 6, 1, 355),
(6802, 5, 1, 355),
(6803, 4, 1, 355),
(6804, 3, 1, 355),
(6805, 2, 1, 355),
(6806, 1, 1, 355),
(6807, 30, 1, 356),
(6808, 29, 1, 356),
(6809, 28, 1, 356),
(6810, 27, 1, 356),
(6811, 26, 1, 356),
(6812, 25, 1, 356),
(6813, 24, 1, 356),
(6814, 23, 1, 356),
(6815, 22, 1, 356),
(6816, 21, 1, 356),
(6817, 20, 1, 356),
(6818, 19, 1, 356),
(6819, 18, 1, 356),
(6820, 17, 1, 356),
(6821, 16, 1, 356),
(6822, 15, 1, 356),
(6823, 14, 1, 356),
(6824, 13, 1, 356),
(6825, 12, 1, 356),
(6826, 11, 1, 356),
(6827, 10, 1, 356),
(6828, 9, 1, 356),
(6829, 8, 1, 356),
(6830, 7, 1, 356),
(6831, 6, 1, 356),
(6832, 5, 1, 356),
(6833, 4, 1, 356),
(6834, 3, 1, 356),
(6835, 2, 1, 356),
(6836, 1, 1, 356),
(6837, 31, 1, 357),
(6838, 30, 1, 357),
(6839, 29, 1, 357),
(6840, 28, 1, 357),
(6841, 27, 1, 357),
(6842, 26, 1, 357),
(6843, 25, 1, 357),
(6844, 24, 1, 357),
(6845, 23, 1, 357),
(6846, 22, 1, 357),
(6847, 21, 1, 357),
(6848, 20, 1, 357),
(6849, 19, 1, 357),
(6850, 18, 1, 357),
(6851, 17, 1, 357),
(6852, 16, 1, 357),
(6853, 15, 1, 357),
(6854, 14, 1, 357),
(6855, 13, 1, 357),
(6856, 12, 1, 357),
(6857, 11, 1, 357),
(6858, 10, 1, 357),
(6859, 9, 1, 357),
(6860, 8, 1, 357),
(6861, 7, 1, 357),
(6862, 6, 1, 357),
(6863, 5, 1, 357),
(6864, 4, 1, 357),
(6865, 3, 1, 357),
(6866, 2, 1, 357),
(6867, 1, 1, 357),
(6868, 30, 1, 358),
(6869, 29, 1, 358),
(6870, 28, 1, 358),
(6871, 27, 1, 358),
(6872, 26, 1, 358),
(6873, 25, 1, 358),
(6874, 24, 1, 358),
(6875, 23, 1, 358),
(6876, 22, 1, 358),
(6877, 21, 1, 358),
(6878, 20, 1, 358),
(6879, 19, 1, 358),
(6880, 18, 1, 358),
(6881, 17, 1, 358),
(6882, 16, 1, 358),
(6883, 15, 1, 358),
(6884, 14, 1, 358),
(6885, 13, 1, 358),
(6886, 12, 1, 358),
(6887, 11, 1, 358),
(6888, 10, 1, 358),
(6889, 9, 1, 358),
(6890, 8, 1, 358),
(6891, 7, 1, 358),
(6892, 6, 1, 358),
(6893, 5, 1, 358),
(6894, 4, 1, 358),
(6895, 3, 1, 358),
(6896, 2, 1, 358),
(6897, 1, 1, 358),
(6898, 31, 1, 359),
(6899, 30, 1, 359),
(6900, 29, 1, 359),
(6901, 28, 1, 359),
(6902, 27, 1, 359),
(6903, 26, 1, 359),
(6904, 25, 1, 359),
(6905, 24, 1, 359),
(6906, 23, 1, 359),
(6907, 22, 1, 359),
(6908, 21, 1, 359),
(6909, 20, 1, 359),
(6910, 19, 1, 359),
(6911, 18, 1, 359),
(6912, 17, 1, 359),
(6913, 16, 1, 359),
(6914, 15, 1, 359),
(6915, 14, 1, 359),
(6916, 13, 1, 359),
(6917, 12, 1, 359),
(6918, 11, 1, 359),
(6919, 10, 1, 359),
(6920, 9, 1, 359),
(6921, 8, 1, 359),
(6922, 7, 1, 359),
(6923, 6, 1, 359),
(6924, 5, 1, 359),
(6925, 4, 1, 359),
(6926, 3, 1, 359),
(6927, 2, 1, 359),
(6928, 1, 1, 359),
(6929, 31, 1, 360),
(6930, 30, 1, 360),
(6931, 29, 1, 360),
(6932, 28, 1, 360),
(6933, 27, 1, 360),
(6934, 26, 1, 360),
(6935, 25, 1, 360),
(6936, 24, 1, 360),
(6937, 23, 1, 360),
(6938, 22, 1, 360),
(6939, 21, 1, 360),
(6940, 20, 1, 360),
(6941, 19, 1, 360),
(6942, 18, 1, 360),
(6943, 17, 1, 360),
(6944, 16, 1, 360),
(6945, 15, 1, 360),
(6946, 14, 1, 360),
(6947, 13, 1, 360),
(6948, 12, 1, 360),
(6949, 11, 1, 360),
(6950, 10, 1, 360),
(6951, 9, 1, 360),
(6952, 8, 1, 360),
(6953, 7, 1, 360),
(6954, 6, 1, 360),
(6955, 5, 1, 360),
(6956, 4, 1, 360),
(6957, 3, 1, 360),
(6958, 2, 1, 360),
(6959, 1, 1, 360),
(6960, 30, 1, 361),
(6961, 29, 1, 361),
(6962, 28, 1, 361),
(6963, 27, 1, 361),
(6964, 26, 1, 361),
(6965, 25, 1, 361),
(6966, 24, 1, 361),
(6967, 23, 1, 361),
(6968, 22, 1, 361),
(6969, 21, 1, 361),
(6970, 20, 1, 361),
(6971, 19, 1, 361),
(6972, 18, 1, 361),
(6973, 17, 1, 361),
(6974, 16, 1, 361),
(6975, 15, 1, 361),
(6976, 14, 1, 361),
(6977, 13, 1, 361),
(6978, 12, 1, 361),
(6979, 11, 1, 361),
(6980, 10, 1, 361),
(6981, 9, 1, 361),
(6982, 8, 1, 361),
(6983, 7, 1, 361),
(6984, 6, 1, 361),
(6985, 5, 1, 361),
(6986, 4, 1, 361),
(6987, 3, 1, 361),
(6988, 2, 1, 361),
(6989, 1, 1, 361),
(6990, 31, 1, 362),
(6991, 30, 1, 362),
(6992, 29, 1, 362),
(6993, 28, 1, 362),
(6994, 27, 1, 362),
(6995, 26, 1, 362),
(6996, 25, 1, 362),
(6997, 24, 1, 362),
(6998, 23, 1, 362),
(6999, 22, 1, 362),
(7000, 21, 1, 362),
(7001, 20, 1, 362),
(7002, 19, 1, 362),
(7003, 18, 1, 362),
(7004, 17, 1, 362),
(7005, 16, 1, 362),
(7006, 15, 1, 362),
(7007, 14, 1, 362),
(7008, 13, 1, 362),
(7009, 12, 1, 362),
(7010, 11, 1, 362),
(7011, 10, 1, 362),
(7012, 9, 1, 362),
(7013, 8, 1, 362),
(7014, 7, 1, 362),
(7015, 6, 1, 362),
(7016, 5, 1, 362),
(7017, 4, 1, 362),
(7018, 3, 1, 362),
(7019, 2, 1, 362),
(7020, 1, 1, 362),
(7021, 30, 1, 363),
(7022, 29, 1, 363),
(7023, 28, 1, 363),
(7024, 27, 1, 363),
(7025, 26, 1, 363),
(7026, 25, 1, 363),
(7027, 24, 1, 363),
(7028, 23, 1, 363),
(7029, 22, 1, 363),
(7030, 21, 1, 363),
(7031, 20, 1, 363),
(7032, 19, 1, 363),
(7033, 18, 1, 363),
(7034, 17, 1, 363),
(7035, 16, 1, 363),
(7036, 15, 1, 363),
(7037, 14, 1, 363),
(7038, 13, 1, 363),
(7039, 12, 1, 363),
(7040, 11, 1, 363),
(7041, 10, 1, 363),
(7042, 9, 1, 363),
(7043, 8, 1, 363),
(7044, 7, 1, 363),
(7045, 6, 1, 363),
(7046, 5, 1, 363),
(7047, 4, 1, 363),
(7048, 3, 1, 363),
(7049, 2, 1, 363),
(7050, 1, 1, 363),
(7051, 31, 1, 364),
(7052, 30, 1, 364),
(7053, 29, 1, 364),
(7054, 28, 1, 364),
(7055, 27, 1, 364),
(7056, 26, 1, 364),
(7057, 25, 1, 364),
(7058, 24, 1, 364),
(7059, 23, 1, 364),
(7060, 22, 1, 364),
(7061, 21, 1, 364),
(7062, 20, 1, 364),
(7063, 19, 1, 364),
(7064, 18, 1, 364),
(7065, 17, 1, 364),
(7066, 16, 1, 364),
(7067, 15, 1, 364),
(7068, 14, 1, 364),
(7069, 13, 1, 364),
(7070, 12, 1, 364),
(7071, 11, 1, 364),
(7072, 10, 1, 364),
(7073, 9, 1, 364),
(7074, 8, 1, 364),
(7075, 7, 1, 364),
(7076, 6, 1, 364),
(7077, 5, 1, 364),
(7078, 4, 1, 364),
(7079, 3, 1, 364),
(7080, 2, 1, 364),
(7081, 1, 1, 364),
(7082, 29, 1, 365),
(7083, 28, 1, 365),
(7084, 27, 1, 365),
(7085, 26, 1, 365),
(7086, 25, 1, 365),
(7087, 24, 1, 365),
(7088, 23, 1, 365),
(7089, 22, 1, 365),
(7090, 21, 1, 365),
(7091, 20, 1, 365),
(7092, 19, 1, 365),
(7093, 18, 1, 365),
(7094, 17, 1, 365),
(7095, 16, 1, 365),
(7096, 15, 1, 365),
(7097, 14, 1, 365),
(7098, 13, 1, 365),
(7099, 12, 1, 365),
(7100, 11, 1, 365),
(7101, 10, 1, 365),
(7102, 9, 1, 365),
(7103, 8, 1, 365),
(7104, 7, 1, 365),
(7105, 6, 1, 365),
(7106, 5, 1, 365),
(7107, 4, 1, 365),
(7108, 3, 1, 365),
(7109, 2, 1, 365),
(7110, 1, 1, 365),
(7111, 31, 1, 366),
(7112, 30, 1, 366),
(7113, 29, 1, 366),
(7114, 28, 1, 366),
(7115, 27, 1, 366),
(7116, 26, 1, 366),
(7117, 25, 1, 366),
(7118, 24, 1, 366),
(7119, 23, 1, 366),
(7120, 22, 1, 366),
(7121, 21, 1, 366),
(7122, 20, 1, 366),
(7123, 19, 1, 366),
(7124, 18, 1, 366),
(7125, 17, 1, 366),
(7126, 16, 1, 366),
(7127, 15, 1, 366),
(7128, 14, 1, 366),
(7129, 13, 1, 366),
(7130, 12, 1, 366),
(7131, 11, 1, 366),
(7132, 10, 1, 366),
(7133, 9, 1, 366),
(7134, 8, 1, 366),
(7135, 7, 1, 366),
(7136, 6, 1, 366),
(7137, 5, 1, 366),
(7138, 4, 1, 366),
(7139, 3, 1, 366),
(7140, 2, 1, 366),
(7141, 1, 1, 366),
(7142, 31, 1, 367),
(7143, 30, 1, 367),
(7144, 29, 1, 367),
(7145, 28, 1, 367),
(7146, 27, 1, 367),
(7147, 26, 1, 367),
(7148, 25, 1, 367),
(7149, 24, 1, 367),
(7150, 23, 1, 367),
(7151, 22, 1, 367),
(7152, 21, 1, 367),
(7153, 20, 1, 367),
(7154, 19, 1, 367),
(7155, 18, 1, 367),
(7156, 17, 1, 367),
(7157, 16, 1, 367),
(7158, 15, 1, 367),
(7159, 14, 1, 367),
(7160, 13, 1, 367),
(7161, 12, 1, 367),
(7162, 11, 1, 367),
(7163, 10, 1, 367),
(7164, 9, 1, 367),
(7165, 8, 1, 367),
(7166, 7, 1, 367),
(7167, 6, 1, 367),
(7168, 5, 1, 367),
(7169, 4, 1, 367),
(7170, 3, 1, 367),
(7171, 2, 1, 367),
(7172, 1, 1, 367),
(7173, 30, 1, 368),
(7174, 29, 1, 368),
(7175, 28, 1, 368),
(7176, 27, 1, 368),
(7177, 26, 1, 368),
(7178, 25, 1, 368),
(7179, 24, 1, 368),
(7180, 23, 1, 368),
(7181, 22, 1, 368),
(7182, 21, 1, 368),
(7183, 20, 1, 368),
(7184, 19, 1, 368),
(7185, 18, 1, 368),
(7186, 17, 1, 368),
(7187, 16, 1, 368),
(7188, 15, 1, 368),
(7189, 14, 1, 368),
(7190, 13, 1, 368),
(7191, 12, 1, 368),
(7192, 11, 1, 368),
(7193, 10, 1, 368),
(7194, 9, 1, 368),
(7195, 8, 1, 368),
(7196, 7, 1, 368),
(7197, 6, 1, 368),
(7198, 5, 1, 368),
(7199, 4, 1, 368),
(7200, 3, 1, 368),
(7201, 2, 1, 368),
(7202, 1, 1, 368),
(7203, 31, 1, 369),
(7204, 30, 1, 369),
(7205, 29, 1, 369),
(7206, 28, 1, 369),
(7207, 27, 1, 369),
(7208, 26, 1, 369),
(7209, 25, 1, 369),
(7210, 24, 1, 369),
(7211, 23, 1, 369),
(7212, 22, 1, 369),
(7213, 21, 1, 369),
(7214, 20, 1, 369),
(7215, 19, 1, 369),
(7216, 18, 1, 369),
(7217, 17, 1, 369),
(7218, 16, 1, 369),
(7219, 15, 1, 369),
(7220, 14, 1, 369),
(7221, 13, 1, 369),
(7222, 12, 1, 369),
(7223, 11, 1, 369),
(7224, 10, 1, 369),
(7225, 9, 1, 369),
(7226, 8, 1, 369),
(7227, 7, 1, 369),
(7228, 6, 1, 369),
(7229, 5, 1, 369),
(7230, 4, 1, 369),
(7231, 3, 1, 369),
(7232, 2, 1, 369),
(7233, 1, 1, 369),
(7234, 30, 1, 370),
(7235, 29, 1, 370),
(7236, 28, 1, 370),
(7237, 27, 1, 370),
(7238, 26, 1, 370),
(7239, 25, 1, 370),
(7240, 24, 1, 370),
(7241, 23, 1, 370),
(7242, 22, 1, 370),
(7243, 21, 1, 370),
(7244, 20, 1, 370),
(7245, 19, 1, 370),
(7246, 18, 1, 370),
(7247, 17, 1, 370),
(7248, 16, 1, 370),
(7249, 15, 1, 370),
(7250, 14, 1, 370),
(7251, 13, 1, 370),
(7252, 12, 1, 370),
(7253, 11, 1, 370),
(7254, 10, 1, 370),
(7255, 9, 1, 370),
(7256, 8, 1, 370),
(7257, 7, 1, 370),
(7258, 6, 1, 370),
(7259, 5, 1, 370),
(7260, 4, 1, 370),
(7261, 3, 1, 370),
(7262, 2, 1, 370),
(7263, 1, 1, 370),
(7264, 31, 1, 371),
(7265, 30, 1, 371),
(7266, 29, 1, 371),
(7267, 28, 1, 371),
(7268, 27, 1, 371),
(7269, 26, 1, 371),
(7270, 25, 1, 371),
(7271, 24, 1, 371),
(7272, 23, 1, 371),
(7273, 22, 1, 371),
(7274, 21, 1, 371),
(7275, 20, 1, 371),
(7276, 19, 1, 371),
(7277, 18, 1, 371),
(7278, 17, 1, 371),
(7279, 16, 1, 371),
(7280, 15, 1, 371),
(7281, 14, 1, 371),
(7282, 13, 1, 371),
(7283, 12, 1, 371),
(7284, 11, 1, 371),
(7285, 10, 1, 371),
(7286, 9, 1, 371),
(7287, 19, 4, 372),
(7288, 20, 2, 372),
(7289, 21, 4, 372),
(7290, 22, 2, 372),
(7291, 23, 4, 372),
(7292, 24, 2, 372),
(7293, 25, 4, 372),
(7294, 26, 2, 372),
(7295, 27, 4, 372),
(7296, 28, 2, 372),
(7297, 29, 4, 372),
(7298, 30, 2, 372),
(7299, 31, 4, 372),
(7300, 1, 2, 373),
(7301, 2, 4, 373),
(7302, 3, 2, 373),
(7303, 4, 4, 373),
(7304, 5, 2, 373),
(7305, 6, 4, 373),
(7306, 7, 2, 373),
(7307, 8, 4, 373),
(7308, 9, 2, 373),
(7309, 10, 4, 373),
(7310, 11, 2, 373),
(7311, 12, 4, 373),
(7312, 13, 2, 373),
(7313, 14, 4, 373),
(7314, 15, 2, 373),
(7315, 16, 4, 373),
(7316, 17, 2, 373),
(7317, 18, 4, 373),
(7318, 19, 2, 373),
(7319, 20, 4, 373),
(7320, 21, 2, 373),
(7321, 22, 4, 373),
(7322, 23, 2, 373),
(7323, 24, 4, 373),
(7324, 25, 2, 373),
(7325, 26, 4, 373),
(7326, 27, 2, 373),
(7327, 28, 4, 373),
(7328, 29, 2, 373),
(7329, 30, 4, 373),
(7330, 1, 2, 374),
(7331, 2, 4, 374),
(7332, 3, 2, 374),
(7333, 4, 4, 374),
(7334, 5, 2, 374),
(7335, 6, 4, 374),
(7336, 7, 2, 374),
(7337, 8, 4, 374),
(7338, 9, 2, 374),
(7339, 10, 4, 374),
(7340, 11, 2, 374),
(7341, 12, 4, 374),
(7342, 13, 2, 374),
(7343, 14, 4, 374),
(7344, 15, 2, 374),
(7345, 16, 4, 374),
(7346, 17, 2, 374),
(7347, 18, 4, 374),
(7348, 19, 2, 374),
(7349, 20, 4, 374),
(7350, 21, 2, 374),
(7351, 22, 4, 374),
(7352, 23, 2, 374),
(7353, 24, 4, 374),
(7354, 25, 2, 374),
(7355, 26, 4, 374),
(7356, 27, 2, 374),
(7357, 28, 4, 374),
(7358, 29, 2, 374),
(7359, 30, 4, 374),
(7360, 31, 2, 374),
(7361, 1, 4, 375),
(7362, 2, 2, 375),
(7363, 3, 4, 375),
(7364, 4, 2, 375),
(7365, 5, 4, 375),
(7366, 6, 2, 375),
(7367, 7, 4, 375),
(7368, 8, 2, 375),
(7369, 9, 4, 375),
(7370, 10, 2, 375),
(7371, 11, 4, 375),
(7372, 12, 2, 375),
(7373, 13, 4, 375),
(7374, 14, 2, 375),
(7375, 15, 4, 375),
(7376, 16, 2, 375),
(7377, 17, 4, 375),
(7378, 18, 2, 375),
(7379, 19, 4, 375),
(7380, 20, 2, 375),
(7381, 21, 4, 375),
(7382, 22, 2, 375),
(7383, 23, 4, 375),
(7384, 24, 2, 375),
(7385, 25, 4, 375),
(7386, 26, 2, 375),
(7387, 27, 4, 375),
(7388, 28, 2, 375),
(7389, 29, 4, 375),
(7390, 30, 2, 375),
(7391, 1, 4, 376),
(7392, 2, 2, 376),
(7393, 3, 4, 376),
(7394, 4, 2, 376),
(7395, 5, 4, 376),
(7396, 6, 2, 376),
(7397, 7, 4, 376),
(7398, 8, 2, 376),
(7399, 9, 4, 376),
(7400, 10, 2, 376),
(7401, 11, 4, 376),
(7402, 12, 2, 376),
(7403, 13, 4, 376),
(7404, 14, 2, 376),
(7405, 15, 4, 376),
(7406, 16, 2, 376),
(7407, 17, 4, 376),
(7408, 18, 2, 376),
(7409, 19, 4, 376),
(7410, 20, 2, 376),
(7411, 21, 4, 376),
(7412, 22, 2, 376),
(7413, 23, 4, 376),
(7414, 24, 2, 376),
(7415, 25, 4, 376),
(7416, 26, 2, 376),
(7417, 27, 4, 376),
(7418, 28, 2, 376),
(7419, 29, 4, 376),
(7420, 30, 2, 376),
(7421, 31, 4, 376),
(7422, 1, 2, 377),
(7423, 2, 4, 377),
(7424, 3, 2, 377),
(7425, 4, 4, 377),
(7426, 5, 2, 377),
(7427, 6, 4, 377),
(7428, 7, 2, 377),
(7429, 8, 4, 377),
(7430, 9, 2, 377),
(7431, 10, 4, 377),
(7432, 11, 2, 377),
(7433, 12, 4, 377),
(7434, 13, 2, 377),
(7435, 14, 4, 377),
(7436, 15, 2, 377),
(7437, 16, 4, 377),
(7438, 17, 2, 377),
(7439, 18, 4, 377),
(7440, 19, 2, 377),
(7441, 20, 4, 377),
(7442, 21, 2, 377),
(7443, 22, 4, 377),
(7444, 23, 2, 377),
(7445, 24, 4, 377),
(7446, 25, 2, 377),
(7447, 26, 4, 377),
(7448, 27, 2, 377),
(7449, 28, 4, 377),
(7450, 29, 2, 377),
(7451, 30, 4, 377),
(7452, 31, 2, 377),
(7453, 1, 4, 378),
(7454, 2, 2, 378),
(7455, 3, 4, 378),
(7456, 4, 2, 378),
(7457, 5, 4, 378),
(7458, 6, 2, 378),
(7459, 7, 4, 378),
(7460, 8, 2, 378),
(7461, 9, 4, 378),
(7462, 10, 2, 378),
(7463, 11, 4, 378),
(7464, 12, 2, 378),
(7465, 13, 4, 378),
(7466, 14, 2, 378),
(7467, 15, 4, 378),
(7468, 16, 2, 378),
(7469, 17, 4, 378),
(7470, 18, 2, 378),
(7471, 19, 4, 378),
(7472, 20, 2, 378),
(7473, 21, 4, 378),
(7474, 22, 2, 378),
(7475, 23, 4, 378),
(7476, 24, 2, 378),
(7477, 25, 4, 378),
(7478, 26, 2, 378),
(7479, 27, 4, 378),
(7480, 28, 2, 378),
(7481, 1, 4, 379),
(7482, 2, 2, 379),
(7483, 3, 4, 379),
(7484, 4, 2, 379),
(7485, 5, 4, 379),
(7486, 6, 2, 379),
(7487, 7, 4, 379),
(7488, 8, 2, 379),
(7489, 9, 4, 379),
(7490, 10, 2, 379),
(7491, 11, 4, 379),
(7492, 12, 2, 379),
(7493, 13, 4, 379),
(7494, 14, 2, 379),
(7495, 15, 4, 379),
(7496, 16, 2, 379),
(7497, 17, 4, 379),
(7498, 18, 2, 379),
(7499, 19, 4, 379),
(7500, 20, 2, 379),
(7501, 21, 4, 379),
(7502, 22, 2, 379),
(7503, 23, 4, 379),
(7504, 24, 2, 379),
(7505, 25, 4, 379),
(7506, 26, 2, 379),
(7507, 27, 4, 379),
(7508, 28, 2, 379),
(7509, 29, 4, 379),
(7510, 30, 2, 379),
(7511, 31, 4, 379),
(7512, 1, 2, 380),
(7513, 2, 4, 380),
(7514, 3, 2, 380),
(7515, 4, 4, 380),
(7516, 5, 2, 380),
(7517, 6, 4, 380),
(7518, 7, 2, 380),
(7519, 8, 4, 380),
(7520, 9, 2, 380),
(7521, 10, 4, 380),
(7522, 11, 2, 380),
(7523, 12, 4, 380),
(7524, 13, 2, 380),
(7525, 14, 4, 380),
(7526, 15, 2, 380),
(7527, 16, 4, 380),
(7528, 17, 2, 380),
(7529, 18, 4, 380),
(7530, 19, 2, 380),
(7531, 20, 4, 380),
(7532, 21, 2, 380),
(7533, 22, 4, 380),
(7534, 23, 2, 380),
(7535, 24, 4, 380),
(7536, 25, 2, 380),
(7537, 26, 4, 380),
(7538, 27, 2, 380),
(7539, 28, 4, 380),
(7540, 29, 2, 380),
(7541, 30, 4, 380),
(7542, 1, 2, 381),
(7543, 2, 4, 381),
(7544, 3, 2, 381),
(7545, 4, 4, 381),
(7546, 5, 2, 381),
(7547, 6, 4, 381),
(7548, 7, 2, 381),
(7549, 8, 4, 381),
(7550, 9, 2, 381),
(7551, 10, 4, 381),
(7552, 11, 2, 381),
(7553, 12, 4, 381),
(7554, 13, 2, 381),
(7555, 14, 4, 381),
(7556, 15, 2, 381),
(7557, 16, 4, 381),
(7558, 17, 2, 381),
(7559, 18, 4, 381),
(7560, 19, 2, 381),
(7561, 20, 4, 381),
(7562, 21, 2, 381),
(7563, 22, 4, 381),
(7564, 23, 2, 381),
(7565, 24, 4, 381),
(7566, 25, 2, 381),
(7567, 26, 4, 381),
(7568, 27, 2, 381),
(7569, 28, 4, 381),
(7570, 29, 2, 381),
(7571, 30, 4, 381),
(7572, 31, 2, 381),
(7573, 1, 4, 382),
(7574, 2, 2, 382),
(7575, 3, 4, 382),
(7576, 4, 2, 382),
(7577, 5, 4, 382),
(7578, 6, 2, 382),
(7579, 7, 4, 382),
(7580, 8, 2, 382),
(7581, 9, 4, 382),
(7582, 10, 2, 382),
(7583, 11, 4, 382),
(7584, 12, 2, 382),
(7585, 13, 4, 382),
(7586, 14, 2, 382),
(7587, 15, 4, 382),
(7588, 16, 2, 382),
(7589, 17, 4, 382),
(7590, 18, 2, 382),
(7591, 19, 4, 382),
(7592, 20, 2, 382),
(7593, 21, 4, 382),
(7594, 22, 2, 382),
(7595, 23, 4, 382),
(7596, 24, 2, 382),
(7597, 25, 4, 382),
(7598, 26, 2, 382),
(7599, 27, 4, 382),
(7600, 28, 2, 382),
(7601, 29, 4, 382),
(7602, 30, 2, 382),
(7603, 1, 4, 383),
(7604, 2, 2, 383),
(7605, 3, 4, 383),
(7606, 4, 2, 383),
(7607, 5, 4, 383),
(7608, 6, 2, 383),
(7609, 7, 4, 383),
(7610, 8, 2, 383),
(7611, 9, 4, 383),
(7612, 10, 2, 383),
(7613, 11, 4, 383),
(7614, 12, 2, 383),
(7615, 13, 4, 383),
(7616, 14, 2, 383),
(7617, 15, 4, 383),
(7618, 16, 2, 383),
(7619, 17, 4, 383),
(7620, 18, 2, 383),
(7621, 19, 4, 383),
(7622, 20, 2, 383),
(7623, 21, 4, 383),
(7624, 22, 2, 383),
(7625, 23, 4, 383),
(7626, 24, 2, 383),
(7627, 25, 4, 383),
(7628, 26, 2, 383),
(7629, 27, 4, 383),
(7630, 28, 2, 383),
(7631, 29, 4, 383),
(7632, 30, 2, 383),
(7633, 31, 4, 383),
(7634, 1, 2, 384),
(7635, 2, 4, 384),
(7636, 3, 2, 384),
(7637, 4, 4, 384),
(7638, 5, 2, 384),
(7639, 6, 4, 384),
(7640, 7, 2, 384),
(7641, 8, 4, 384),
(7642, 9, 2, 384),
(7643, 10, 4, 384),
(7644, 11, 2, 384),
(7645, 12, 4, 384),
(7646, 13, 2, 384),
(7647, 14, 4, 384),
(7648, 15, 2, 384),
(7649, 16, 4, 384),
(7650, 17, 2, 384),
(7651, 18, 4, 384),
(7652, 19, 2, 384),
(7653, 20, 4, 384),
(7654, 21, 2, 384),
(7655, 22, 4, 384),
(7656, 23, 2, 384),
(7657, 24, 4, 384),
(7658, 25, 2, 384),
(7659, 26, 4, 384),
(7660, 27, 2, 384),
(7661, 28, 4, 384),
(7662, 29, 2, 384),
(7663, 30, 4, 384),
(7664, 31, 2, 384),
(7665, 1, 4, 385),
(7666, 2, 2, 385),
(7667, 3, 4, 385),
(7668, 4, 2, 385),
(7669, 5, 4, 385),
(7670, 6, 2, 385),
(7671, 7, 4, 385),
(7672, 8, 2, 385),
(7673, 9, 4, 385),
(7674, 10, 2, 385),
(7675, 11, 4, 385),
(7676, 12, 2, 385),
(7677, 13, 4, 385),
(7678, 14, 2, 385),
(7679, 15, 4, 385),
(7680, 16, 2, 385),
(7681, 17, 4, 385),
(7682, 18, 2, 385),
(7683, 19, 4, 385),
(7684, 20, 2, 385),
(7685, 21, 4, 385),
(7686, 22, 2, 385),
(7687, 23, 4, 385),
(7688, 24, 2, 385),
(7689, 25, 4, 385),
(7690, 26, 2, 385),
(7691, 27, 4, 385),
(7692, 28, 2, 385),
(7693, 29, 4, 385),
(7694, 30, 2, 385),
(7695, 1, 4, 386),
(7696, 2, 2, 386),
(7697, 3, 4, 386),
(7698, 4, 2, 386),
(7699, 5, 4, 386),
(7700, 6, 2, 386),
(7701, 7, 4, 386),
(7702, 8, 2, 386),
(7703, 9, 4, 386),
(7704, 10, 2, 386),
(7705, 11, 4, 386),
(7706, 12, 2, 386),
(7707, 13, 4, 386),
(7708, 14, 2, 386),
(7709, 15, 4, 386),
(7710, 16, 2, 386),
(7711, 17, 4, 386),
(7712, 18, 2, 386),
(7713, 19, 4, 386),
(7714, 20, 2, 386),
(7715, 21, 4, 386),
(7716, 22, 2, 386),
(7717, 23, 4, 386),
(7718, 24, 2, 386),
(7719, 25, 4, 386),
(7720, 26, 2, 386),
(7721, 27, 4, 386),
(7722, 28, 2, 386),
(7723, 29, 4, 386),
(7724, 30, 2, 386),
(7725, 31, 4, 386),
(7726, 1, 2, 387),
(7727, 2, 4, 387),
(7728, 3, 2, 387),
(7729, 4, 4, 387),
(7730, 5, 2, 387),
(7731, 6, 4, 387),
(7732, 7, 2, 387),
(7733, 8, 4, 387),
(7734, 9, 2, 387),
(7735, 10, 4, 387),
(7736, 11, 2, 387),
(7737, 12, 4, 387),
(7738, 13, 2, 387),
(7739, 14, 4, 387),
(7740, 15, 2, 387),
(7741, 16, 4, 387),
(7742, 17, 2, 387),
(7743, 18, 4, 387),
(7744, 19, 2, 387),
(7745, 20, 4, 387),
(7746, 21, 2, 387),
(7747, 22, 4, 387),
(7748, 23, 2, 387),
(7749, 24, 4, 387),
(7750, 25, 2, 387),
(7751, 26, 4, 387),
(7752, 27, 2, 387),
(7753, 28, 4, 387),
(7754, 29, 2, 387),
(7755, 30, 4, 387),
(7756, 1, 2, 388),
(7757, 2, 4, 388),
(7758, 3, 2, 388),
(7759, 4, 4, 388),
(7760, 5, 2, 388),
(7761, 6, 4, 388),
(7762, 7, 2, 388),
(7763, 8, 4, 388),
(7764, 9, 2, 388),
(7765, 10, 4, 388),
(7766, 11, 2, 388),
(7767, 12, 4, 388),
(7768, 13, 2, 388),
(7769, 14, 4, 388),
(7770, 15, 2, 388),
(7771, 16, 4, 388),
(7772, 17, 2, 388),
(7773, 18, 4, 388),
(7774, 19, 2, 388),
(7775, 20, 4, 388),
(7776, 21, 2, 388),
(7777, 22, 4, 388),
(7778, 23, 2, 388),
(7779, 24, 4, 388),
(7780, 25, 2, 388),
(7781, 26, 4, 388),
(7782, 27, 2, 388),
(7783, 28, 4, 388),
(7784, 29, 2, 388),
(7785, 30, 4, 388),
(7786, 31, 2, 388),
(7787, 1, 4, 389),
(7788, 2, 2, 389),
(7789, 3, 4, 389),
(7790, 4, 2, 389),
(7791, 5, 4, 389),
(7792, 6, 2, 389),
(7793, 7, 4, 389),
(7794, 8, 2, 389),
(7795, 9, 4, 389),
(7796, 10, 2, 389),
(7797, 11, 4, 389),
(7798, 12, 2, 389),
(7799, 13, 4, 389),
(7800, 14, 2, 389),
(7801, 15, 4, 389),
(7802, 16, 2, 389),
(7803, 17, 4, 389),
(7804, 18, 2, 389),
(7805, 19, 4, 389),
(7806, 20, 2, 389),
(7807, 21, 4, 389),
(7808, 22, 2, 389),
(7809, 23, 4, 389),
(7810, 24, 2, 389),
(7811, 25, 4, 389),
(7812, 26, 2, 389),
(7813, 27, 4, 389),
(7814, 28, 2, 389),
(7815, 29, 4, 389),
(7816, 30, 2, 389),
(7817, 31, 4, 389),
(7818, 1, 2, 390),
(7819, 2, 4, 390),
(7820, 3, 2, 390),
(7821, 4, 4, 390),
(7822, 5, 2, 390),
(7823, 6, 4, 390),
(7824, 7, 2, 390),
(7825, 8, 4, 390),
(7826, 9, 2, 390),
(7827, 10, 4, 390),
(7828, 11, 2, 390),
(7829, 12, 4, 390),
(7830, 13, 2, 390),
(7831, 14, 4, 390),
(7832, 15, 2, 390),
(7833, 16, 4, 390),
(7834, 17, 2, 390),
(7835, 18, 4, 390),
(7836, 19, 2, 390),
(7837, 20, 4, 390),
(7838, 21, 2, 390),
(7839, 22, 4, 390),
(7840, 23, 2, 390),
(7841, 24, 4, 390),
(7842, 25, 2, 390),
(7843, 26, 4, 390),
(7844, 27, 2, 390),
(7845, 28, 4, 390),
(7846, 1, 2, 391),
(7847, 2, 4, 391),
(7848, 3, 2, 391),
(7849, 4, 4, 391),
(7850, 5, 2, 391),
(7851, 6, 4, 391),
(7852, 7, 2, 391),
(7853, 8, 4, 391),
(7854, 9, 2, 391),
(7855, 10, 4, 391),
(7856, 11, 2, 391),
(7857, 12, 4, 391),
(7858, 13, 2, 391),
(7859, 14, 4, 391),
(7860, 15, 2, 391),
(7861, 16, 4, 391),
(7862, 17, 2, 391),
(7863, 18, 4, 391),
(7864, 19, 2, 391),
(7865, 20, 4, 391),
(7866, 21, 2, 391),
(7867, 22, 4, 391),
(7868, 23, 2, 391),
(7869, 24, 4, 391),
(7870, 25, 2, 391),
(7871, 26, 4, 391),
(7872, 27, 2, 391),
(7873, 28, 4, 391),
(7874, 29, 2, 391),
(7875, 30, 4, 391),
(7876, 31, 2, 391),
(7877, 1, 4, 392),
(7878, 2, 2, 392),
(7879, 3, 4, 392),
(7880, 4, 2, 392),
(7881, 5, 4, 392),
(7882, 6, 2, 392),
(7883, 7, 4, 392),
(7884, 8, 2, 392),
(7885, 9, 4, 392),
(7886, 10, 2, 392),
(7887, 11, 4, 392),
(7888, 12, 2, 392),
(7889, 13, 4, 392),
(7890, 14, 2, 392),
(7891, 15, 4, 392),
(7892, 16, 2, 392),
(7893, 17, 4, 392),
(7894, 18, 2, 392),
(7895, 19, 4, 392),
(7896, 20, 2, 392),
(7897, 21, 4, 392),
(7898, 22, 2, 392),
(7899, 23, 4, 392),
(7900, 24, 2, 392),
(7901, 25, 4, 392),
(7902, 26, 2, 392),
(7903, 27, 4, 392),
(7904, 28, 2, 392),
(7905, 29, 4, 392),
(7906, 30, 2, 392),
(7907, 1, 4, 393),
(7908, 2, 2, 393),
(7909, 3, 4, 393),
(7910, 4, 2, 393),
(7911, 5, 4, 393),
(7912, 6, 2, 393),
(7913, 7, 4, 393),
(7914, 8, 2, 393),
(7915, 9, 4, 393),
(7916, 10, 2, 393),
(7917, 11, 4, 393),
(7918, 12, 2, 393),
(7919, 13, 4, 393),
(7920, 14, 2, 393),
(7921, 15, 4, 393),
(7922, 16, 2, 393),
(7923, 17, 4, 393),
(7924, 18, 2, 393),
(7925, 19, 4, 393),
(7926, 20, 2, 393),
(7927, 21, 4, 393),
(7928, 22, 2, 393),
(7929, 23, 4, 393),
(7930, 24, 2, 393),
(7931, 25, 4, 393),
(7932, 26, 2, 393),
(7933, 27, 4, 393),
(7934, 28, 2, 393),
(7935, 29, 4, 393),
(7936, 30, 2, 393),
(7937, 31, 4, 393),
(7938, 1, 2, 394),
(7939, 2, 4, 394),
(7940, 3, 2, 394),
(7941, 4, 4, 394),
(7942, 5, 2, 394),
(7943, 6, 4, 394),
(7944, 7, 2, 394),
(7945, 8, 4, 394),
(7946, 9, 2, 394),
(7947, 10, 4, 394),
(7948, 11, 2, 394),
(7949, 12, 4, 394),
(7950, 13, 2, 394),
(7951, 14, 4, 394),
(7952, 15, 2, 394),
(7953, 16, 4, 394),
(7954, 17, 2, 394),
(7955, 18, 4, 394),
(7956, 19, 2, 394),
(7957, 20, 4, 394),
(7958, 21, 2, 394),
(7959, 22, 4, 394),
(7960, 23, 2, 394),
(7961, 24, 4, 394),
(7962, 25, 2, 394),
(7963, 26, 4, 394),
(7964, 27, 2, 394),
(7965, 28, 4, 394),
(7966, 29, 2, 394),
(7967, 30, 4, 394),
(7968, 1, 2, 395),
(7969, 2, 4, 395),
(7970, 3, 2, 395),
(7971, 4, 4, 395),
(7972, 5, 2, 395),
(7973, 6, 4, 395),
(7974, 7, 2, 395),
(7975, 8, 4, 395),
(7976, 9, 2, 395),
(7977, 10, 4, 395),
(7978, 11, 2, 395),
(7979, 12, 4, 395),
(7980, 13, 2, 395),
(7981, 14, 4, 395),
(7982, 15, 2, 395),
(7983, 16, 4, 395),
(7984, 17, 2, 395),
(7985, 18, 4, 395),
(7986, 19, 2, 395),
(7987, 20, 4, 395),
(7988, 21, 2, 395),
(7989, 22, 4, 395),
(7990, 23, 2, 395),
(7991, 24, 4, 395),
(7992, 25, 2, 395),
(7993, 26, 4, 395),
(7994, 27, 2, 395),
(7995, 28, 4, 395),
(7996, 29, 2, 395),
(7997, 30, 4, 395),
(7998, 31, 2, 395),
(7999, 1, 4, 396),
(8000, 2, 2, 396),
(8001, 3, 4, 396),
(8002, 4, 2, 396),
(8003, 5, 4, 396),
(8004, 6, 2, 396),
(8005, 7, 4, 396),
(8006, 8, 2, 396),
(8007, 9, 4, 396),
(8008, 10, 2, 396),
(8009, 11, 4, 396),
(8010, 12, 2, 396),
(8011, 13, 4, 396),
(8012, 14, 2, 396),
(8013, 15, 4, 396),
(8014, 16, 2, 396),
(8015, 17, 4, 396),
(8016, 18, 2, 396),
(8017, 19, 4, 396),
(8018, 20, 2, 396),
(8019, 21, 4, 396),
(8020, 22, 2, 396),
(8021, 23, 4, 396),
(8022, 24, 2, 396),
(8023, 25, 4, 396),
(8024, 26, 2, 396),
(8025, 17, 2, 397),
(8026, 18, 2, 397),
(8027, 19, 2, 397),
(8028, 20, 3, 397),
(8029, 21, 3, 397),
(8030, 22, 3, 397),
(8031, 23, 3, 397),
(8032, 24, 3, 397),
(8033, 25, 3, 397),
(8034, 26, 3, 397),
(8035, 27, 3, 397),
(8036, 28, 3, 397),
(8037, 29, 3, 397),
(8038, 30, 3, 397),
(8039, 31, 3, 397),
(8040, 1, 3, 398),
(8041, 2, 3, 398),
(8042, 3, 3, 398),
(8043, 4, 3, 398),
(8044, 5, 3, 398),
(8045, 6, 3, 398),
(8046, 7, 3, 398),
(8047, 8, 3, 398),
(8048, 9, 3, 398),
(8049, 10, 3, 398),
(8050, 11, 3, 398),
(8051, 12, 3, 398),
(8052, 13, 3, 398),
(8053, 14, 3, 398),
(8054, 15, 3, 398),
(8055, 16, 3, 398),
(8056, 17, 3, 398),
(8057, 18, 3, 398),
(8058, 19, 3, 398),
(8059, 20, 3, 398),
(8060, 21, 3, 398),
(8061, 22, 3, 398),
(8062, 23, 3, 398),
(8063, 24, 3, 398),
(8064, 25, 3, 398),
(8065, 26, 3, 398),
(8066, 27, 3, 398),
(8067, 28, 3, 398),
(8068, 29, 3, 398),
(8069, 30, 3, 398),
(8070, 1, 3, 399),
(8071, 2, 3, 399),
(8072, 3, 3, 399),
(8073, 4, 3, 399),
(8074, 5, 3, 399),
(8075, 6, 3, 399),
(8076, 7, 3, 399),
(8077, 8, 3, 399),
(8078, 9, 3, 399),
(8079, 10, 3, 399),
(8080, 11, 3, 399),
(8081, 12, 3, 399),
(8082, 13, 3, 399),
(8083, 14, 3, 399),
(8084, 15, 3, 399),
(8085, 16, 3, 399),
(8086, 17, 3, 399),
(8087, 18, 3, 399),
(8088, 19, 3, 399),
(8089, 20, 3, 399),
(8090, 21, 3, 399),
(8091, 22, 3, 399),
(8092, 23, 3, 399),
(8093, 24, 3, 399),
(8094, 25, 3, 399),
(8095, 26, 3, 399),
(8096, 27, 3, 399),
(8097, 28, 3, 399),
(8098, 29, 3, 399),
(8099, 30, 3, 399),
(8100, 31, 3, 399),
(8101, 1, 3, 400),
(8102, 2, 3, 400),
(8103, 3, 3, 400),
(8104, 4, 3, 400),
(8105, 5, 3, 400),
(8106, 6, 3, 400),
(8107, 7, 3, 400),
(8108, 8, 3, 400),
(8109, 9, 3, 400),
(8110, 10, 3, 400),
(8111, 11, 3, 400),
(8112, 12, 3, 400),
(8113, 13, 3, 400),
(8114, 14, 3, 400),
(8115, 15, 3, 400),
(8116, 16, 3, 400),
(8117, 17, 3, 400),
(8118, 18, 3, 400),
(8119, 19, 3, 400),
(8120, 20, 3, 400),
(8121, 21, 3, 400),
(8122, 22, 3, 400),
(8123, 23, 3, 400),
(8124, 24, 3, 400),
(8125, 25, 3, 400),
(8126, 26, 3, 400),
(8127, 27, 3, 400),
(8128, 28, 3, 400),
(8129, 29, 3, 400),
(8130, 30, 3, 400),
(8131, 1, 3, 401),
(8132, 2, 3, 401),
(8133, 3, 3, 401),
(8134, 4, 3, 401),
(8135, 5, 3, 401),
(8136, 6, 3, 401),
(8137, 7, 3, 401),
(8138, 8, 3, 401),
(8139, 9, 3, 401),
(8140, 10, 3, 401),
(8141, 11, 3, 401),
(8142, 12, 3, 401),
(8143, 13, 3, 401),
(8144, 14, 3, 401),
(8145, 15, 3, 401),
(8146, 16, 3, 401),
(8147, 17, 3, 401),
(8148, 18, 3, 401),
(8149, 19, 3, 401),
(8150, 20, 3, 401),
(8151, 21, 3, 401),
(8152, 22, 3, 401),
(8153, 23, 3, 401),
(8154, 24, 3, 401),
(8155, 25, 3, 401),
(8156, 26, 3, 401),
(8157, 27, 3, 401),
(8158, 28, 3, 401),
(8159, 29, 3, 401),
(8160, 30, 3, 401),
(8161, 31, 3, 401),
(8162, 1, 3, 402),
(8163, 2, 3, 402),
(8164, 3, 3, 402),
(8165, 4, 3, 402),
(8166, 5, 3, 402),
(8167, 6, 3, 402),
(8168, 7, 3, 402),
(8169, 8, 3, 402),
(8170, 9, 3, 402),
(8171, 10, 3, 402),
(8172, 11, 3, 402),
(8173, 12, 3, 402),
(8174, 13, 3, 402),
(8175, 14, 3, 402),
(8176, 15, 3, 402),
(8177, 16, 3, 402),
(8178, 17, 3, 402),
(8179, 18, 3, 402),
(8180, 19, 3, 402),
(8181, 20, 3, 402),
(8182, 21, 3, 402),
(8183, 22, 3, 402),
(8184, 23, 3, 402),
(8185, 24, 3, 402),
(8186, 25, 3, 402),
(8187, 26, 3, 402),
(8188, 27, 3, 402),
(8189, 28, 3, 402),
(8190, 29, 3, 402),
(8191, 30, 3, 402),
(8192, 31, 3, 402),
(8193, 1, 3, 403),
(8194, 2, 3, 403),
(8195, 3, 3, 403),
(8196, 4, 3, 403),
(8197, 5, 3, 403),
(8198, 6, 3, 403),
(8199, 7, 3, 403),
(8200, 8, 3, 403),
(8201, 9, 3, 403),
(8202, 10, 3, 403),
(8203, 11, 3, 403),
(8204, 12, 3, 403),
(8205, 13, 3, 403),
(8206, 14, 3, 403),
(8207, 15, 3, 403),
(8208, 16, 3, 403),
(8209, 17, 3, 403),
(8210, 18, 3, 403),
(8211, 19, 3, 403),
(8212, 20, 3, 403),
(8213, 21, 3, 403),
(8214, 22, 3, 403),
(8215, 23, 3, 403),
(8216, 24, 3, 403),
(8217, 25, 3, 403),
(8218, 26, 3, 403),
(8219, 27, 3, 403),
(8220, 28, 3, 403),
(8221, 1, 3, 404),
(8222, 2, 3, 404),
(8223, 3, 3, 404),
(8224, 4, 3, 404),
(8225, 5, 3, 404),
(8226, 6, 3, 404),
(8227, 7, 3, 404),
(8228, 8, 3, 404),
(8229, 9, 3, 404),
(8230, 10, 3, 404),
(8231, 11, 3, 404),
(8232, 12, 3, 404),
(8233, 13, 3, 404),
(8234, 14, 3, 404),
(8235, 15, 3, 404),
(8236, 16, 3, 404),
(8237, 17, 3, 404),
(8238, 18, 3, 404),
(8239, 19, 3, 404),
(8240, 20, 3, 404),
(8241, 21, 3, 404),
(8242, 22, 3, 404),
(8243, 23, 3, 404),
(8244, 24, 3, 404),
(8245, 25, 3, 404),
(8246, 26, 3, 404),
(8247, 27, 3, 404),
(8248, 28, 3, 404),
(8249, 29, 3, 404),
(8250, 30, 3, 404),
(8251, 31, 3, 404),
(8252, 1, 3, 405),
(8253, 2, 3, 405),
(8254, 3, 3, 405),
(8255, 4, 3, 405),
(8256, 5, 3, 405),
(8257, 6, 3, 405),
(8258, 7, 3, 405),
(8259, 8, 3, 405),
(8260, 9, 3, 405),
(8261, 10, 3, 405),
(8262, 11, 3, 405),
(8263, 12, 3, 405),
(8264, 13, 3, 405),
(8265, 14, 3, 405),
(8266, 15, 3, 405),
(8267, 16, 3, 405),
(8268, 17, 3, 405),
(8269, 18, 3, 405),
(8270, 19, 3, 405),
(8271, 20, 3, 405),
(8272, 21, 3, 405),
(8273, 22, 3, 405),
(8274, 23, 3, 405),
(8275, 24, 3, 405),
(8276, 25, 3, 405),
(8277, 26, 3, 405),
(8278, 27, 3, 405),
(8279, 28, 3, 405),
(8280, 29, 3, 405),
(8281, 30, 3, 405),
(8282, 1, 3, 406),
(8283, 2, 3, 406),
(8284, 3, 3, 406),
(8285, 4, 3, 406),
(8286, 5, 3, 406),
(8287, 6, 3, 406),
(8288, 7, 3, 406),
(8289, 8, 3, 406),
(8290, 9, 3, 406),
(8291, 10, 3, 406),
(8292, 11, 3, 406),
(8293, 12, 3, 406),
(8294, 13, 3, 406),
(8295, 14, 3, 406),
(8296, 15, 3, 406),
(8297, 16, 3, 406),
(8298, 17, 3, 406),
(8299, 18, 3, 406),
(8300, 19, 3, 406),
(8301, 20, 3, 406),
(8302, 21, 3, 406),
(8303, 22, 3, 406),
(8304, 23, 3, 406),
(8305, 24, 3, 406),
(8306, 25, 3, 406),
(8307, 26, 3, 406),
(8308, 27, 3, 406),
(8309, 28, 3, 406),
(8310, 29, 3, 406),
(8311, 30, 3, 406),
(8312, 31, 3, 406),
(8313, 1, 3, 407),
(8314, 2, 3, 407),
(8315, 3, 3, 407),
(8316, 4, 3, 407),
(8317, 5, 3, 407),
(8318, 6, 3, 407),
(8319, 7, 3, 407),
(8320, 8, 3, 407),
(8321, 9, 3, 407),
(8322, 10, 3, 407),
(8323, 11, 3, 407),
(8324, 12, 3, 407),
(8325, 13, 3, 407),
(8326, 14, 3, 407),
(8327, 15, 3, 407),
(8328, 16, 3, 407),
(8329, 17, 3, 407),
(8330, 18, 3, 407),
(8331, 19, 3, 407),
(8332, 20, 3, 407),
(8333, 21, 3, 407),
(8334, 22, 3, 407),
(8335, 23, 3, 407),
(8336, 24, 3, 407),
(8337, 25, 3, 407),
(8338, 26, 3, 407),
(8339, 27, 3, 407),
(8340, 28, 3, 407),
(8341, 29, 3, 407),
(8342, 30, 3, 407),
(8343, 1, 3, 408),
(8344, 2, 3, 408),
(8345, 3, 3, 408),
(8346, 4, 3, 408),
(8347, 5, 3, 408),
(8348, 6, 3, 408),
(8349, 7, 3, 408),
(8350, 8, 3, 408),
(8351, 9, 3, 408),
(8352, 10, 3, 408),
(8353, 11, 3, 408),
(8354, 12, 3, 408),
(8355, 13, 3, 408),
(8356, 14, 3, 408),
(8357, 15, 3, 408),
(8358, 16, 3, 408),
(8359, 17, 3, 408),
(8360, 18, 3, 408),
(8361, 19, 3, 408),
(8362, 20, 3, 408),
(8363, 21, 3, 408),
(8364, 22, 3, 408),
(8365, 23, 3, 408),
(8366, 24, 3, 408),
(8367, 25, 3, 408),
(8368, 26, 3, 408),
(8369, 27, 3, 408),
(8370, 28, 3, 408),
(8371, 29, 3, 408),
(8372, 30, 3, 408),
(8373, 31, 3, 408),
(8374, 1, 3, 409),
(8375, 2, 3, 409),
(8376, 3, 3, 409),
(8377, 4, 3, 409),
(8378, 5, 3, 409),
(8379, 6, 3, 409),
(8380, 7, 3, 409),
(8381, 8, 3, 409),
(8382, 9, 3, 409),
(8383, 10, 3, 409),
(8384, 11, 3, 409),
(8385, 12, 3, 409),
(8386, 13, 3, 409),
(8387, 14, 3, 409),
(8388, 15, 3, 409),
(8389, 16, 3, 409),
(8390, 17, 3, 409),
(8391, 18, 3, 409),
(8392, 19, 3, 409),
(8393, 20, 3, 409),
(8394, 21, 3, 409),
(8395, 22, 3, 409),
(8396, 23, 3, 409),
(8397, 24, 3, 409),
(8398, 25, 3, 409),
(8399, 26, 3, 409),
(8400, 27, 3, 409),
(8401, 28, 3, 409),
(8402, 29, 3, 409),
(8403, 30, 3, 409),
(8404, 31, 3, 409),
(8405, 1, 3, 410),
(8406, 2, 3, 410),
(8407, 3, 3, 410),
(8408, 4, 3, 410),
(8409, 5, 3, 410),
(8410, 6, 3, 410),
(8411, 7, 3, 410),
(8412, 8, 3, 410),
(8413, 9, 3, 410),
(8414, 10, 3, 410),
(8415, 11, 3, 410),
(8416, 12, 3, 410),
(8417, 13, 3, 410),
(8418, 14, 3, 410),
(8419, 15, 3, 410),
(8420, 16, 3, 410),
(8421, 17, 3, 410),
(8422, 18, 3, 410),
(8423, 19, 3, 410),
(8424, 20, 3, 410),
(8425, 21, 3, 410),
(8426, 22, 3, 410),
(8427, 23, 3, 410),
(8428, 24, 3, 410),
(8429, 25, 3, 410),
(8430, 26, 3, 410),
(8431, 27, 3, 410),
(8432, 28, 3, 410),
(8433, 29, 3, 410),
(8434, 30, 3, 410),
(8435, 1, 3, 411),
(8436, 2, 3, 411),
(8437, 3, 3, 411),
(8438, 4, 3, 411),
(8439, 5, 3, 411),
(8440, 6, 3, 411),
(8441, 7, 3, 411),
(8442, 8, 3, 411),
(8443, 9, 3, 411),
(8444, 10, 3, 411),
(8445, 11, 3, 411),
(8446, 12, 3, 411),
(8447, 13, 3, 411),
(8448, 14, 3, 411),
(8449, 15, 3, 411),
(8450, 16, 3, 411),
(8451, 17, 3, 411),
(8452, 18, 3, 411),
(8453, 19, 3, 411),
(8454, 20, 3, 411),
(8455, 21, 3, 411),
(8456, 22, 3, 411),
(8457, 23, 3, 411),
(8458, 24, 3, 411),
(8459, 25, 3, 411),
(8460, 26, 3, 411),
(8461, 27, 3, 411),
(8462, 28, 3, 411),
(8463, 29, 3, 411),
(8464, 30, 3, 411),
(8465, 31, 3, 411),
(8466, 1, 3, 412),
(8467, 2, 3, 412),
(8468, 3, 3, 412),
(8469, 4, 3, 412),
(8470, 5, 3, 412),
(8471, 6, 3, 412),
(8472, 7, 3, 412),
(8473, 8, 3, 412),
(8474, 9, 3, 412),
(8475, 10, 3, 412),
(8476, 11, 3, 412),
(8477, 12, 3, 412),
(8478, 13, 3, 412),
(8479, 14, 3, 412),
(8480, 15, 3, 412),
(8481, 16, 3, 412),
(8482, 17, 3, 412),
(8483, 18, 3, 412),
(8484, 19, 3, 412),
(8485, 20, 3, 412),
(8486, 21, 3, 412),
(8487, 22, 3, 412),
(8488, 23, 3, 412),
(8489, 24, 3, 412),
(8490, 25, 3, 412),
(8491, 26, 3, 412),
(8492, 27, 3, 412),
(8493, 28, 3, 412),
(8494, 29, 3, 412),
(8495, 30, 3, 412),
(8496, 1, 3, 413),
(8497, 2, 3, 413),
(8498, 3, 3, 413),
(8499, 4, 3, 413),
(8500, 5, 3, 413),
(8501, 6, 3, 413),
(8502, 7, 3, 413),
(8503, 8, 3, 413),
(8504, 9, 3, 413),
(8505, 10, 3, 413),
(8506, 11, 3, 413),
(8507, 12, 3, 413),
(8508, 13, 3, 413),
(8509, 14, 3, 413),
(8510, 15, 3, 413),
(8511, 16, 3, 413),
(8512, 17, 3, 413),
(8513, 18, 3, 413),
(8514, 19, 3, 413),
(8515, 20, 3, 413),
(8516, 21, 3, 413),
(8517, 22, 3, 413),
(8518, 23, 3, 413),
(8519, 24, 3, 413),
(8520, 25, 3, 413),
(8521, 26, 3, 413),
(8522, 27, 3, 413),
(8523, 28, 3, 413),
(8524, 29, 3, 413),
(8525, 30, 3, 413),
(8526, 31, 3, 413),
(8527, 1, 3, 414),
(8528, 2, 3, 414),
(8529, 3, 3, 414),
(8530, 4, 3, 414),
(8531, 5, 3, 414),
(8532, 6, 3, 414),
(8533, 7, 3, 414),
(8534, 8, 3, 414),
(8535, 9, 3, 414),
(8536, 10, 3, 414),
(8537, 11, 3, 414),
(8538, 12, 3, 414),
(8539, 13, 3, 414),
(8540, 14, 3, 414),
(8541, 15, 3, 414),
(8542, 16, 3, 414),
(8543, 17, 3, 414),
(8544, 18, 3, 414),
(8545, 19, 3, 414),
(8546, 20, 3, 414),
(8547, 21, 3, 414),
(8548, 22, 3, 414),
(8549, 23, 3, 414),
(8550, 24, 3, 414),
(8551, 25, 3, 414),
(8552, 26, 3, 414),
(8553, 27, 3, 414),
(8554, 28, 3, 414),
(8555, 29, 3, 414),
(8556, 30, 3, 414),
(8557, 31, 3, 414),
(8558, 1, 3, 415),
(8559, 2, 3, 415),
(8560, 3, 3, 415),
(8561, 4, 3, 415),
(8562, 5, 3, 415),
(8563, 6, 3, 415),
(8564, 7, 3, 415),
(8565, 8, 3, 415),
(8566, 9, 3, 415),
(8567, 10, 3, 415),
(8568, 11, 3, 415),
(8569, 12, 3, 415),
(8570, 13, 3, 415),
(8571, 14, 3, 415),
(8572, 15, 3, 415),
(8573, 16, 3, 415),
(8574, 17, 3, 415),
(8575, 18, 3, 415),
(8576, 19, 3, 415),
(8577, 20, 3, 415),
(8578, 21, 3, 415),
(8579, 22, 3, 415),
(8580, 23, 3, 415),
(8581, 24, 3, 415),
(8582, 25, 3, 415),
(8583, 26, 3, 415),
(8584, 27, 3, 415),
(8585, 28, 3, 415),
(8586, 1, 3, 416),
(8587, 2, 3, 416),
(8588, 3, 3, 416),
(8589, 4, 3, 416),
(8590, 5, 3, 416),
(8591, 6, 3, 416),
(8592, 7, 3, 416),
(8593, 8, 3, 416),
(8594, 9, 3, 416),
(8595, 10, 3, 416),
(8596, 11, 3, 416),
(8597, 12, 3, 416),
(8598, 13, 3, 416),
(8599, 14, 3, 416);
INSERT INTO `VisitasDia` (`id`, `dia`, `visitas`, `visitasMes_id`) VALUES
(8600, 15, 3, 416),
(8601, 16, 3, 416),
(8602, 17, 3, 416),
(8603, 18, 3, 416),
(8604, 19, 3, 416),
(8605, 20, 3, 416),
(8606, 21, 3, 416),
(8607, 22, 3, 416),
(8608, 23, 3, 416),
(8609, 24, 3, 416),
(8610, 25, 3, 416),
(8611, 26, 3, 416),
(8612, 27, 3, 416),
(8613, 28, 3, 416),
(8614, 29, 3, 416),
(8615, 30, 3, 416),
(8616, 31, 3, 416),
(8617, 1, 3, 417),
(8618, 2, 3, 417),
(8619, 3, 3, 417),
(8620, 4, 3, 417),
(8621, 5, 3, 417),
(8622, 6, 3, 417),
(8623, 7, 3, 417),
(8624, 8, 3, 417),
(8625, 9, 3, 417),
(8626, 10, 3, 417),
(8627, 11, 3, 417),
(8628, 12, 3, 417),
(8629, 13, 3, 417),
(8630, 14, 3, 417),
(8631, 15, 3, 417),
(8632, 16, 3, 417),
(8633, 17, 3, 417),
(8634, 18, 3, 417),
(8635, 19, 3, 417),
(8636, 20, 3, 417),
(8637, 21, 3, 417),
(8638, 22, 3, 417),
(8639, 23, 3, 417),
(8640, 24, 3, 417),
(8641, 25, 3, 417),
(8642, 26, 3, 417),
(8643, 27, 3, 417),
(8644, 28, 3, 417),
(8645, 29, 3, 417),
(8646, 30, 3, 417),
(8647, 1, 3, 418),
(8648, 2, 3, 418),
(8649, 3, 3, 418),
(8650, 4, 3, 418),
(8651, 5, 3, 418),
(8652, 6, 3, 418),
(8653, 7, 3, 418),
(8654, 8, 3, 418),
(8655, 9, 3, 418),
(8656, 10, 3, 418),
(8657, 11, 3, 418),
(8658, 12, 3, 418),
(8659, 13, 3, 418),
(8660, 14, 3, 418),
(8661, 15, 3, 418),
(8662, 16, 3, 418),
(8663, 17, 3, 418),
(8664, 18, 3, 418),
(8665, 19, 3, 418),
(8666, 20, 3, 418),
(8667, 21, 3, 418),
(8668, 22, 3, 418),
(8669, 23, 3, 418),
(8670, 24, 3, 418),
(8671, 25, 3, 418),
(8672, 26, 3, 418),
(8673, 27, 3, 418),
(8674, 28, 3, 418),
(8675, 29, 3, 418),
(8676, 30, 3, 418),
(8677, 31, 3, 418),
(8678, 1, 3, 419),
(8679, 2, 3, 419),
(8680, 3, 3, 419),
(8681, 4, 3, 419),
(8682, 5, 3, 419),
(8683, 6, 3, 419),
(8684, 7, 3, 419),
(8685, 8, 3, 419),
(8686, 9, 3, 419),
(8687, 10, 3, 419),
(8688, 11, 3, 419),
(8689, 12, 3, 419),
(8690, 13, 3, 419),
(8691, 14, 3, 419),
(8692, 15, 3, 419),
(8693, 16, 3, 419),
(8694, 17, 3, 419),
(8695, 18, 3, 419),
(8696, 19, 3, 419),
(8697, 20, 3, 419),
(8698, 21, 3, 419),
(8699, 22, 3, 419),
(8700, 23, 3, 419),
(8701, 24, 3, 419),
(8702, 25, 3, 419),
(8703, 26, 3, 419),
(8704, 27, 3, 419),
(8705, 28, 3, 419),
(8706, 29, 3, 419),
(8707, 30, 3, 419),
(8708, 1, 3, 420),
(8709, 2, 3, 420),
(8710, 3, 3, 420),
(8711, 4, 3, 420),
(8712, 5, 3, 420),
(8713, 6, 3, 420),
(8714, 7, 3, 420),
(8715, 8, 3, 420),
(8716, 9, 3, 420),
(8717, 10, 3, 420),
(8718, 11, 3, 420),
(8719, 12, 3, 420),
(8720, 13, 3, 420),
(8721, 14, 3, 420),
(8722, 15, 3, 420),
(8723, 16, 3, 420),
(8724, 17, 3, 420),
(8725, 18, 3, 420),
(8726, 19, 3, 420),
(8727, 20, 3, 420),
(8728, 21, 3, 420),
(8729, 22, 3, 420),
(8730, 23, 3, 420),
(8731, 24, 3, 420),
(8732, 25, 3, 420),
(8733, 26, 3, 420),
(8734, 27, 3, 420),
(8735, 28, 3, 420),
(8736, 29, 3, 420),
(8737, 30, 3, 420),
(8738, 31, 3, 420),
(8739, 1, 3, 421),
(8740, 2, 3, 421),
(8741, 3, 3, 421),
(8742, 4, 3, 421),
(8743, 5, 3, 421),
(8744, 6, 3, 421),
(8745, 7, 3, 421),
(8746, 8, 3, 421),
(8747, 9, 3, 421),
(8748, 10, 3, 421),
(8749, 11, 3, 421),
(8750, 12, 3, 421),
(8751, 13, 3, 421),
(8752, 14, 3, 421),
(8753, 15, 3, 421),
(8754, 16, 3, 421),
(8755, 17, 3, 421),
(8756, 18, 3, 421),
(8757, 19, 3, 421),
(8758, 20, 3, 421),
(8759, 21, 3, 421),
(8760, 22, 3, 421),
(8761, 23, 3, 421),
(8762, 24, 3, 421),
(8763, 25, 3, 421),
(8764, 26, 3, 421),
(8765, 17, 2, 422),
(8766, 18, 2, 422),
(8767, 19, 2, 422),
(8768, 20, 2, 422),
(8769, 21, 2, 422),
(8770, 22, 2, 422),
(8771, 23, 2, 422),
(8772, 24, 2, 422),
(8773, 25, 2, 422),
(8774, 26, 2, 422),
(8775, 27, 2, 422),
(8776, 28, 2, 422),
(8777, 29, 2, 422),
(8778, 30, 2, 422),
(8779, 31, 2, 422),
(8780, 1, 2, 423),
(8781, 2, 2, 423),
(8782, 3, 2, 423),
(8783, 4, 2, 423),
(8784, 5, 2, 423),
(8785, 6, 2, 423),
(8786, 7, 2, 423),
(8787, 8, 2, 423),
(8788, 9, 2, 423),
(8789, 10, 2, 423),
(8790, 11, 2, 423),
(8791, 12, 2, 423),
(8792, 13, 2, 423),
(8793, 14, 2, 423),
(8794, 15, 2, 423),
(8795, 16, 2, 423),
(8796, 17, 2, 423),
(8797, 18, 2, 423),
(8798, 19, 2, 423),
(8799, 20, 2, 423),
(8800, 21, 2, 423),
(8801, 22, 2, 423),
(8802, 23, 2, 423),
(8803, 24, 2, 423),
(8804, 25, 2, 423),
(8805, 26, 2, 423),
(8806, 27, 2, 423),
(8807, 28, 2, 423),
(8808, 29, 2, 423),
(8809, 30, 2, 423),
(8810, 1, 2, 424),
(8811, 2, 2, 424),
(8812, 3, 2, 424),
(8813, 4, 2, 424),
(8814, 5, 2, 424),
(8815, 6, 2, 424),
(8816, 7, 2, 424),
(8817, 8, 2, 424),
(8818, 9, 2, 424),
(8819, 10, 2, 424),
(8820, 11, 2, 424),
(8821, 12, 2, 424),
(8822, 13, 2, 424),
(8823, 14, 2, 424),
(8824, 15, 2, 424),
(8825, 16, 2, 424),
(8826, 17, 2, 424),
(8827, 18, 2, 424),
(8828, 19, 2, 424),
(8829, 20, 2, 424),
(8830, 21, 2, 424),
(8831, 22, 2, 424),
(8832, 23, 2, 424),
(8833, 24, 2, 424),
(8834, 25, 2, 424),
(8835, 26, 2, 424),
(8836, 27, 2, 424),
(8837, 28, 2, 424),
(8838, 29, 2, 424),
(8839, 30, 2, 424),
(8840, 31, 2, 424),
(8841, 1, 2, 425),
(8842, 2, 2, 425),
(8843, 3, 2, 425),
(8844, 4, 2, 425),
(8845, 5, 2, 425),
(8846, 6, 2, 425),
(8847, 7, 2, 425),
(8848, 8, 2, 425),
(8849, 9, 2, 425),
(8850, 10, 2, 425),
(8851, 11, 2, 425),
(8852, 12, 2, 425),
(8853, 13, 2, 425),
(8854, 14, 2, 425),
(8855, 15, 2, 425),
(8856, 16, 2, 425),
(8857, 17, 2, 425),
(8858, 18, 2, 425),
(8859, 19, 2, 425),
(8860, 20, 2, 425),
(8861, 21, 2, 425),
(8862, 22, 2, 425),
(8863, 23, 2, 425),
(8864, 24, 2, 425),
(8865, 25, 2, 425),
(8866, 26, 2, 425),
(8867, 27, 2, 425),
(8868, 28, 2, 425),
(8869, 29, 2, 425),
(8870, 30, 2, 425),
(8871, 1, 2, 426),
(8872, 2, 2, 426),
(8873, 3, 2, 426),
(8874, 4, 2, 426),
(8875, 5, 2, 426),
(8876, 6, 2, 426),
(8877, 7, 2, 426),
(8878, 8, 2, 426),
(8879, 9, 2, 426),
(8880, 10, 2, 426),
(8881, 11, 2, 426),
(8882, 12, 2, 426),
(8883, 13, 2, 426),
(8884, 14, 2, 426),
(8885, 15, 2, 426),
(8886, 16, 2, 426),
(8887, 17, 2, 426),
(8888, 18, 2, 426),
(8889, 19, 2, 426),
(8890, 20, 2, 426),
(8891, 21, 2, 426),
(8892, 22, 2, 426),
(8893, 23, 2, 426),
(8894, 24, 2, 426),
(8895, 25, 2, 426),
(8896, 26, 2, 426),
(8897, 27, 2, 426),
(8898, 28, 2, 426),
(8899, 29, 2, 426),
(8900, 30, 2, 426),
(8901, 31, 2, 426),
(8902, 1, 2, 427),
(8903, 2, 2, 427),
(8904, 3, 2, 427),
(8905, 4, 2, 427),
(8906, 5, 2, 427),
(8907, 6, 2, 427),
(8908, 7, 2, 427),
(8909, 8, 2, 427),
(8910, 9, 2, 427),
(8911, 10, 2, 427),
(8912, 11, 2, 427),
(8913, 12, 2, 427),
(8914, 13, 2, 427),
(8915, 14, 2, 427),
(8916, 15, 2, 427),
(8917, 16, 2, 427),
(8918, 17, 2, 427),
(8919, 18, 2, 427),
(8920, 19, 2, 427),
(8921, 20, 2, 427),
(8922, 21, 2, 427),
(8923, 22, 2, 427),
(8924, 23, 2, 427),
(8925, 24, 2, 427),
(8926, 25, 2, 427),
(8927, 26, 2, 427),
(8928, 27, 2, 427),
(8929, 28, 2, 427),
(8930, 29, 2, 427),
(8931, 30, 2, 427),
(8932, 31, 2, 427),
(8933, 1, 2, 428),
(8934, 2, 2, 428),
(8935, 3, 2, 428),
(8936, 4, 2, 428),
(8937, 5, 2, 428),
(8938, 6, 2, 428),
(8939, 7, 2, 428),
(8940, 8, 2, 428),
(8941, 9, 2, 428),
(8942, 10, 2, 428),
(8943, 11, 2, 428),
(8944, 12, 2, 428),
(8945, 13, 2, 428),
(8946, 14, 2, 428),
(8947, 15, 2, 428),
(8948, 16, 2, 428),
(8949, 17, 2, 428),
(8950, 18, 2, 428),
(8951, 19, 2, 428),
(8952, 20, 2, 428),
(8953, 21, 2, 428),
(8954, 22, 2, 428),
(8955, 23, 2, 428),
(8956, 24, 2, 428),
(8957, 25, 2, 428),
(8958, 26, 2, 428),
(8959, 27, 2, 428),
(8960, 28, 2, 428),
(8961, 1, 2, 429),
(8962, 2, 2, 429),
(8963, 3, 2, 429),
(8964, 4, 2, 429),
(8965, 5, 2, 429),
(8966, 6, 2, 429),
(8967, 7, 2, 429),
(8968, 8, 2, 429),
(8969, 9, 2, 429),
(8970, 10, 2, 429),
(8971, 11, 2, 429),
(8972, 12, 2, 429),
(8973, 13, 2, 429),
(8974, 14, 2, 429),
(8975, 15, 2, 429),
(8976, 16, 2, 429),
(8977, 17, 2, 429),
(8978, 18, 2, 429),
(8979, 19, 2, 429),
(8980, 20, 2, 429),
(8981, 21, 2, 429),
(8982, 22, 2, 429),
(8983, 23, 2, 429),
(8984, 24, 2, 429),
(8985, 25, 2, 429),
(8986, 26, 2, 429),
(8987, 27, 2, 429),
(8988, 28, 2, 429),
(8989, 29, 2, 429),
(8990, 30, 2, 429),
(8991, 31, 2, 429),
(8992, 1, 2, 430),
(8993, 2, 2, 430),
(8994, 3, 2, 430),
(8995, 4, 2, 430),
(8996, 5, 2, 430),
(8997, 6, 2, 430),
(8998, 7, 2, 430),
(8999, 8, 2, 430),
(9000, 9, 2, 430),
(9001, 10, 2, 430),
(9002, 11, 2, 430),
(9003, 12, 2, 430),
(9004, 13, 2, 430),
(9005, 14, 2, 430),
(9006, 15, 2, 430),
(9007, 16, 2, 430),
(9008, 17, 2, 430),
(9009, 18, 2, 430),
(9010, 19, 2, 430),
(9011, 20, 2, 430),
(9012, 21, 2, 430),
(9013, 22, 2, 430),
(9014, 23, 2, 430),
(9015, 24, 2, 430),
(9016, 25, 2, 430),
(9017, 26, 2, 430),
(9018, 27, 2, 430),
(9019, 28, 2, 430),
(9020, 29, 2, 430),
(9021, 30, 2, 430),
(9022, 1, 2, 431),
(9023, 2, 2, 431),
(9024, 3, 2, 431),
(9025, 4, 2, 431),
(9026, 5, 2, 431),
(9027, 6, 2, 431),
(9028, 7, 2, 431),
(9029, 8, 2, 431),
(9030, 9, 2, 431),
(9031, 10, 2, 431),
(9032, 11, 2, 431),
(9033, 12, 2, 431),
(9034, 13, 2, 431),
(9035, 14, 2, 431),
(9036, 15, 2, 431),
(9037, 16, 2, 431),
(9038, 17, 2, 431),
(9039, 18, 2, 431),
(9040, 19, 2, 431),
(9041, 20, 2, 431),
(9042, 21, 2, 431),
(9043, 22, 2, 431),
(9044, 23, 2, 431),
(9045, 24, 2, 431),
(9046, 25, 2, 431),
(9047, 26, 2, 431),
(9048, 27, 2, 431),
(9049, 28, 2, 431),
(9050, 29, 2, 431),
(9051, 30, 2, 431),
(9052, 31, 2, 431),
(9053, 1, 2, 432),
(9054, 2, 2, 432),
(9055, 3, 2, 432),
(9056, 4, 2, 432),
(9057, 5, 2, 432),
(9058, 6, 2, 432),
(9059, 7, 2, 432),
(9060, 8, 2, 432),
(9061, 9, 2, 432),
(9062, 10, 2, 432),
(9063, 11, 2, 432),
(9064, 12, 2, 432),
(9065, 13, 2, 432),
(9066, 14, 2, 432),
(9067, 15, 2, 432),
(9068, 16, 2, 432),
(9069, 17, 2, 432),
(9070, 18, 2, 432),
(9071, 19, 2, 432),
(9072, 20, 2, 432),
(9073, 21, 2, 432),
(9074, 22, 2, 432),
(9075, 23, 2, 432),
(9076, 24, 2, 432),
(9077, 25, 2, 432),
(9078, 26, 2, 432),
(9079, 27, 2, 432),
(9080, 28, 2, 432),
(9081, 29, 2, 432),
(9082, 30, 2, 432),
(9083, 1, 2, 433),
(9084, 2, 2, 433),
(9085, 3, 2, 433),
(9086, 4, 2, 433),
(9087, 5, 2, 433),
(9088, 6, 2, 433),
(9089, 7, 2, 433),
(9090, 8, 2, 433),
(9091, 9, 2, 433),
(9092, 10, 2, 433),
(9093, 11, 2, 433),
(9094, 12, 2, 433),
(9095, 13, 2, 433),
(9096, 14, 2, 433),
(9097, 15, 2, 433),
(9098, 16, 2, 433),
(9099, 17, 2, 433),
(9100, 18, 2, 433),
(9101, 19, 2, 433),
(9102, 20, 2, 433),
(9103, 21, 2, 433),
(9104, 22, 2, 433),
(9105, 23, 2, 433),
(9106, 24, 2, 433),
(9107, 25, 2, 433),
(9108, 26, 2, 433),
(9109, 27, 2, 433),
(9110, 28, 2, 433),
(9111, 29, 2, 433),
(9112, 30, 2, 433),
(9113, 31, 2, 433),
(9114, 1, 2, 434),
(9115, 2, 2, 434),
(9116, 3, 2, 434),
(9117, 4, 2, 434),
(9118, 5, 2, 434),
(9119, 6, 2, 434),
(9120, 7, 2, 434),
(9121, 8, 2, 434),
(9122, 9, 2, 434),
(9123, 10, 2, 434),
(9124, 11, 2, 434),
(9125, 12, 2, 434),
(9126, 13, 2, 434),
(9127, 14, 2, 434),
(9128, 15, 2, 434),
(9129, 16, 2, 434),
(9130, 17, 2, 434),
(9131, 18, 2, 434),
(9132, 19, 2, 434),
(9133, 20, 2, 434),
(9134, 21, 2, 434),
(9135, 22, 2, 434),
(9136, 23, 2, 434),
(9137, 24, 2, 434),
(9138, 25, 2, 434),
(9139, 26, 2, 434),
(9140, 27, 2, 434),
(9141, 28, 2, 434),
(9142, 29, 2, 434),
(9143, 30, 2, 434),
(9144, 31, 2, 434),
(9145, 1, 2, 435),
(9146, 2, 2, 435),
(9147, 3, 2, 435),
(9148, 4, 2, 435),
(9149, 5, 2, 435),
(9150, 6, 2, 435),
(9151, 7, 2, 435),
(9152, 8, 2, 435),
(9153, 9, 2, 435),
(9154, 10, 2, 435),
(9155, 11, 2, 435),
(9156, 12, 2, 435),
(9157, 13, 2, 435),
(9158, 14, 2, 435),
(9159, 15, 2, 435),
(9160, 16, 2, 435),
(9161, 17, 2, 435),
(9162, 18, 2, 435),
(9163, 19, 2, 435),
(9164, 20, 2, 435),
(9165, 21, 2, 435),
(9166, 22, 2, 435),
(9167, 23, 2, 435),
(9168, 24, 2, 435),
(9169, 25, 2, 435),
(9170, 26, 2, 435),
(9171, 27, 2, 435),
(9172, 28, 2, 435),
(9173, 29, 2, 435),
(9174, 30, 2, 435),
(9175, 1, 2, 436),
(9176, 2, 2, 436),
(9177, 3, 2, 436),
(9178, 4, 2, 436),
(9179, 5, 2, 436),
(9180, 6, 2, 436),
(9181, 7, 2, 436),
(9182, 8, 2, 436),
(9183, 9, 2, 436),
(9184, 10, 2, 436),
(9185, 11, 2, 436),
(9186, 12, 2, 436),
(9187, 13, 2, 436),
(9188, 14, 2, 436),
(9189, 15, 2, 436),
(9190, 16, 2, 436),
(9191, 17, 2, 436),
(9192, 18, 2, 436),
(9193, 19, 2, 436),
(9194, 20, 2, 436),
(9195, 21, 2, 436),
(9196, 22, 2, 436),
(9197, 23, 2, 436),
(9198, 24, 2, 436),
(9199, 25, 2, 436),
(9200, 26, 2, 436),
(9201, 27, 2, 436),
(9202, 28, 2, 436),
(9203, 29, 2, 436),
(9204, 30, 2, 436),
(9205, 31, 2, 436),
(9206, 1, 2, 437),
(9207, 2, 2, 437),
(9208, 3, 2, 437),
(9209, 4, 2, 437),
(9210, 5, 2, 437),
(9211, 6, 2, 437),
(9212, 7, 2, 437),
(9213, 8, 2, 437),
(9214, 9, 2, 437),
(9215, 10, 2, 437),
(9216, 11, 2, 437),
(9217, 12, 2, 437),
(9218, 13, 2, 437),
(9219, 14, 2, 437),
(9220, 15, 2, 437),
(9221, 16, 2, 437),
(9222, 17, 2, 437),
(9223, 18, 2, 437),
(9224, 19, 2, 437),
(9225, 20, 2, 437),
(9226, 21, 2, 437),
(9227, 22, 2, 437),
(9228, 23, 2, 437),
(9229, 24, 2, 437),
(9230, 25, 2, 437),
(9231, 26, 2, 437),
(9232, 27, 2, 437),
(9233, 28, 2, 437),
(9234, 29, 2, 437),
(9235, 30, 2, 437),
(9236, 1, 2, 438),
(9237, 2, 2, 438),
(9238, 3, 2, 438),
(9239, 4, 2, 438),
(9240, 5, 2, 438),
(9241, 6, 2, 438),
(9242, 7, 2, 438),
(9243, 8, 2, 438),
(9244, 9, 2, 438),
(9245, 10, 2, 438),
(9246, 11, 2, 438),
(9247, 12, 2, 438),
(9248, 13, 2, 438),
(9249, 14, 2, 438),
(9250, 15, 2, 438),
(9251, 16, 2, 438),
(9252, 17, 2, 438),
(9253, 18, 2, 438),
(9254, 19, 2, 438),
(9255, 20, 2, 438),
(9256, 21, 2, 438),
(9257, 22, 2, 438),
(9258, 23, 2, 438),
(9259, 24, 2, 438),
(9260, 25, 2, 438),
(9261, 26, 2, 438),
(9262, 27, 2, 438),
(9263, 28, 2, 438),
(9264, 29, 2, 438),
(9265, 30, 2, 438),
(9266, 31, 2, 438),
(9267, 1, 2, 439),
(9268, 2, 2, 439),
(9269, 3, 2, 439),
(9270, 4, 2, 439),
(9271, 5, 2, 439),
(9272, 6, 2, 439),
(9273, 7, 2, 439),
(9274, 8, 2, 439),
(9275, 9, 2, 439),
(9276, 10, 2, 439),
(9277, 11, 2, 439),
(9278, 12, 2, 439),
(9279, 13, 2, 439),
(9280, 14, 2, 439),
(9281, 15, 2, 439),
(9282, 16, 2, 439),
(9283, 17, 2, 439),
(9284, 18, 2, 439),
(9285, 19, 2, 439),
(9286, 20, 2, 439),
(9287, 21, 2, 439),
(9288, 22, 2, 439),
(9289, 23, 2, 439),
(9290, 24, 2, 439),
(9291, 25, 2, 439),
(9292, 26, 2, 439),
(9293, 27, 2, 439),
(9294, 28, 2, 439),
(9295, 29, 2, 439),
(9296, 30, 2, 439),
(9297, 31, 2, 439),
(9298, 1, 2, 440),
(9299, 2, 2, 440),
(9300, 3, 2, 440),
(9301, 4, 2, 440),
(9302, 5, 2, 440),
(9303, 6, 2, 440),
(9304, 7, 2, 440),
(9305, 8, 2, 440),
(9306, 9, 2, 440),
(9307, 10, 2, 440),
(9308, 11, 2, 440),
(9309, 12, 2, 440),
(9310, 13, 2, 440),
(9311, 14, 2, 440),
(9312, 15, 2, 440),
(9313, 16, 2, 440),
(9314, 17, 2, 440),
(9315, 18, 2, 440),
(9316, 19, 2, 440),
(9317, 20, 2, 440),
(9318, 21, 2, 440),
(9319, 22, 2, 440),
(9320, 23, 2, 440),
(9321, 24, 2, 440),
(9322, 25, 2, 440),
(9323, 26, 2, 440),
(9324, 27, 2, 440),
(9325, 28, 2, 440),
(9326, 1, 2, 441),
(9327, 2, 2, 441),
(9328, 3, 2, 441),
(9329, 4, 2, 441),
(9330, 5, 2, 441),
(9331, 6, 2, 441),
(9332, 7, 2, 441),
(9333, 8, 2, 441),
(9334, 9, 2, 441),
(9335, 10, 2, 441),
(9336, 11, 2, 441),
(9337, 12, 2, 441),
(9338, 13, 2, 441),
(9339, 14, 2, 441),
(9340, 15, 2, 441),
(9341, 16, 2, 441),
(9342, 17, 2, 441),
(9343, 18, 2, 441),
(9344, 19, 2, 441),
(9345, 20, 2, 441),
(9346, 21, 2, 441),
(9347, 22, 2, 441),
(9348, 23, 2, 441),
(9349, 24, 2, 441),
(9350, 25, 2, 441),
(9351, 26, 2, 441),
(9352, 27, 2, 441),
(9353, 28, 2, 441),
(9354, 29, 2, 441),
(9355, 30, 2, 441),
(9356, 31, 2, 441),
(9357, 1, 2, 442),
(9358, 2, 2, 442),
(9359, 3, 2, 442),
(9360, 4, 2, 442),
(9361, 5, 2, 442),
(9362, 6, 2, 442),
(9363, 7, 2, 442),
(9364, 8, 2, 442),
(9365, 9, 2, 442),
(9366, 10, 2, 442),
(9367, 11, 2, 442),
(9368, 12, 2, 442),
(9369, 13, 2, 442),
(9370, 14, 2, 442),
(9371, 15, 2, 442),
(9372, 16, 2, 442),
(9373, 17, 2, 442),
(9374, 18, 2, 442),
(9375, 19, 2, 442),
(9376, 20, 2, 442),
(9377, 21, 2, 442),
(9378, 22, 2, 442),
(9379, 23, 2, 442),
(9380, 24, 2, 442),
(9381, 25, 2, 442),
(9382, 26, 2, 442),
(9383, 27, 2, 442),
(9384, 28, 2, 442),
(9385, 29, 2, 442),
(9386, 30, 2, 442),
(9387, 1, 2, 443),
(9388, 2, 2, 443),
(9389, 3, 2, 443),
(9390, 4, 2, 443),
(9391, 5, 2, 443),
(9392, 6, 2, 443),
(9393, 7, 2, 443),
(9394, 8, 2, 443),
(9395, 9, 2, 443),
(9396, 10, 2, 443),
(9397, 11, 2, 443),
(9398, 12, 2, 443),
(9399, 13, 2, 443),
(9400, 14, 2, 443),
(9401, 15, 2, 443),
(9402, 16, 2, 443),
(9403, 17, 2, 443),
(9404, 18, 2, 443),
(9405, 19, 2, 443),
(9406, 20, 2, 443),
(9407, 21, 2, 443),
(9408, 22, 2, 443),
(9409, 23, 2, 443),
(9410, 24, 2, 443),
(9411, 25, 2, 443),
(9412, 26, 2, 443),
(9413, 27, 2, 443),
(9414, 28, 2, 443),
(9415, 29, 2, 443),
(9416, 30, 2, 443),
(9417, 31, 2, 443),
(9418, 1, 2, 444),
(9419, 2, 2, 444),
(9420, 3, 2, 444),
(9421, 4, 2, 444),
(9422, 5, 2, 444),
(9423, 6, 2, 444),
(9424, 7, 2, 444),
(9425, 8, 2, 444),
(9426, 9, 2, 444),
(9427, 10, 2, 444),
(9428, 11, 2, 444),
(9429, 12, 2, 444),
(9430, 13, 2, 444),
(9431, 14, 2, 444),
(9432, 15, 2, 444),
(9433, 16, 2, 444),
(9434, 17, 2, 444),
(9435, 18, 2, 444),
(9436, 19, 2, 444),
(9437, 20, 2, 444),
(9438, 21, 2, 444),
(9439, 22, 2, 444),
(9440, 23, 2, 444),
(9441, 24, 2, 444),
(9442, 25, 2, 444),
(9443, 26, 2, 444),
(9444, 27, 2, 444),
(9445, 28, 2, 444),
(9446, 29, 2, 444),
(9447, 30, 2, 444),
(9448, 1, 2, 445),
(9449, 2, 2, 445),
(9450, 3, 2, 445),
(9451, 4, 2, 445),
(9452, 5, 2, 445),
(9453, 6, 2, 445),
(9454, 7, 2, 445),
(9455, 8, 2, 445),
(9456, 9, 2, 445),
(9457, 10, 2, 445),
(9458, 11, 2, 445),
(9459, 12, 2, 445),
(9460, 13, 2, 445),
(9461, 14, 2, 445),
(9462, 15, 2, 445),
(9463, 16, 2, 445),
(9464, 17, 2, 445),
(9465, 18, 2, 445),
(9466, 19, 2, 445),
(9467, 20, 2, 445),
(9468, 21, 2, 445),
(9469, 22, 2, 445),
(9470, 23, 2, 445),
(9471, 24, 2, 445),
(9472, 25, 2, 445),
(9473, 26, 2, 445),
(9474, 27, 2, 445),
(9475, 28, 2, 445),
(9476, 29, 2, 445),
(9477, 30, 2, 445),
(9478, 31, 2, 445),
(9479, 1, 2, 446),
(9480, 2, 2, 446),
(9481, 3, 2, 446),
(9482, 4, 2, 446),
(9483, 5, 2, 446),
(9484, 6, 2, 446),
(9485, 7, 2, 446),
(9486, 8, 2, 446),
(9487, 9, 2, 446),
(9488, 10, 2, 446),
(9489, 11, 2, 446),
(9490, 12, 2, 446),
(9491, 13, 2, 446),
(9492, 14, 2, 446),
(9493, 15, 2, 446),
(9494, 16, 2, 446),
(9495, 17, 2, 446),
(9496, 18, 2, 446),
(9497, 19, 2, 446),
(9498, 20, 2, 446),
(9499, 21, 2, 446),
(9500, 22, 2, 446),
(9501, 23, 2, 446),
(9502, 24, 2, 446),
(9503, 25, 2, 446),
(9504, 26, 2, 446),
(9505, 17, 1, 447),
(9506, 18, 1, 447),
(9507, 19, 1, 447),
(9508, 20, 1, 447),
(9509, 21, 1, 447),
(9510, 22, 1, 447),
(9511, 23, 1, 447),
(9512, 24, 1, 447),
(9513, 25, 1, 447),
(9514, 26, 1, 447),
(9515, 27, 1, 447),
(9516, 28, 1, 447),
(9517, 29, 1, 447),
(9518, 30, 1, 447),
(9519, 31, 1, 447),
(9520, 1, 1, 448),
(9521, 2, 1, 448),
(9522, 3, 1, 448),
(9523, 4, 1, 448),
(9524, 5, 1, 448),
(9525, 6, 1, 448),
(9526, 7, 1, 448),
(9527, 8, 1, 448),
(9528, 9, 1, 448),
(9529, 10, 1, 448),
(9530, 11, 1, 448),
(9531, 12, 1, 448),
(9532, 13, 1, 448),
(9533, 14, 1, 448),
(9534, 15, 1, 448),
(9535, 16, 1, 448),
(9536, 17, 1, 448),
(9537, 18, 1, 448),
(9538, 19, 1, 448),
(9539, 20, 1, 448),
(9540, 21, 1, 448),
(9541, 22, 1, 448),
(9542, 23, 1, 448),
(9543, 24, 1, 448),
(9544, 25, 1, 448),
(9545, 26, 1, 448),
(9546, 27, 1, 448),
(9547, 28, 1, 448),
(9548, 29, 1, 448),
(9549, 30, 1, 448),
(9550, 1, 1, 449),
(9551, 2, 1, 449),
(9552, 3, 1, 449),
(9553, 4, 1, 449),
(9554, 5, 1, 449),
(9555, 6, 1, 449),
(9556, 7, 1, 449),
(9557, 8, 1, 449),
(9558, 9, 1, 449),
(9559, 10, 1, 449),
(9560, 11, 1, 449),
(9561, 12, 1, 449),
(9562, 13, 1, 449),
(9563, 14, 1, 449),
(9564, 15, 1, 449),
(9565, 16, 1, 449),
(9566, 17, 1, 449),
(9567, 18, 1, 449),
(9568, 19, 1, 449),
(9569, 20, 1, 449),
(9570, 21, 1, 449),
(9571, 22, 1, 449),
(9572, 23, 1, 449),
(9573, 24, 1, 449),
(9574, 25, 1, 449),
(9575, 26, 1, 449),
(9576, 27, 1, 449),
(9577, 28, 1, 449),
(9578, 29, 1, 449),
(9579, 30, 1, 449),
(9580, 31, 1, 449),
(9581, 1, 1, 450),
(9582, 2, 1, 450),
(9583, 3, 1, 450),
(9584, 4, 1, 450),
(9585, 5, 1, 450),
(9586, 6, 1, 450),
(9587, 7, 1, 450),
(9588, 8, 1, 450),
(9589, 9, 1, 450),
(9590, 10, 1, 450),
(9591, 11, 1, 450),
(9592, 12, 1, 450),
(9593, 13, 1, 450),
(9594, 14, 1, 450),
(9595, 15, 1, 450),
(9596, 16, 1, 450),
(9597, 17, 1, 450),
(9598, 18, 1, 450),
(9599, 19, 1, 450),
(9600, 20, 1, 450),
(9601, 21, 1, 450),
(9602, 22, 1, 450),
(9603, 23, 1, 450),
(9604, 24, 1, 450),
(9605, 25, 1, 450),
(9606, 26, 1, 450),
(9607, 27, 1, 450),
(9608, 28, 1, 450),
(9609, 29, 1, 450),
(9610, 30, 1, 450),
(9611, 1, 1, 451),
(9612, 2, 1, 451),
(9613, 3, 1, 451),
(9614, 4, 1, 451),
(9615, 5, 1, 451),
(9616, 6, 1, 451),
(9617, 7, 1, 451),
(9618, 8, 1, 451),
(9619, 9, 1, 451),
(9620, 10, 1, 451),
(9621, 11, 1, 451),
(9622, 12, 1, 451),
(9623, 13, 1, 451),
(9624, 14, 1, 451),
(9625, 15, 1, 451),
(9626, 16, 1, 451),
(9627, 17, 1, 451),
(9628, 18, 1, 451),
(9629, 19, 1, 451),
(9630, 20, 1, 451),
(9631, 21, 1, 451),
(9632, 22, 1, 451),
(9633, 23, 1, 451),
(9634, 24, 1, 451),
(9635, 25, 1, 451),
(9636, 26, 1, 451),
(9637, 27, 1, 451),
(9638, 28, 1, 451),
(9639, 29, 1, 451),
(9640, 30, 1, 451),
(9641, 31, 1, 451),
(9642, 1, 1, 452),
(9643, 2, 1, 452),
(9644, 3, 1, 452),
(9645, 4, 1, 452),
(9646, 5, 1, 452),
(9647, 6, 1, 452),
(9648, 7, 1, 452),
(9649, 8, 1, 452),
(9650, 9, 1, 452),
(9651, 10, 1, 452),
(9652, 11, 1, 452),
(9653, 12, 1, 452),
(9654, 13, 1, 452),
(9655, 14, 1, 452),
(9656, 15, 1, 452),
(9657, 16, 1, 452),
(9658, 17, 1, 452),
(9659, 18, 1, 452),
(9660, 19, 1, 452),
(9661, 20, 1, 452),
(9662, 21, 1, 452),
(9663, 22, 1, 452),
(9664, 23, 1, 452),
(9665, 24, 1, 452),
(9666, 25, 1, 452),
(9667, 26, 1, 452),
(9668, 27, 1, 452),
(9669, 28, 1, 452),
(9670, 29, 1, 452),
(9671, 30, 1, 452),
(9672, 31, 1, 452),
(9673, 1, 1, 453),
(9674, 2, 1, 453),
(9675, 3, 1, 453),
(9676, 4, 1, 453),
(9677, 5, 1, 453),
(9678, 6, 1, 453),
(9679, 7, 1, 453),
(9680, 8, 1, 453),
(9681, 9, 1, 453),
(9682, 10, 1, 453),
(9683, 11, 1, 453),
(9684, 12, 1, 453),
(9685, 13, 1, 453),
(9686, 14, 1, 453),
(9687, 15, 1, 453),
(9688, 16, 1, 453),
(9689, 17, 1, 453),
(9690, 18, 1, 453),
(9691, 19, 1, 453),
(9692, 20, 1, 453),
(9693, 21, 1, 453),
(9694, 22, 1, 453),
(9695, 23, 1, 453),
(9696, 24, 1, 453),
(9697, 25, 1, 453),
(9698, 26, 1, 453),
(9699, 27, 1, 453),
(9700, 28, 1, 453),
(9701, 1, 1, 454),
(9702, 2, 1, 454),
(9703, 3, 1, 454),
(9704, 4, 1, 454),
(9705, 5, 1, 454),
(9706, 6, 1, 454),
(9707, 7, 1, 454),
(9708, 8, 1, 454),
(9709, 9, 1, 454),
(9710, 10, 1, 454),
(9711, 11, 1, 454),
(9712, 12, 1, 454),
(9713, 13, 1, 454),
(9714, 14, 1, 454),
(9715, 15, 1, 454),
(9716, 16, 1, 454),
(9717, 17, 1, 454),
(9718, 18, 1, 454),
(9719, 19, 1, 454),
(9720, 20, 1, 454),
(9721, 21, 1, 454),
(9722, 22, 1, 454),
(9723, 23, 1, 454),
(9724, 24, 1, 454),
(9725, 25, 1, 454),
(9726, 26, 1, 454),
(9727, 27, 1, 454),
(9728, 28, 1, 454),
(9729, 29, 1, 454),
(9730, 30, 1, 454),
(9731, 31, 1, 454),
(9732, 1, 1, 455),
(9733, 2, 1, 455),
(9734, 3, 1, 455),
(9735, 4, 1, 455),
(9736, 5, 1, 455),
(9737, 6, 1, 455),
(9738, 7, 1, 455),
(9739, 8, 1, 455),
(9740, 9, 1, 455),
(9741, 10, 1, 455),
(9742, 11, 1, 455),
(9743, 12, 1, 455),
(9744, 13, 1, 455),
(9745, 14, 1, 455),
(9746, 15, 1, 455),
(9747, 16, 1, 455),
(9748, 17, 1, 455),
(9749, 18, 1, 455),
(9750, 19, 1, 455),
(9751, 20, 1, 455),
(9752, 21, 1, 455),
(9753, 22, 1, 455),
(9754, 23, 1, 455),
(9755, 24, 1, 455),
(9756, 25, 1, 455),
(9757, 26, 1, 455),
(9758, 27, 1, 455),
(9759, 28, 1, 455),
(9760, 29, 1, 455),
(9761, 30, 1, 455),
(9762, 1, 1, 456),
(9763, 2, 1, 456),
(9764, 3, 1, 456),
(9765, 4, 1, 456),
(9766, 5, 1, 456),
(9767, 6, 1, 456),
(9768, 7, 1, 456),
(9769, 8, 1, 456),
(9770, 9, 1, 456),
(9771, 10, 1, 456),
(9772, 11, 1, 456),
(9773, 12, 1, 456),
(9774, 13, 1, 456),
(9775, 14, 1, 456),
(9776, 15, 1, 456),
(9777, 16, 1, 456),
(9778, 17, 1, 456),
(9779, 18, 1, 456),
(9780, 19, 1, 456),
(9781, 20, 1, 456),
(9782, 21, 1, 456),
(9783, 22, 1, 456),
(9784, 23, 1, 456),
(9785, 24, 1, 456),
(9786, 25, 1, 456),
(9787, 26, 1, 456),
(9788, 27, 1, 456),
(9789, 28, 1, 456),
(9790, 29, 1, 456),
(9791, 30, 1, 456),
(9792, 31, 1, 456),
(9793, 1, 1, 457),
(9794, 2, 1, 457),
(9795, 3, 1, 457),
(9796, 4, 1, 457),
(9797, 5, 1, 457),
(9798, 6, 1, 457),
(9799, 7, 1, 457),
(9800, 8, 1, 457),
(9801, 9, 1, 457),
(9802, 10, 1, 457),
(9803, 11, 1, 457),
(9804, 12, 1, 457),
(9805, 13, 1, 457),
(9806, 14, 1, 457),
(9807, 15, 1, 457),
(9808, 16, 1, 457),
(9809, 17, 1, 457),
(9810, 18, 1, 457),
(9811, 19, 1, 457),
(9812, 20, 1, 457),
(9813, 21, 1, 457),
(9814, 22, 1, 457),
(9815, 23, 1, 457),
(9816, 24, 1, 457),
(9817, 25, 1, 457),
(9818, 26, 1, 457),
(9819, 27, 1, 457),
(9820, 28, 1, 457),
(9821, 29, 1, 457),
(9822, 30, 1, 457),
(9823, 1, 1, 458),
(9824, 2, 1, 458),
(9825, 3, 1, 458),
(9826, 4, 1, 458),
(9827, 5, 1, 458),
(9828, 6, 1, 458),
(9829, 7, 1, 458),
(9830, 8, 1, 458),
(9831, 9, 1, 458),
(9832, 10, 1, 458),
(9833, 11, 1, 458),
(9834, 12, 1, 458),
(9835, 13, 1, 458),
(9836, 14, 1, 458),
(9837, 15, 1, 458),
(9838, 16, 1, 458),
(9839, 17, 1, 458),
(9840, 18, 1, 458),
(9841, 19, 1, 458),
(9842, 20, 1, 458),
(9843, 21, 1, 458),
(9844, 22, 1, 458),
(9845, 23, 1, 458),
(9846, 24, 1, 458),
(9847, 25, 1, 458),
(9848, 26, 1, 458),
(9849, 27, 1, 458),
(9850, 28, 1, 458),
(9851, 29, 1, 458),
(9852, 30, 1, 458),
(9853, 31, 1, 458),
(9854, 1, 1, 459),
(9855, 2, 1, 459),
(9856, 3, 1, 459),
(9857, 4, 1, 459),
(9858, 5, 1, 459),
(9859, 6, 1, 459),
(9860, 7, 1, 459),
(9861, 8, 1, 459),
(9862, 9, 1, 459),
(9863, 10, 1, 459),
(9864, 11, 1, 459),
(9865, 12, 1, 459),
(9866, 13, 1, 459),
(9867, 14, 1, 459),
(9868, 15, 1, 459),
(9869, 16, 1, 459),
(9870, 17, 1, 459),
(9871, 18, 1, 459),
(9872, 19, 1, 459),
(9873, 20, 1, 459),
(9874, 21, 1, 459),
(9875, 22, 1, 459),
(9876, 23, 1, 459),
(9877, 24, 1, 459),
(9878, 25, 1, 459),
(9879, 26, 1, 459),
(9880, 27, 1, 459),
(9881, 28, 1, 459),
(9882, 29, 1, 459),
(9883, 30, 1, 459),
(9884, 31, 1, 459),
(9885, 1, 1, 460),
(9886, 2, 1, 460),
(9887, 3, 1, 460),
(9888, 4, 1, 460),
(9889, 5, 1, 460),
(9890, 6, 1, 460),
(9891, 7, 1, 460),
(9892, 8, 1, 460),
(9893, 9, 1, 460),
(9894, 10, 1, 460),
(9895, 11, 1, 460),
(9896, 12, 1, 460),
(9897, 13, 1, 460),
(9898, 14, 1, 460),
(9899, 15, 1, 460),
(9900, 16, 1, 460),
(9901, 17, 1, 460),
(9902, 18, 1, 460),
(9903, 19, 1, 460),
(9904, 20, 1, 460),
(9905, 21, 1, 460),
(9906, 22, 1, 460),
(9907, 23, 1, 460),
(9908, 24, 1, 460),
(9909, 25, 1, 460),
(9910, 26, 1, 460),
(9911, 27, 1, 460),
(9912, 28, 1, 460),
(9913, 29, 1, 460),
(9914, 30, 1, 460),
(9915, 1, 1, 461),
(9916, 2, 1, 461),
(9917, 3, 1, 461),
(9918, 4, 1, 461),
(9919, 5, 1, 461),
(9920, 6, 1, 461),
(9921, 7, 1, 461),
(9922, 8, 1, 461),
(9923, 9, 1, 461),
(9924, 10, 1, 461),
(9925, 11, 1, 461),
(9926, 12, 1, 461),
(9927, 13, 1, 461),
(9928, 14, 1, 461),
(9929, 15, 1, 461),
(9930, 16, 1, 461),
(9931, 17, 1, 461),
(9932, 18, 1, 461),
(9933, 19, 1, 461),
(9934, 20, 1, 461),
(9935, 21, 1, 461),
(9936, 22, 1, 461),
(9937, 23, 1, 461),
(9938, 24, 1, 461),
(9939, 25, 1, 461),
(9940, 26, 1, 461),
(9941, 27, 1, 461),
(9942, 28, 1, 461),
(9943, 29, 1, 461),
(9944, 30, 1, 461),
(9945, 31, 1, 461),
(9946, 1, 1, 462),
(9947, 2, 1, 462),
(9948, 3, 1, 462),
(9949, 4, 1, 462),
(9950, 5, 1, 462),
(9951, 6, 1, 462),
(9952, 7, 1, 462),
(9953, 8, 1, 462),
(9954, 9, 1, 462),
(9955, 10, 1, 462),
(9956, 11, 1, 462),
(9957, 12, 1, 462),
(9958, 13, 1, 462),
(9959, 14, 1, 462),
(9960, 15, 1, 462),
(9961, 16, 1, 462),
(9962, 17, 1, 462),
(9963, 18, 1, 462),
(9964, 19, 1, 462),
(9965, 20, 1, 462),
(9966, 21, 1, 462),
(9967, 22, 1, 462),
(9968, 23, 1, 462),
(9969, 24, 1, 462),
(9970, 25, 1, 462),
(9971, 26, 1, 462),
(9972, 27, 1, 462),
(9973, 28, 1, 462),
(9974, 29, 1, 462),
(9975, 30, 1, 462),
(9976, 1, 1, 463),
(9977, 2, 1, 463),
(9978, 3, 1, 463),
(9979, 4, 1, 463),
(9980, 5, 1, 463),
(9981, 6, 1, 463),
(9982, 7, 1, 463),
(9983, 8, 1, 463),
(9984, 9, 1, 463),
(9985, 10, 1, 463),
(9986, 11, 1, 463),
(9987, 12, 1, 463),
(9988, 13, 1, 463),
(9989, 14, 1, 463),
(9990, 15, 1, 463),
(9991, 16, 1, 463),
(9992, 17, 1, 463),
(9993, 18, 1, 463),
(9994, 19, 1, 463),
(9995, 20, 1, 463),
(9996, 21, 1, 463),
(9997, 22, 1, 463),
(9998, 23, 1, 463),
(9999, 24, 1, 463),
(10000, 25, 1, 463),
(10001, 26, 1, 463),
(10002, 27, 1, 463),
(10003, 28, 1, 463),
(10004, 29, 1, 463),
(10005, 30, 1, 463),
(10006, 31, 1, 463),
(10007, 1, 1, 464),
(10008, 2, 1, 464),
(10009, 3, 1, 464),
(10010, 4, 1, 464),
(10011, 5, 1, 464),
(10012, 6, 1, 464),
(10013, 7, 1, 464),
(10014, 8, 1, 464),
(10015, 9, 1, 464),
(10016, 10, 1, 464),
(10017, 11, 1, 464),
(10018, 12, 1, 464),
(10019, 13, 1, 464),
(10020, 14, 1, 464),
(10021, 15, 1, 464),
(10022, 16, 1, 464),
(10023, 17, 1, 464),
(10024, 18, 1, 464),
(10025, 19, 1, 464),
(10026, 20, 1, 464),
(10027, 21, 1, 464),
(10028, 22, 1, 464),
(10029, 23, 1, 464),
(10030, 24, 1, 464),
(10031, 25, 1, 464),
(10032, 26, 1, 464),
(10033, 27, 1, 464),
(10034, 28, 1, 464),
(10035, 29, 1, 464),
(10036, 30, 1, 464),
(10037, 31, 1, 464),
(10038, 1, 1, 465),
(10039, 2, 1, 465),
(10040, 3, 1, 465),
(10041, 4, 1, 465),
(10042, 5, 1, 465),
(10043, 6, 1, 465),
(10044, 7, 1, 465),
(10045, 8, 1, 465),
(10046, 9, 1, 465),
(10047, 10, 1, 465),
(10048, 11, 1, 465),
(10049, 12, 1, 465),
(10050, 13, 1, 465),
(10051, 14, 1, 465),
(10052, 15, 1, 465),
(10053, 16, 1, 465),
(10054, 17, 1, 465),
(10055, 18, 1, 465),
(10056, 19, 1, 465),
(10057, 20, 1, 465),
(10058, 21, 1, 465),
(10059, 22, 1, 465),
(10060, 23, 1, 465),
(10061, 24, 1, 465),
(10062, 25, 1, 465),
(10063, 26, 1, 465),
(10064, 27, 1, 465),
(10065, 28, 1, 465),
(10066, 1, 1, 466),
(10067, 2, 1, 466),
(10068, 3, 1, 466),
(10069, 4, 1, 466),
(10070, 5, 1, 466),
(10071, 6, 1, 466),
(10072, 7, 1, 466),
(10073, 8, 1, 466),
(10074, 9, 1, 466),
(10075, 10, 1, 466),
(10076, 11, 1, 466),
(10077, 12, 1, 466),
(10078, 13, 1, 466),
(10079, 14, 1, 466),
(10080, 15, 1, 466),
(10081, 16, 1, 466),
(10082, 17, 1, 466),
(10083, 18, 1, 466),
(10084, 19, 1, 466),
(10085, 20, 1, 466),
(10086, 21, 1, 466),
(10087, 22, 1, 466),
(10088, 23, 1, 466),
(10089, 24, 1, 466),
(10090, 25, 1, 466),
(10091, 26, 1, 466),
(10092, 27, 1, 466),
(10093, 28, 1, 466),
(10094, 29, 1, 466),
(10095, 30, 1, 466),
(10096, 31, 1, 466),
(10097, 1, 1, 467),
(10098, 2, 1, 467),
(10099, 3, 1, 467),
(10100, 4, 1, 467),
(10101, 5, 1, 467),
(10102, 6, 1, 467),
(10103, 7, 1, 467),
(10104, 8, 1, 467),
(10105, 9, 1, 467),
(10106, 10, 1, 467),
(10107, 11, 1, 467),
(10108, 12, 1, 467),
(10109, 13, 1, 467),
(10110, 14, 1, 467),
(10111, 15, 1, 467),
(10112, 16, 1, 467),
(10113, 17, 1, 467),
(10114, 18, 1, 467),
(10115, 19, 1, 467),
(10116, 20, 1, 467),
(10117, 21, 1, 467),
(10118, 22, 1, 467),
(10119, 23, 1, 467),
(10120, 24, 1, 467),
(10121, 25, 1, 467),
(10122, 26, 1, 467),
(10123, 27, 1, 467),
(10124, 28, 1, 467),
(10125, 29, 1, 467),
(10126, 30, 1, 467),
(10127, 1, 1, 468),
(10128, 2, 1, 468),
(10129, 3, 1, 468),
(10130, 4, 1, 468),
(10131, 5, 1, 468),
(10132, 6, 1, 468),
(10133, 7, 1, 468),
(10134, 8, 1, 468),
(10135, 9, 1, 468),
(10136, 10, 1, 468),
(10137, 11, 1, 468),
(10138, 12, 1, 468),
(10139, 13, 1, 468),
(10140, 14, 1, 468),
(10141, 15, 1, 468),
(10142, 16, 1, 468),
(10143, 17, 1, 468),
(10144, 18, 1, 468),
(10145, 19, 1, 468),
(10146, 20, 1, 468),
(10147, 21, 1, 468),
(10148, 22, 1, 468),
(10149, 23, 1, 468),
(10150, 24, 1, 468),
(10151, 25, 1, 468),
(10152, 26, 1, 468),
(10153, 27, 1, 468),
(10154, 28, 1, 468),
(10155, 29, 1, 468),
(10156, 30, 1, 468),
(10157, 31, 1, 468),
(10158, 1, 1, 469),
(10159, 2, 1, 469),
(10160, 3, 1, 469),
(10161, 4, 1, 469),
(10162, 5, 1, 469),
(10163, 6, 1, 469),
(10164, 7, 1, 469),
(10165, 8, 1, 469),
(10166, 9, 1, 469),
(10167, 10, 1, 469),
(10168, 11, 1, 469),
(10169, 12, 1, 469),
(10170, 13, 1, 469),
(10171, 14, 1, 469),
(10172, 15, 1, 469),
(10173, 16, 1, 469),
(10174, 17, 1, 469),
(10175, 18, 1, 469),
(10176, 19, 1, 469),
(10177, 20, 1, 469),
(10178, 21, 1, 469),
(10179, 22, 1, 469),
(10180, 23, 1, 469),
(10181, 24, 1, 469),
(10182, 25, 1, 469),
(10183, 26, 1, 469),
(10184, 27, 1, 469),
(10185, 28, 1, 469),
(10186, 29, 1, 469),
(10187, 30, 1, 469),
(10188, 1, 1, 470),
(10189, 2, 1, 470),
(10190, 3, 1, 470),
(10191, 4, 1, 470),
(10192, 5, 1, 470),
(10193, 6, 1, 470),
(10194, 7, 1, 470),
(10195, 8, 1, 470),
(10196, 9, 1, 470),
(10197, 10, 1, 470),
(10198, 11, 1, 470),
(10199, 12, 1, 470),
(10200, 13, 1, 470),
(10201, 14, 1, 470),
(10202, 15, 1, 470),
(10203, 16, 1, 470),
(10204, 17, 1, 470),
(10205, 18, 1, 470),
(10206, 19, 1, 470),
(10207, 20, 1, 470),
(10208, 21, 1, 470),
(10209, 22, 1, 470),
(10210, 23, 1, 470),
(10211, 24, 1, 470),
(10212, 25, 1, 470),
(10213, 26, 1, 470),
(10214, 27, 1, 470),
(10215, 28, 1, 470),
(10216, 29, 1, 470),
(10217, 30, 1, 470),
(10218, 31, 1, 470),
(10219, 1, 1, 471),
(10220, 2, 1, 471),
(10221, 3, 1, 471),
(10222, 4, 1, 471),
(10223, 5, 1, 471),
(10224, 6, 1, 471),
(10225, 7, 1, 471),
(10226, 8, 1, 471),
(10227, 9, 1, 471),
(10228, 10, 1, 471),
(10229, 11, 1, 471),
(10230, 12, 1, 471),
(10231, 13, 1, 471),
(10232, 14, 1, 471),
(10233, 15, 1, 471),
(10234, 16, 1, 471),
(10235, 17, 1, 471),
(10236, 18, 1, 471),
(10237, 19, 1, 471),
(10238, 20, 1, 471),
(10239, 21, 1, 471),
(10240, 22, 1, 471),
(10241, 23, 1, 471),
(10242, 24, 1, 471),
(10243, 25, 1, 471),
(10244, 26, 1, 471),
(10245, 27, 1, 471),
(10246, 28, 1, 471),
(10247, 29, 1, 471),
(10248, 30, 1, 471),
(10249, 31, 1, 471),
(10250, 1, 1, 472),
(10251, 2, 1, 472),
(10252, 3, 1, 472),
(10253, 4, 1, 472),
(10254, 5, 1, 472),
(10255, 6, 1, 472),
(10256, 7, 1, 472),
(10257, 8, 1, 472),
(10258, 9, 1, 472),
(10259, 10, 1, 472),
(10260, 11, 1, 472),
(10261, 12, 1, 472),
(10262, 13, 1, 472),
(10263, 14, 1, 472),
(10264, 15, 1, 472),
(10265, 16, 1, 472),
(10266, 17, 1, 472),
(10267, 18, 1, 472),
(10268, 19, 1, 472),
(10269, 20, 1, 472),
(10270, 21, 1, 472),
(10271, 22, 1, 472),
(10272, 23, 1, 472),
(10273, 24, 1, 472),
(10274, 25, 1, 472),
(10275, 26, 1, 472),
(10276, 27, 1, 472),
(10277, 28, 1, 472),
(10278, 29, 1, 472),
(10279, 30, 1, 472),
(10280, 1, 1, 473),
(10281, 2, 1, 473),
(10282, 3, 1, 473),
(10283, 4, 1, 473),
(10284, 5, 1, 473),
(10285, 6, 1, 473),
(10286, 7, 1, 473),
(10287, 8, 1, 473),
(10288, 9, 1, 473),
(10289, 10, 1, 473),
(10290, 11, 1, 473),
(10291, 12, 1, 473),
(10292, 13, 1, 473),
(10293, 14, 1, 473),
(10294, 15, 1, 473),
(10295, 16, 1, 473),
(10296, 17, 1, 473),
(10297, 18, 1, 473),
(10298, 19, 1, 473),
(10299, 20, 1, 473),
(10300, 21, 1, 473),
(10301, 22, 1, 473),
(10302, 23, 1, 473),
(10303, 24, 1, 473),
(10304, 25, 1, 473),
(10305, 17, 1, 474),
(10306, 18, 1, 474),
(10307, 19, 1, 474),
(10308, 20, 1, 474),
(10309, 21, 1, 474),
(10310, 22, 1, 474),
(10311, 23, 1, 474),
(10312, 24, 1, 474),
(10313, 25, 1, 474),
(10314, 26, 1, 474),
(10315, 27, 1, 474),
(10316, 28, 1, 474),
(10317, 29, 1, 474),
(10318, 30, 1, 474),
(10319, 31, 1, 474),
(10320, 1, 1, 475),
(10321, 2, 1, 475),
(10322, 3, 1, 475),
(10323, 4, 1, 475),
(10324, 5, 1, 475),
(10325, 6, 1, 475),
(10326, 7, 1, 475),
(10327, 8, 1, 475),
(10328, 9, 1, 475),
(10329, 10, 1, 475),
(10330, 11, 1, 475),
(10331, 12, 1, 475),
(10332, 13, 1, 475),
(10333, 14, 1, 475),
(10334, 15, 1, 475),
(10335, 16, 1, 475),
(10336, 17, 1, 475),
(10337, 18, 1, 475),
(10338, 19, 1, 475),
(10339, 20, 1, 475),
(10340, 21, 1, 475),
(10341, 22, 1, 475),
(10342, 23, 1, 475),
(10343, 24, 1, 475),
(10344, 25, 1, 475),
(10345, 26, 1, 475),
(10346, 27, 1, 475),
(10347, 28, 1, 475),
(10348, 29, 1, 475),
(10349, 30, 1, 475),
(10350, 1, 1, 476),
(10351, 2, 1, 476),
(10352, 3, 1, 476),
(10353, 4, 1, 476),
(10354, 5, 1, 476),
(10355, 6, 1, 476),
(10356, 7, 1, 476),
(10357, 8, 1, 476),
(10358, 9, 1, 476),
(10359, 10, 1, 476),
(10360, 11, 1, 476),
(10361, 12, 1, 476),
(10362, 13, 1, 476),
(10363, 14, 1, 476),
(10364, 15, 1, 476),
(10365, 16, 1, 476),
(10366, 17, 1, 476),
(10367, 18, 1, 476),
(10368, 19, 1, 476),
(10369, 20, 1, 476),
(10370, 21, 1, 476),
(10371, 22, 1, 476),
(10372, 23, 1, 476),
(10373, 24, 1, 476),
(10374, 25, 1, 476),
(10375, 26, 1, 476),
(10376, 27, 1, 476),
(10377, 28, 1, 476),
(10378, 29, 1, 476),
(10379, 30, 1, 476),
(10380, 31, 1, 476),
(10381, 1, 1, 477),
(10382, 2, 1, 477),
(10383, 3, 1, 477),
(10384, 4, 1, 477),
(10385, 5, 1, 477),
(10386, 6, 1, 477),
(10387, 7, 1, 477),
(10388, 8, 1, 477),
(10389, 9, 1, 477),
(10390, 10, 1, 477),
(10391, 11, 1, 477),
(10392, 12, 1, 477),
(10393, 13, 1, 477),
(10394, 14, 1, 477),
(10395, 15, 1, 477),
(10396, 16, 1, 477),
(10397, 17, 1, 477),
(10398, 18, 1, 477),
(10399, 19, 1, 477),
(10400, 20, 1, 477),
(10401, 21, 1, 477),
(10402, 22, 1, 477),
(10403, 23, 1, 477),
(10404, 24, 1, 477),
(10405, 25, 1, 477),
(10406, 26, 1, 477),
(10407, 27, 1, 477),
(10408, 28, 1, 477),
(10409, 29, 1, 477),
(10410, 30, 1, 477),
(10411, 1, 1, 478),
(10412, 2, 1, 478),
(10413, 3, 1, 478),
(10414, 4, 1, 478),
(10415, 5, 1, 478),
(10416, 6, 1, 478),
(10417, 7, 1, 478),
(10418, 8, 1, 478),
(10419, 9, 1, 478),
(10420, 10, 1, 478),
(10421, 11, 1, 478),
(10422, 12, 1, 478),
(10423, 13, 1, 478),
(10424, 14, 1, 478),
(10425, 15, 1, 478),
(10426, 16, 1, 478),
(10427, 17, 1, 478),
(10428, 18, 1, 478),
(10429, 19, 1, 478),
(10430, 20, 1, 478),
(10431, 21, 1, 478),
(10432, 22, 1, 478),
(10433, 23, 1, 478),
(10434, 24, 1, 478),
(10435, 25, 1, 478),
(10436, 26, 1, 478),
(10437, 27, 1, 478),
(10438, 28, 1, 478),
(10439, 29, 1, 478),
(10440, 30, 1, 478),
(10441, 31, 1, 478),
(10442, 1, 1, 479),
(10443, 2, 1, 479),
(10444, 3, 1, 479),
(10445, 4, 1, 479),
(10446, 5, 1, 479),
(10447, 6, 1, 479),
(10448, 7, 1, 479),
(10449, 8, 1, 479),
(10450, 9, 1, 479),
(10451, 10, 1, 479),
(10452, 11, 1, 479),
(10453, 12, 1, 479),
(10454, 13, 1, 479),
(10455, 14, 1, 479),
(10456, 15, 1, 479),
(10457, 16, 1, 479),
(10458, 17, 1, 479),
(10459, 18, 1, 479),
(10460, 19, 1, 479),
(10461, 20, 1, 479),
(10462, 21, 1, 479),
(10463, 22, 1, 479),
(10464, 23, 1, 479),
(10465, 24, 1, 479),
(10466, 25, 1, 479),
(10467, 26, 1, 479),
(10468, 27, 1, 479),
(10469, 28, 1, 479),
(10470, 29, 1, 479),
(10471, 30, 1, 479),
(10472, 31, 1, 479),
(10473, 1, 1, 480),
(10474, 2, 1, 480),
(10475, 3, 1, 480),
(10476, 4, 1, 480),
(10477, 5, 1, 480),
(10478, 6, 1, 480),
(10479, 7, 1, 480),
(10480, 8, 1, 480),
(10481, 9, 1, 480),
(10482, 10, 1, 480),
(10483, 11, 1, 480),
(10484, 12, 1, 480),
(10485, 13, 1, 480),
(10486, 14, 1, 480),
(10487, 15, 1, 480),
(10488, 16, 1, 480),
(10489, 17, 1, 480),
(10490, 18, 1, 480),
(10491, 19, 1, 480),
(10492, 20, 1, 480),
(10493, 21, 1, 480),
(10494, 22, 1, 480),
(10495, 23, 1, 480),
(10496, 24, 1, 480),
(10497, 25, 1, 480),
(10498, 26, 1, 480),
(10499, 27, 1, 480),
(10500, 28, 1, 480),
(10501, 1, 1, 481),
(10502, 2, 1, 481),
(10503, 3, 1, 481),
(10504, 4, 1, 481),
(10505, 5, 1, 481),
(10506, 6, 1, 481),
(10507, 7, 1, 481),
(10508, 8, 1, 481),
(10509, 9, 1, 481),
(10510, 10, 1, 481),
(10511, 11, 1, 481),
(10512, 12, 1, 481),
(10513, 13, 1, 481),
(10514, 14, 1, 481),
(10515, 15, 1, 481),
(10516, 16, 1, 481),
(10517, 17, 1, 481),
(10518, 18, 1, 481),
(10519, 19, 1, 481),
(10520, 20, 1, 481),
(10521, 21, 1, 481),
(10522, 22, 1, 481),
(10523, 23, 1, 481),
(10524, 24, 1, 481),
(10525, 25, 1, 481),
(10526, 26, 1, 481),
(10527, 27, 1, 481),
(10528, 28, 1, 481),
(10529, 29, 1, 481),
(10530, 30, 1, 481),
(10531, 31, 1, 481),
(10532, 1, 1, 482),
(10533, 2, 1, 482),
(10534, 3, 1, 482),
(10535, 4, 1, 482),
(10536, 5, 1, 482),
(10537, 6, 1, 482),
(10538, 7, 1, 482),
(10539, 8, 1, 482),
(10540, 9, 1, 482),
(10541, 10, 1, 482),
(10542, 11, 1, 482),
(10543, 12, 1, 482),
(10544, 13, 1, 482),
(10545, 14, 1, 482),
(10546, 15, 1, 482),
(10547, 16, 1, 482),
(10548, 17, 1, 482),
(10549, 18, 1, 482),
(10550, 19, 1, 482),
(10551, 20, 1, 482),
(10552, 21, 1, 482),
(10553, 22, 1, 482),
(10554, 23, 1, 482),
(10555, 24, 1, 482),
(10556, 25, 1, 482),
(10557, 26, 1, 482),
(10558, 27, 1, 482),
(10559, 28, 1, 482),
(10560, 29, 1, 482),
(10561, 30, 1, 482),
(10562, 1, 1, 483),
(10563, 2, 1, 483),
(10564, 3, 1, 483),
(10565, 4, 1, 483),
(10566, 5, 1, 483),
(10567, 6, 1, 483),
(10568, 7, 1, 483),
(10569, 8, 1, 483),
(10570, 9, 1, 483),
(10571, 10, 1, 483),
(10572, 11, 1, 483),
(10573, 12, 1, 483),
(10574, 13, 1, 483),
(10575, 14, 1, 483),
(10576, 15, 1, 483),
(10577, 16, 1, 483),
(10578, 17, 1, 483),
(10579, 18, 1, 483),
(10580, 19, 1, 483),
(10581, 20, 1, 483),
(10582, 21, 1, 483),
(10583, 22, 1, 483),
(10584, 23, 1, 483),
(10585, 24, 1, 483),
(10586, 25, 1, 483),
(10587, 26, 1, 483),
(10588, 27, 1, 483),
(10589, 28, 1, 483),
(10590, 29, 1, 483),
(10591, 30, 1, 483),
(10592, 31, 1, 483),
(10593, 1, 1, 484),
(10594, 2, 1, 484),
(10595, 3, 1, 484),
(10596, 4, 1, 484),
(10597, 5, 1, 484),
(10598, 6, 1, 484),
(10599, 7, 1, 484),
(10600, 8, 1, 484),
(10601, 9, 1, 484),
(10602, 10, 1, 484),
(10603, 11, 1, 484),
(10604, 12, 1, 484),
(10605, 13, 1, 484),
(10606, 14, 1, 484),
(10607, 15, 1, 484),
(10608, 16, 1, 484),
(10609, 17, 1, 484),
(10610, 18, 1, 484),
(10611, 19, 1, 484),
(10612, 20, 1, 484),
(10613, 21, 1, 484),
(10614, 22, 1, 484),
(10615, 23, 1, 484),
(10616, 24, 1, 484),
(10617, 25, 1, 484),
(10618, 26, 1, 484),
(10619, 27, 1, 484),
(10620, 28, 1, 484),
(10621, 29, 1, 484),
(10622, 30, 1, 484),
(10623, 1, 1, 485),
(10624, 2, 1, 485),
(10625, 3, 1, 485),
(10626, 4, 1, 485),
(10627, 5, 1, 485),
(10628, 6, 1, 485),
(10629, 7, 1, 485),
(10630, 8, 1, 485),
(10631, 9, 1, 485),
(10632, 10, 1, 485),
(10633, 11, 1, 485),
(10634, 12, 1, 485),
(10635, 13, 1, 485),
(10636, 14, 1, 485),
(10637, 15, 1, 485),
(10638, 16, 1, 485),
(10639, 17, 1, 485),
(10640, 18, 1, 485),
(10641, 19, 1, 485),
(10642, 20, 1, 485),
(10643, 21, 1, 485),
(10644, 22, 1, 485),
(10645, 23, 1, 485),
(10646, 24, 1, 485),
(10647, 25, 1, 485),
(10648, 26, 1, 485),
(10649, 27, 1, 485),
(10650, 28, 1, 485),
(10651, 29, 1, 485),
(10652, 30, 1, 485),
(10653, 31, 1, 485),
(10654, 1, 1, 486),
(10655, 2, 1, 486),
(10656, 3, 1, 486),
(10657, 4, 1, 486),
(10658, 5, 1, 486),
(10659, 6, 1, 486),
(10660, 7, 1, 486),
(10661, 8, 1, 486),
(10662, 9, 1, 486),
(10663, 10, 1, 486),
(10664, 11, 1, 486),
(10665, 12, 1, 486),
(10666, 13, 1, 486),
(10667, 14, 1, 486),
(10668, 15, 1, 486),
(10669, 16, 1, 486),
(10670, 17, 1, 486),
(10671, 18, 1, 486),
(10672, 19, 1, 486),
(10673, 20, 1, 486),
(10674, 21, 1, 486),
(10675, 22, 1, 486),
(10676, 23, 1, 486),
(10677, 24, 1, 486),
(10678, 25, 1, 486),
(10679, 26, 1, 486),
(10680, 27, 1, 486),
(10681, 28, 1, 486),
(10682, 29, 1, 486),
(10683, 30, 1, 486),
(10684, 31, 1, 486),
(10685, 1, 1, 487),
(10686, 2, 1, 487),
(10687, 3, 1, 487),
(10688, 4, 1, 487),
(10689, 5, 1, 487),
(10690, 6, 1, 487),
(10691, 7, 1, 487),
(10692, 8, 1, 487),
(10693, 9, 1, 487),
(10694, 10, 1, 487),
(10695, 11, 1, 487),
(10696, 12, 1, 487),
(10697, 13, 1, 487),
(10698, 14, 1, 487),
(10699, 15, 1, 487),
(10700, 16, 1, 487),
(10701, 17, 1, 487),
(10702, 18, 1, 487),
(10703, 19, 1, 487),
(10704, 20, 1, 487),
(10705, 21, 1, 487),
(10706, 22, 1, 487),
(10707, 23, 1, 487),
(10708, 24, 1, 487),
(10709, 25, 1, 487),
(10710, 26, 1, 487),
(10711, 27, 1, 487),
(10712, 28, 1, 487),
(10713, 29, 1, 487),
(10714, 30, 1, 487),
(10715, 1, 1, 488),
(10716, 2, 1, 488),
(10717, 3, 1, 488),
(10718, 4, 1, 488),
(10719, 5, 1, 488),
(10720, 6, 1, 488),
(10721, 7, 1, 488),
(10722, 8, 1, 488),
(10723, 9, 1, 488),
(10724, 10, 1, 488),
(10725, 11, 1, 488),
(10726, 12, 1, 488),
(10727, 13, 1, 488),
(10728, 14, 1, 488),
(10729, 15, 1, 488),
(10730, 16, 1, 488),
(10731, 17, 1, 488),
(10732, 18, 1, 488),
(10733, 19, 1, 488),
(10734, 20, 1, 488),
(10735, 21, 1, 488),
(10736, 22, 1, 488),
(10737, 23, 1, 488),
(10738, 24, 1, 488),
(10739, 25, 1, 488),
(10740, 26, 1, 488),
(10741, 27, 1, 488),
(10742, 28, 1, 488),
(10743, 29, 1, 488),
(10744, 30, 1, 488),
(10745, 31, 1, 488),
(10746, 1, 1, 489),
(10747, 2, 1, 489),
(10748, 3, 1, 489),
(10749, 4, 1, 489),
(10750, 5, 1, 489),
(10751, 6, 1, 489),
(10752, 7, 1, 489),
(10753, 8, 1, 489),
(10754, 9, 1, 489),
(10755, 10, 1, 489),
(10756, 11, 1, 489),
(10757, 12, 1, 489),
(10758, 13, 1, 489),
(10759, 14, 1, 489),
(10760, 15, 1, 489),
(10761, 16, 1, 489),
(10762, 17, 1, 489),
(10763, 18, 1, 489),
(10764, 19, 1, 489),
(10765, 20, 1, 489),
(10766, 21, 1, 489),
(10767, 22, 1, 489),
(10768, 23, 1, 489),
(10769, 24, 1, 489),
(10770, 25, 1, 489),
(10771, 26, 1, 489),
(10772, 27, 1, 489),
(10773, 28, 1, 489),
(10774, 29, 1, 489),
(10775, 30, 1, 489),
(10776, 1, 1, 490),
(10777, 2, 1, 490),
(10778, 3, 1, 490),
(10779, 4, 1, 490),
(10780, 5, 1, 490),
(10781, 6, 1, 490),
(10782, 7, 1, 490),
(10783, 8, 1, 490),
(10784, 9, 1, 490),
(10785, 10, 1, 490),
(10786, 11, 1, 490),
(10787, 12, 1, 490),
(10788, 13, 1, 490),
(10789, 14, 1, 490),
(10790, 15, 1, 490),
(10791, 16, 1, 490),
(10792, 17, 1, 490),
(10793, 18, 1, 490),
(10794, 19, 1, 490),
(10795, 20, 1, 490),
(10796, 21, 1, 490),
(10797, 22, 1, 490),
(10798, 23, 1, 490),
(10799, 24, 1, 490),
(10800, 25, 1, 490),
(10801, 26, 1, 490),
(10802, 27, 1, 490),
(10803, 28, 1, 490),
(10804, 29, 1, 490),
(10805, 30, 1, 490),
(10806, 31, 1, 490),
(10807, 1, 1, 491),
(10808, 2, 1, 491),
(10809, 3, 1, 491),
(10810, 4, 1, 491),
(10811, 5, 1, 491),
(10812, 6, 1, 491),
(10813, 7, 1, 491),
(10814, 8, 1, 491),
(10815, 9, 1, 491),
(10816, 10, 1, 491),
(10817, 11, 1, 491),
(10818, 12, 1, 491),
(10819, 13, 1, 491),
(10820, 14, 1, 491),
(10821, 15, 1, 491),
(10822, 16, 1, 491),
(10823, 17, 1, 491),
(10824, 18, 1, 491),
(10825, 19, 1, 491),
(10826, 20, 1, 491),
(10827, 21, 1, 491),
(10828, 22, 1, 491),
(10829, 23, 1, 491),
(10830, 24, 1, 491),
(10831, 25, 1, 491),
(10832, 26, 1, 491),
(10833, 27, 1, 491),
(10834, 28, 1, 491),
(10835, 29, 1, 491),
(10836, 30, 1, 491),
(10837, 31, 1, 491),
(10838, 1, 1, 492),
(10839, 2, 1, 492),
(10840, 3, 1, 492),
(10841, 4, 1, 492),
(10842, 5, 1, 492),
(10843, 6, 1, 492),
(10844, 7, 1, 492),
(10845, 8, 1, 492),
(10846, 9, 1, 492),
(10847, 10, 1, 492),
(10848, 11, 1, 492),
(10849, 12, 1, 492),
(10850, 13, 1, 492),
(10851, 14, 1, 492),
(10852, 15, 1, 492),
(10853, 16, 1, 492),
(10854, 17, 1, 492),
(10855, 18, 1, 492),
(10856, 19, 1, 492),
(10857, 20, 1, 492),
(10858, 21, 1, 492),
(10859, 22, 1, 492),
(10860, 23, 1, 492),
(10861, 24, 1, 492),
(10862, 25, 1, 492),
(10863, 26, 1, 492),
(10864, 27, 1, 492),
(10865, 28, 1, 492),
(10866, 1, 1, 493),
(10867, 2, 1, 493),
(10868, 3, 1, 493),
(10869, 4, 1, 493),
(10870, 5, 1, 493),
(10871, 6, 1, 493),
(10872, 7, 1, 493),
(10873, 8, 1, 493),
(10874, 9, 1, 493),
(10875, 10, 1, 493),
(10876, 11, 1, 493),
(10877, 12, 1, 493),
(10878, 13, 1, 493),
(10879, 14, 1, 493),
(10880, 15, 1, 493),
(10881, 16, 1, 493),
(10882, 17, 1, 493),
(10883, 18, 1, 493),
(10884, 19, 1, 493),
(10885, 20, 1, 493),
(10886, 21, 1, 493),
(10887, 22, 1, 493),
(10888, 23, 1, 493),
(10889, 24, 1, 493),
(10890, 25, 1, 493),
(10891, 26, 1, 493),
(10892, 27, 1, 493),
(10893, 28, 1, 493),
(10894, 29, 1, 493),
(10895, 30, 1, 493),
(10896, 31, 1, 493),
(10897, 1, 1, 494),
(10898, 2, 1, 494),
(10899, 3, 1, 494),
(10900, 4, 1, 494),
(10901, 5, 1, 494),
(10902, 6, 1, 494),
(10903, 7, 1, 494),
(10904, 8, 1, 494),
(10905, 9, 1, 494),
(10906, 10, 1, 494),
(10907, 11, 1, 494),
(10908, 12, 1, 494),
(10909, 13, 1, 494),
(10910, 14, 1, 494),
(10911, 15, 1, 494),
(10912, 16, 1, 494),
(10913, 17, 1, 494),
(10914, 18, 1, 494),
(10915, 19, 1, 494),
(10916, 20, 1, 494),
(10917, 21, 1, 494),
(10918, 22, 1, 494),
(10919, 23, 1, 494),
(10920, 24, 1, 494),
(10921, 25, 1, 494),
(10922, 26, 1, 494),
(10923, 27, 1, 494),
(10924, 28, 1, 494),
(10925, 29, 1, 494),
(10926, 30, 1, 494),
(10927, 1, 1, 495),
(10928, 2, 1, 495),
(10929, 3, 1, 495),
(10930, 4, 1, 495),
(10931, 5, 1, 495),
(10932, 6, 1, 495),
(10933, 7, 1, 495),
(10934, 8, 1, 495),
(10935, 9, 1, 495),
(10936, 10, 1, 495),
(10937, 11, 1, 495),
(10938, 12, 1, 495),
(10939, 13, 1, 495),
(10940, 14, 1, 495),
(10941, 15, 1, 495),
(10942, 16, 1, 495),
(10943, 17, 1, 495),
(10944, 18, 1, 495),
(10945, 19, 1, 495),
(10946, 20, 1, 495),
(10947, 21, 1, 495),
(10948, 22, 1, 495),
(10949, 23, 1, 495),
(10950, 24, 1, 495),
(10951, 25, 1, 495),
(10952, 26, 1, 495),
(10953, 27, 1, 495),
(10954, 28, 1, 495),
(10955, 29, 1, 495),
(10956, 30, 1, 495),
(10957, 31, 1, 495),
(10958, 1, 1, 496),
(10959, 2, 1, 496),
(10960, 3, 1, 496),
(10961, 4, 1, 496),
(10962, 5, 1, 496),
(10963, 6, 1, 496),
(10964, 7, 1, 496),
(10965, 8, 1, 496),
(10966, 9, 1, 496),
(10967, 10, 1, 496),
(10968, 11, 1, 496),
(10969, 12, 1, 496),
(10970, 13, 1, 496),
(10971, 14, 1, 496),
(10972, 15, 1, 496),
(10973, 16, 1, 496),
(10974, 17, 1, 496),
(10975, 18, 1, 496),
(10976, 19, 1, 496),
(10977, 20, 1, 496),
(10978, 21, 1, 496),
(10979, 22, 1, 496),
(10980, 23, 1, 496),
(10981, 24, 1, 496),
(10982, 25, 1, 496),
(10983, 26, 1, 496),
(10984, 27, 1, 496),
(10985, 28, 1, 496),
(10986, 29, 1, 496),
(10987, 30, 1, 496),
(10988, 1, 1, 497),
(10989, 2, 1, 497),
(10990, 3, 1, 497),
(10991, 4, 1, 497),
(10992, 5, 1, 497),
(10993, 6, 1, 497),
(10994, 7, 1, 497),
(10995, 8, 1, 497),
(10996, 9, 1, 497),
(10997, 10, 1, 497),
(10998, 11, 1, 497),
(10999, 12, 1, 497),
(11000, 13, 1, 497),
(11001, 14, 1, 497),
(11002, 15, 1, 497),
(11003, 16, 1, 497),
(11004, 17, 1, 497),
(11005, 18, 1, 497),
(11006, 19, 1, 497),
(11007, 20, 1, 497),
(11008, 21, 1, 497),
(11009, 22, 1, 497),
(11010, 23, 1, 497),
(11011, 24, 1, 497),
(11012, 25, 1, 497),
(11013, 26, 1, 497),
(11014, 27, 1, 497),
(11015, 28, 1, 497),
(11016, 29, 1, 497),
(11017, 30, 1, 497),
(11018, 31, 1, 497),
(11019, 1, 1, 498),
(11020, 2, 1, 498),
(11021, 3, 1, 498),
(11022, 4, 1, 498),
(11023, 5, 1, 498),
(11024, 6, 1, 498),
(11025, 7, 1, 498),
(11026, 8, 1, 498),
(11027, 9, 1, 498),
(11028, 10, 1, 498),
(11029, 11, 1, 498),
(11030, 12, 1, 498),
(11031, 13, 1, 498),
(11032, 14, 1, 498),
(11033, 15, 1, 498),
(11034, 16, 1, 498),
(11035, 17, 1, 498),
(11036, 18, 1, 498),
(11037, 19, 1, 498),
(11038, 20, 1, 498),
(11039, 21, 1, 498),
(11040, 22, 1, 498),
(11041, 23, 1, 498),
(11042, 24, 1, 498),
(11043, 25, 1, 498),
(11044, 26, 1, 498),
(11045, 27, 1, 498),
(11046, 28, 1, 498),
(11047, 29, 1, 498),
(11048, 30, 1, 498),
(11049, 31, 1, 498),
(11050, 1, 1, 499),
(11051, 2, 1, 499),
(11052, 3, 1, 499),
(11053, 4, 1, 499),
(11054, 5, 1, 499),
(11055, 6, 1, 499),
(11056, 7, 1, 499),
(11057, 8, 1, 499),
(11058, 9, 1, 499),
(11059, 10, 1, 499),
(11060, 11, 1, 499),
(11061, 12, 1, 499),
(11062, 13, 1, 499),
(11063, 14, 1, 499),
(11064, 15, 1, 499),
(11065, 16, 1, 499),
(11066, 17, 1, 499),
(11067, 18, 1, 499),
(11068, 19, 1, 499),
(11069, 20, 1, 499),
(11070, 21, 1, 499),
(11071, 22, 1, 499),
(11072, 23, 1, 499),
(11073, 24, 1, 499),
(11074, 25, 1, 499),
(11075, 26, 1, 499),
(11076, 27, 1, 499),
(11077, 28, 1, 499),
(11078, 29, 1, 499),
(11079, 30, 1, 499),
(11080, 1, 1, 500),
(11081, 2, 1, 500),
(11082, 3, 1, 500),
(11083, 4, 1, 500),
(11084, 5, 1, 500),
(11085, 6, 1, 500),
(11086, 7, 1, 500),
(11087, 8, 1, 500),
(11088, 9, 1, 500),
(11089, 10, 1, 500),
(11090, 11, 1, 500),
(11091, 12, 1, 500),
(11092, 13, 1, 500),
(11093, 14, 1, 500),
(11094, 15, 1, 500),
(11095, 16, 1, 500),
(11096, 17, 1, 500),
(11097, 18, 1, 500),
(11098, 19, 1, 500),
(11099, 20, 1, 500),
(11100, 21, 1, 500),
(11101, 22, 1, 500),
(11102, 23, 1, 500),
(11103, 24, 1, 500),
(11104, 25, 1, 500),
(11105, 17, 1, 501),
(11106, 18, 1, 501),
(11107, 19, 1, 501),
(11108, 20, 1, 501),
(11109, 21, 1, 501),
(11110, 22, 1, 501),
(11111, 23, 1, 501),
(11112, 24, 1, 501),
(11113, 25, 1, 501),
(11114, 26, 1, 501),
(11115, 27, 1, 501),
(11116, 28, 1, 501),
(11117, 29, 1, 501),
(11118, 30, 1, 501),
(11119, 31, 1, 501),
(11120, 1, 1, 502),
(11121, 2, 1, 502),
(11122, 3, 1, 502),
(11123, 4, 1, 502),
(11124, 5, 1, 502),
(11125, 6, 1, 502),
(11126, 7, 1, 502),
(11127, 8, 1, 502),
(11128, 9, 1, 502),
(11129, 10, 1, 502),
(11130, 11, 1, 502),
(11131, 12, 1, 502),
(11132, 13, 1, 502),
(11133, 14, 1, 502),
(11134, 15, 1, 502),
(11135, 16, 1, 502),
(11136, 17, 1, 502),
(11137, 18, 1, 502),
(11138, 19, 1, 502),
(11139, 20, 1, 502),
(11140, 21, 1, 502),
(11141, 22, 1, 502),
(11142, 23, 1, 502),
(11143, 24, 1, 502),
(11144, 25, 1, 502),
(11145, 26, 1, 502),
(11146, 27, 1, 502),
(11147, 28, 1, 502),
(11148, 29, 1, 502),
(11149, 30, 1, 502),
(11150, 1, 1, 503),
(11151, 2, 1, 503),
(11152, 3, 1, 503),
(11153, 4, 1, 503),
(11154, 5, 1, 503),
(11155, 6, 1, 503),
(11156, 7, 1, 503),
(11157, 8, 1, 503),
(11158, 9, 1, 503),
(11159, 10, 1, 503),
(11160, 11, 1, 503),
(11161, 12, 1, 503),
(11162, 13, 1, 503),
(11163, 14, 1, 503),
(11164, 15, 1, 503),
(11165, 16, 1, 503),
(11166, 17, 1, 503),
(11167, 18, 1, 503),
(11168, 19, 1, 503),
(11169, 20, 1, 503),
(11170, 21, 1, 503),
(11171, 22, 1, 503),
(11172, 23, 1, 503),
(11173, 24, 1, 503),
(11174, 25, 1, 503),
(11175, 26, 1, 503),
(11176, 27, 1, 503),
(11177, 28, 1, 503),
(11178, 29, 1, 503),
(11179, 30, 1, 503),
(11180, 31, 1, 503),
(11181, 1, 1, 504),
(11182, 2, 1, 504),
(11183, 3, 1, 504),
(11184, 4, 1, 504),
(11185, 5, 1, 504),
(11186, 6, 1, 504),
(11187, 7, 1, 504),
(11188, 8, 1, 504),
(11189, 9, 1, 504),
(11190, 10, 1, 504),
(11191, 11, 1, 504),
(11192, 12, 1, 504),
(11193, 13, 1, 504),
(11194, 14, 1, 504),
(11195, 15, 1, 504),
(11196, 16, 1, 504),
(11197, 17, 1, 504),
(11198, 18, 1, 504),
(11199, 19, 1, 504),
(11200, 20, 1, 504),
(11201, 21, 1, 504),
(11202, 22, 1, 504),
(11203, 23, 1, 504),
(11204, 24, 1, 504),
(11205, 25, 1, 504),
(11206, 26, 1, 504),
(11207, 27, 1, 504),
(11208, 28, 1, 504),
(11209, 29, 1, 504),
(11210, 30, 1, 504),
(11211, 1, 1, 505),
(11212, 2, 1, 505),
(11213, 3, 1, 505),
(11214, 4, 1, 505),
(11215, 5, 1, 505),
(11216, 6, 1, 505),
(11217, 7, 1, 505),
(11218, 8, 1, 505),
(11219, 9, 1, 505),
(11220, 10, 1, 505),
(11221, 11, 1, 505),
(11222, 12, 1, 505),
(11223, 13, 1, 505),
(11224, 14, 1, 505),
(11225, 15, 1, 505),
(11226, 16, 1, 505),
(11227, 17, 1, 505),
(11228, 18, 1, 505),
(11229, 19, 1, 505),
(11230, 20, 1, 505),
(11231, 21, 1, 505),
(11232, 22, 1, 505),
(11233, 23, 1, 505),
(11234, 24, 1, 505),
(11235, 25, 1, 505),
(11236, 26, 1, 505),
(11237, 27, 1, 505),
(11238, 28, 1, 505),
(11239, 29, 1, 505),
(11240, 30, 1, 505),
(11241, 31, 1, 505),
(11242, 1, 1, 506),
(11243, 2, 1, 506),
(11244, 3, 1, 506),
(11245, 4, 1, 506),
(11246, 5, 1, 506),
(11247, 6, 1, 506),
(11248, 7, 1, 506),
(11249, 8, 1, 506),
(11250, 9, 1, 506),
(11251, 10, 1, 506),
(11252, 11, 1, 506),
(11253, 12, 1, 506),
(11254, 13, 1, 506),
(11255, 14, 1, 506),
(11256, 15, 1, 506),
(11257, 16, 1, 506),
(11258, 17, 1, 506),
(11259, 18, 1, 506),
(11260, 19, 1, 506),
(11261, 20, 1, 506),
(11262, 21, 1, 506),
(11263, 22, 1, 506),
(11264, 23, 1, 506),
(11265, 24, 1, 506),
(11266, 25, 1, 506),
(11267, 26, 1, 506),
(11268, 27, 1, 506),
(11269, 28, 1, 506),
(11270, 29, 1, 506),
(11271, 30, 1, 506),
(11272, 31, 1, 506),
(11273, 1, 1, 507),
(11274, 2, 1, 507),
(11275, 3, 1, 507),
(11276, 4, 1, 507),
(11277, 5, 1, 507),
(11278, 6, 1, 507),
(11279, 7, 1, 507),
(11280, 8, 1, 507),
(11281, 9, 1, 507),
(11282, 10, 1, 507),
(11283, 11, 1, 507),
(11284, 12, 1, 507),
(11285, 13, 1, 507),
(11286, 14, 1, 507),
(11287, 15, 1, 507),
(11288, 16, 1, 507),
(11289, 17, 1, 507),
(11290, 18, 1, 507),
(11291, 19, 1, 507),
(11292, 20, 1, 507),
(11293, 21, 1, 507),
(11294, 22, 1, 507),
(11295, 23, 1, 507),
(11296, 24, 1, 507),
(11297, 25, 1, 507),
(11298, 26, 1, 507),
(11299, 27, 1, 507),
(11300, 28, 1, 507),
(11301, 1, 1, 508),
(11302, 2, 1, 508),
(11303, 3, 1, 508),
(11304, 4, 1, 508),
(11305, 5, 1, 508),
(11306, 6, 1, 508),
(11307, 7, 1, 508),
(11308, 8, 1, 508),
(11309, 9, 1, 508),
(11310, 10, 1, 508),
(11311, 11, 1, 508),
(11312, 12, 1, 508),
(11313, 13, 1, 508),
(11314, 14, 1, 508),
(11315, 15, 1, 508),
(11316, 16, 1, 508),
(11317, 17, 1, 508),
(11318, 18, 1, 508),
(11319, 19, 1, 508),
(11320, 20, 1, 508),
(11321, 21, 1, 508),
(11322, 22, 1, 508),
(11323, 23, 1, 508),
(11324, 24, 1, 508),
(11325, 25, 1, 508),
(11326, 26, 1, 508),
(11327, 27, 1, 508),
(11328, 28, 1, 508),
(11329, 29, 1, 508),
(11330, 30, 1, 508),
(11331, 31, 1, 508),
(11332, 1, 1, 509),
(11333, 2, 1, 509),
(11334, 3, 1, 509),
(11335, 4, 1, 509),
(11336, 5, 1, 509),
(11337, 6, 1, 509),
(11338, 7, 1, 509),
(11339, 8, 1, 509),
(11340, 9, 1, 509),
(11341, 10, 1, 509),
(11342, 11, 1, 509);
INSERT INTO `VisitasDia` (`id`, `dia`, `visitas`, `visitasMes_id`) VALUES
(11343, 12, 1, 509),
(11344, 13, 1, 509),
(11345, 14, 1, 509),
(11346, 15, 1, 509),
(11347, 16, 1, 509),
(11348, 17, 1, 509),
(11349, 18, 1, 509),
(11350, 19, 1, 509),
(11351, 20, 1, 509),
(11352, 21, 1, 509),
(11353, 22, 1, 509),
(11354, 23, 1, 509),
(11355, 24, 1, 509),
(11356, 25, 1, 509),
(11357, 26, 1, 509),
(11358, 27, 1, 509),
(11359, 28, 1, 509),
(11360, 29, 1, 509),
(11361, 30, 1, 509),
(11362, 1, 1, 510),
(11363, 2, 1, 510),
(11364, 3, 1, 510),
(11365, 4, 1, 510),
(11366, 5, 1, 510),
(11367, 6, 1, 510),
(11368, 7, 1, 510),
(11369, 8, 1, 510),
(11370, 9, 1, 510),
(11371, 10, 1, 510),
(11372, 11, 1, 510),
(11373, 12, 1, 510),
(11374, 13, 1, 510),
(11375, 14, 1, 510),
(11376, 15, 1, 510),
(11377, 16, 1, 510),
(11378, 17, 1, 510),
(11379, 18, 1, 510),
(11380, 19, 1, 510),
(11381, 20, 1, 510),
(11382, 21, 1, 510),
(11383, 22, 1, 510),
(11384, 23, 1, 510),
(11385, 24, 1, 510),
(11386, 25, 1, 510),
(11387, 26, 1, 510),
(11388, 27, 1, 510),
(11389, 28, 1, 510),
(11390, 29, 1, 510),
(11391, 30, 1, 510),
(11392, 31, 1, 510),
(11393, 1, 1, 511),
(11394, 2, 1, 511),
(11395, 3, 1, 511),
(11396, 4, 1, 511),
(11397, 5, 1, 511),
(11398, 6, 1, 511),
(11399, 7, 1, 511),
(11400, 8, 1, 511),
(11401, 9, 1, 511),
(11402, 10, 1, 511),
(11403, 11, 1, 511),
(11404, 12, 1, 511),
(11405, 13, 1, 511),
(11406, 14, 1, 511),
(11407, 15, 1, 511),
(11408, 16, 1, 511),
(11409, 17, 1, 511),
(11410, 18, 1, 511),
(11411, 19, 1, 511),
(11412, 20, 1, 511),
(11413, 21, 1, 511),
(11414, 22, 1, 511),
(11415, 23, 1, 511),
(11416, 24, 1, 511),
(11417, 25, 1, 511),
(11418, 26, 1, 511),
(11419, 27, 1, 511),
(11420, 28, 1, 511),
(11421, 29, 1, 511),
(11422, 30, 1, 511),
(11423, 1, 1, 512),
(11424, 2, 1, 512),
(11425, 3, 1, 512),
(11426, 4, 1, 512),
(11427, 5, 1, 512),
(11428, 6, 1, 512),
(11429, 7, 1, 512),
(11430, 8, 1, 512),
(11431, 9, 1, 512),
(11432, 10, 1, 512),
(11433, 11, 1, 512),
(11434, 12, 1, 512),
(11435, 13, 1, 512),
(11436, 14, 1, 512),
(11437, 15, 1, 512),
(11438, 16, 1, 512),
(11439, 17, 1, 512),
(11440, 18, 1, 512),
(11441, 19, 1, 512),
(11442, 20, 1, 512),
(11443, 21, 1, 512),
(11444, 22, 1, 512),
(11445, 23, 1, 512),
(11446, 24, 1, 512),
(11447, 25, 1, 512),
(11448, 26, 1, 512),
(11449, 27, 1, 512),
(11450, 28, 1, 512),
(11451, 29, 1, 512),
(11452, 30, 1, 512),
(11453, 31, 1, 512),
(11454, 1, 1, 513),
(11455, 2, 1, 513),
(11456, 3, 1, 513),
(11457, 4, 1, 513),
(11458, 5, 1, 513),
(11459, 6, 1, 513),
(11460, 7, 1, 513),
(11461, 8, 1, 513),
(11462, 9, 1, 513),
(11463, 10, 1, 513),
(11464, 11, 1, 513),
(11465, 12, 1, 513),
(11466, 13, 1, 513),
(11467, 14, 1, 513),
(11468, 15, 1, 513),
(11469, 16, 1, 513),
(11470, 17, 1, 513),
(11471, 18, 1, 513),
(11472, 19, 1, 513),
(11473, 20, 1, 513),
(11474, 21, 1, 513),
(11475, 22, 1, 513),
(11476, 23, 1, 513),
(11477, 24, 1, 513),
(11478, 25, 1, 513),
(11479, 26, 1, 513),
(11480, 27, 1, 513),
(11481, 28, 1, 513),
(11482, 29, 1, 513),
(11483, 30, 1, 513),
(11484, 31, 1, 513),
(11485, 1, 1, 514),
(11486, 2, 1, 514),
(11487, 3, 1, 514),
(11488, 4, 1, 514),
(11489, 5, 1, 514),
(11490, 6, 1, 514),
(11491, 7, 1, 514),
(11492, 8, 1, 514),
(11493, 9, 1, 514),
(11494, 10, 1, 514),
(11495, 11, 1, 514),
(11496, 12, 1, 514),
(11497, 13, 1, 514),
(11498, 14, 1, 514),
(11499, 15, 1, 514),
(11500, 16, 1, 514),
(11501, 17, 1, 514),
(11502, 18, 1, 514),
(11503, 19, 1, 514),
(11504, 20, 1, 514),
(11505, 21, 1, 514),
(11506, 22, 1, 514),
(11507, 23, 1, 514),
(11508, 24, 1, 514),
(11509, 25, 1, 514),
(11510, 26, 1, 514),
(11511, 27, 1, 514),
(11512, 28, 1, 514),
(11513, 29, 1, 514),
(11514, 30, 1, 514),
(11515, 1, 1, 515),
(11516, 2, 1, 515),
(11517, 3, 1, 515),
(11518, 4, 1, 515),
(11519, 5, 1, 515),
(11520, 6, 1, 515),
(11521, 7, 1, 515),
(11522, 8, 1, 515),
(11523, 9, 1, 515),
(11524, 10, 1, 515),
(11525, 11, 1, 515),
(11526, 12, 1, 515),
(11527, 13, 1, 515),
(11528, 14, 1, 515),
(11529, 15, 1, 515),
(11530, 16, 1, 515),
(11531, 17, 1, 515),
(11532, 18, 1, 515),
(11533, 19, 1, 515),
(11534, 20, 1, 515),
(11535, 21, 1, 515),
(11536, 22, 1, 515),
(11537, 23, 1, 515),
(11538, 24, 1, 515),
(11539, 25, 1, 515),
(11540, 26, 1, 515),
(11541, 27, 1, 515),
(11542, 28, 1, 515),
(11543, 29, 1, 515),
(11544, 30, 1, 515),
(11545, 31, 1, 515),
(11546, 1, 1, 516),
(11547, 2, 1, 516),
(11548, 3, 1, 516),
(11549, 4, 1, 516),
(11550, 5, 1, 516),
(11551, 6, 1, 516),
(11552, 7, 1, 516),
(11553, 8, 1, 516),
(11554, 9, 1, 516),
(11555, 10, 1, 516),
(11556, 11, 1, 516),
(11557, 12, 1, 516),
(11558, 13, 1, 516),
(11559, 14, 1, 516),
(11560, 15, 1, 516),
(11561, 16, 1, 516),
(11562, 17, 1, 516),
(11563, 18, 1, 516),
(11564, 19, 1, 516),
(11565, 20, 1, 516),
(11566, 21, 1, 516),
(11567, 22, 1, 516),
(11568, 23, 1, 516),
(11569, 24, 1, 516),
(11570, 25, 1, 516),
(11571, 26, 1, 516),
(11572, 27, 1, 516),
(11573, 28, 1, 516),
(11574, 29, 1, 516),
(11575, 30, 1, 516),
(11576, 1, 1, 517),
(11577, 2, 1, 517),
(11578, 3, 1, 517),
(11579, 4, 1, 517),
(11580, 5, 1, 517),
(11581, 6, 1, 517),
(11582, 7, 1, 517),
(11583, 8, 1, 517),
(11584, 9, 1, 517),
(11585, 10, 1, 517),
(11586, 11, 1, 517),
(11587, 12, 1, 517),
(11588, 13, 1, 517),
(11589, 14, 1, 517),
(11590, 15, 1, 517),
(11591, 16, 1, 517),
(11592, 17, 1, 517),
(11593, 18, 1, 517),
(11594, 19, 1, 517),
(11595, 20, 1, 517),
(11596, 21, 1, 517),
(11597, 22, 1, 517),
(11598, 23, 1, 517),
(11599, 24, 1, 517),
(11600, 25, 1, 517),
(11601, 26, 1, 517),
(11602, 27, 1, 517),
(11603, 28, 1, 517),
(11604, 29, 1, 517),
(11605, 30, 1, 517),
(11606, 31, 1, 517),
(11607, 1, 1, 518),
(11608, 2, 1, 518),
(11609, 3, 1, 518),
(11610, 4, 1, 518),
(11611, 5, 1, 518),
(11612, 6, 1, 518),
(11613, 7, 1, 518),
(11614, 8, 1, 518),
(11615, 9, 1, 518),
(11616, 10, 1, 518),
(11617, 11, 1, 518),
(11618, 12, 1, 518),
(11619, 13, 1, 518),
(11620, 14, 1, 518),
(11621, 15, 1, 518),
(11622, 16, 1, 518),
(11623, 17, 1, 518),
(11624, 18, 1, 518),
(11625, 19, 1, 518),
(11626, 20, 1, 518),
(11627, 21, 1, 518),
(11628, 22, 1, 518),
(11629, 23, 1, 518),
(11630, 24, 1, 518),
(11631, 25, 1, 518),
(11632, 26, 1, 518),
(11633, 27, 1, 518),
(11634, 28, 1, 518),
(11635, 29, 1, 518),
(11636, 30, 1, 518),
(11637, 31, 1, 518),
(11638, 1, 1, 519),
(11639, 2, 1, 519),
(11640, 3, 1, 519),
(11641, 4, 1, 519),
(11642, 5, 1, 519),
(11643, 6, 1, 519),
(11644, 7, 1, 519),
(11645, 8, 1, 519),
(11646, 9, 1, 519),
(11647, 10, 1, 519),
(11648, 11, 1, 519),
(11649, 12, 1, 519),
(11650, 13, 1, 519),
(11651, 14, 1, 519),
(11652, 15, 1, 519),
(11653, 16, 1, 519),
(11654, 17, 1, 519),
(11655, 18, 1, 519),
(11656, 19, 1, 519),
(11657, 20, 1, 519),
(11658, 21, 1, 519),
(11659, 22, 1, 519),
(11660, 23, 1, 519),
(11661, 24, 1, 519),
(11662, 25, 1, 519),
(11663, 26, 1, 519),
(11664, 27, 1, 519),
(11665, 28, 1, 519),
(11666, 1, 1, 520),
(11667, 2, 1, 520),
(11668, 3, 1, 520),
(11669, 4, 1, 520),
(11670, 5, 1, 520),
(11671, 6, 1, 520),
(11672, 7, 1, 520),
(11673, 8, 1, 520),
(11674, 9, 1, 520),
(11675, 10, 1, 520),
(11676, 11, 1, 520),
(11677, 12, 1, 520),
(11678, 13, 1, 520),
(11679, 14, 1, 520),
(11680, 15, 1, 520),
(11681, 16, 1, 520),
(11682, 17, 1, 520),
(11683, 18, 1, 520),
(11684, 19, 1, 520),
(11685, 20, 1, 520),
(11686, 21, 1, 520),
(11687, 22, 1, 520),
(11688, 23, 1, 520),
(11689, 24, 1, 520),
(11690, 25, 1, 520),
(11691, 26, 1, 520),
(11692, 27, 1, 520),
(11693, 28, 1, 520),
(11694, 29, 1, 520),
(11695, 30, 1, 520),
(11696, 31, 1, 520),
(11697, 1, 1, 521),
(11698, 2, 1, 521),
(11699, 3, 1, 521),
(11700, 4, 1, 521),
(11701, 5, 1, 521),
(11702, 6, 1, 521),
(11703, 7, 1, 521),
(11704, 8, 1, 521),
(11705, 9, 1, 521),
(11706, 10, 1, 521),
(11707, 11, 1, 521),
(11708, 12, 1, 521),
(11709, 13, 1, 521),
(11710, 14, 1, 521),
(11711, 15, 1, 521),
(11712, 16, 1, 521),
(11713, 17, 1, 521),
(11714, 18, 1, 521),
(11715, 19, 1, 521),
(11716, 20, 1, 521),
(11717, 21, 1, 521),
(11718, 22, 1, 521),
(11719, 23, 1, 521),
(11720, 24, 1, 521),
(11721, 25, 1, 521),
(11722, 26, 1, 521),
(11723, 27, 1, 521),
(11724, 28, 1, 521),
(11725, 29, 1, 521),
(11726, 30, 1, 521),
(11727, 1, 1, 522),
(11728, 2, 1, 522),
(11729, 3, 1, 522),
(11730, 4, 1, 522),
(11731, 5, 1, 522),
(11732, 6, 1, 522),
(11733, 7, 1, 522),
(11734, 8, 1, 522),
(11735, 9, 1, 522),
(11736, 10, 1, 522),
(11737, 11, 1, 522),
(11738, 12, 1, 522),
(11739, 13, 1, 522),
(11740, 14, 1, 522),
(11741, 15, 1, 522),
(11742, 16, 1, 522),
(11743, 17, 1, 522),
(11744, 18, 1, 522),
(11745, 19, 1, 522),
(11746, 20, 1, 522),
(11747, 21, 1, 522),
(11748, 22, 1, 522),
(11749, 23, 1, 522),
(11750, 24, 1, 522),
(11751, 25, 1, 522),
(11752, 26, 1, 522),
(11753, 27, 1, 522),
(11754, 28, 1, 522),
(11755, 29, 1, 522),
(11756, 30, 1, 522),
(11757, 31, 1, 522),
(11758, 1, 1, 523),
(11759, 2, 1, 523),
(11760, 3, 1, 523),
(11761, 4, 1, 523),
(11762, 5, 1, 523),
(11763, 6, 1, 523),
(11764, 7, 1, 523),
(11765, 8, 1, 523),
(11766, 9, 1, 523),
(11767, 10, 1, 523),
(11768, 11, 1, 523),
(11769, 12, 1, 523),
(11770, 13, 1, 523),
(11771, 14, 1, 523),
(11772, 15, 1, 523),
(11773, 16, 1, 523),
(11774, 17, 1, 523),
(11775, 18, 1, 523),
(11776, 19, 1, 523),
(11777, 20, 1, 523),
(11778, 21, 1, 523),
(11779, 22, 1, 523),
(11780, 23, 1, 523),
(11781, 24, 1, 523),
(11782, 25, 1, 523),
(11783, 26, 1, 523),
(11784, 27, 1, 523),
(11785, 28, 1, 523),
(11786, 29, 1, 523),
(11787, 30, 1, 523),
(11788, 1, 1, 524),
(11789, 2, 1, 524),
(11790, 3, 1, 524),
(11791, 4, 1, 524),
(11792, 5, 1, 524),
(11793, 6, 1, 524),
(11794, 7, 1, 524),
(11795, 8, 1, 524),
(11796, 9, 1, 524),
(11797, 10, 1, 524),
(11798, 11, 1, 524),
(11799, 12, 1, 524),
(11800, 13, 1, 524),
(11801, 14, 1, 524),
(11802, 15, 1, 524),
(11803, 16, 1, 524),
(11804, 17, 1, 524),
(11805, 18, 1, 524),
(11806, 19, 1, 524),
(11807, 20, 1, 524),
(11808, 21, 1, 524),
(11809, 22, 1, 524),
(11810, 23, 1, 524),
(11811, 24, 1, 524),
(11812, 25, 1, 524),
(11813, 26, 1, 524),
(11814, 27, 1, 524),
(11815, 28, 1, 524),
(11816, 29, 1, 524),
(11817, 30, 1, 524),
(11818, 31, 1, 524),
(11819, 1, 1, 525),
(11820, 2, 1, 525),
(11821, 3, 1, 525),
(11822, 4, 1, 525),
(11823, 5, 1, 525),
(11824, 6, 1, 525),
(11825, 7, 1, 525),
(11826, 8, 1, 525),
(11827, 9, 1, 525),
(11828, 10, 1, 525),
(11829, 11, 1, 525),
(11830, 12, 1, 525),
(11831, 13, 1, 525),
(11832, 14, 1, 525),
(11833, 15, 1, 525),
(11834, 16, 1, 525),
(11835, 17, 1, 525),
(11836, 18, 1, 525),
(11837, 19, 1, 525),
(11838, 20, 1, 525),
(11839, 21, 1, 525),
(11840, 22, 1, 525),
(11841, 23, 1, 525),
(11842, 24, 1, 525),
(11843, 25, 1, 525),
(11844, 26, 1, 525),
(11845, 27, 1, 525),
(11846, 28, 1, 525),
(11847, 29, 1, 525),
(11848, 30, 1, 525),
(11849, 31, 1, 525),
(11850, 1, 1, 526),
(11851, 2, 1, 526),
(11852, 3, 1, 526),
(11853, 4, 1, 526),
(11854, 5, 1, 526),
(11855, 6, 1, 526),
(11856, 7, 1, 526),
(11857, 8, 1, 526),
(11858, 9, 1, 526),
(11859, 10, 1, 526),
(11860, 11, 1, 526),
(11861, 12, 1, 526),
(11862, 13, 1, 526),
(11863, 14, 1, 526),
(11864, 15, 1, 526),
(11865, 16, 1, 526),
(11866, 17, 1, 526),
(11867, 18, 1, 526),
(11868, 19, 1, 526),
(11869, 20, 1, 526),
(11870, 21, 1, 526),
(11871, 22, 1, 526),
(11872, 23, 1, 526),
(11873, 24, 1, 526),
(11874, 25, 1, 526),
(11875, 26, 1, 526),
(11876, 27, 1, 526),
(11877, 28, 1, 526),
(11878, 29, 1, 526),
(11879, 30, 1, 526),
(11880, 1, 1, 527),
(11881, 2, 1, 527),
(11882, 3, 1, 527),
(11883, 4, 1, 527),
(11884, 5, 1, 527),
(11885, 6, 1, 527),
(11886, 7, 1, 527),
(11887, 8, 1, 527),
(11888, 9, 1, 527),
(11889, 10, 1, 527),
(11890, 11, 1, 527),
(11891, 12, 1, 527),
(11892, 13, 1, 527),
(11893, 14, 1, 527),
(11894, 15, 1, 527),
(11895, 16, 1, 527),
(11896, 17, 1, 527),
(11897, 18, 1, 527),
(11898, 19, 1, 527),
(11899, 20, 1, 527),
(11900, 21, 1, 527),
(11901, 22, 1, 527),
(11902, 23, 1, 527),
(11903, 24, 1, 527),
(11904, 25, 1, 527);

-- --------------------------------------------------------

--
-- Table structure for table `VisitasMes`
--

CREATE TABLE `VisitasMes` (
  `id` int(11) NOT NULL,
  `mes` int(11) NOT NULL,
  `visitas` int(11) NOT NULL,
  `visitasAnio_id` int(11) DEFAULT NULL
) ENGINE=InnoDB DEFAULT CHARSET=utf8 COLLATE=utf8_unicode_ci;

--
-- Dumping data for table `VisitasMes`
--

INSERT INTO `VisitasMes` (`id`, `mes`, `visitas`, `visitasAnio_id`) VALUES
(1, 8, 176, 1),
(2, 9, 315, 1),
(3, 10, 322, 1),
(4, 11, 315, 1),
(5, 12, 329, 1),
(6, 1, 322, 2),
(7, 2, 294, 2),
(8, 3, 329, 2),
(9, 4, 315, 2),
(10, 5, 322, 2),
(11, 6, 315, 2),
(12, 7, 329, 2),
(13, 8, 322, 2),
(14, 9, 315, 2),
(15, 10, 329, 2),
(16, 11, 315, 2),
(17, 12, 322, 2),
(18, 1, 329, 3),
(19, 2, 294, 3),
(20, 3, 322, 3),
(21, 4, 315, 3),
(22, 5, 329, 3),
(23, 6, 315, 3),
(24, 7, 322, 3),
(25, 8, 252, 3),
(26, 8, 7, 4),
(27, 9, 10, 4),
(28, 10, 10, 4),
(29, 11, 10, 4),
(30, 12, 10, 4),
(31, 1, 11, 5),
(32, 2, 9, 5),
(33, 3, 10, 5),
(34, 4, 10, 5),
(35, 5, 11, 5),
(36, 6, 10, 5),
(37, 7, 10, 5),
(38, 8, 10, 5),
(39, 9, 10, 5),
(40, 10, 11, 5),
(41, 11, 10, 5),
(42, 12, 10, 5),
(43, 1, 10, 6),
(44, 2, 10, 6),
(45, 3, 10, 6),
(46, 4, 10, 6),
(47, 5, 10, 6),
(48, 6, 10, 6),
(49, 7, 11, 6),
(50, 8, 10, 6),
(51, 9, 10, 6),
(52, 10, 7, 6),
(53, 8, 7, 7),
(54, 9, 10, 7),
(55, 10, 10, 7),
(56, 11, 10, 7),
(57, 12, 10, 7),
(58, 1, 11, 8),
(59, 2, 9, 8),
(60, 3, 10, 8),
(61, 4, 10, 8),
(62, 5, 11, 8),
(63, 6, 10, 8),
(64, 7, 10, 8),
(65, 8, 10, 8),
(66, 9, 10, 8),
(67, 10, 11, 8),
(68, 11, 10, 8),
(69, 12, 10, 8),
(70, 1, 10, 9),
(71, 2, 10, 9),
(72, 3, 10, 9),
(73, 4, 10, 9),
(74, 5, 10, 9),
(75, 6, 10, 9),
(76, 7, 11, 9),
(77, 8, 10, 9),
(78, 9, 10, 9),
(79, 10, 7, 9),
(80, 8, 7, 10),
(81, 9, 10, 10),
(82, 10, 10, 10),
(83, 11, 10, 10),
(84, 12, 10, 10),
(85, 1, 11, 11),
(86, 2, 9, 11),
(87, 3, 10, 11),
(88, 4, 10, 11),
(89, 5, 11, 11),
(90, 6, 10, 11),
(91, 7, 10, 11),
(92, 8, 10, 11),
(93, 9, 10, 11),
(94, 10, 11, 11),
(95, 11, 10, 11),
(96, 12, 10, 11),
(97, 1, 10, 12),
(98, 2, 10, 12),
(99, 3, 10, 12),
(100, 4, 10, 12),
(101, 5, 10, 12),
(102, 6, 10, 12),
(103, 7, 11, 12),
(104, 8, 10, 12),
(105, 9, 10, 12),
(106, 10, 7, 12),
(107, 8, 7, 13),
(108, 9, 10, 13),
(109, 10, 10, 13),
(110, 11, 10, 13),
(111, 12, 10, 13),
(112, 1, 11, 14),
(113, 2, 9, 14),
(114, 3, 10, 14),
(115, 4, 10, 14),
(116, 5, 11, 14),
(117, 6, 10, 14),
(118, 7, 10, 14),
(119, 8, 10, 14),
(120, 9, 10, 14),
(121, 10, 11, 14),
(122, 11, 10, 14),
(123, 12, 10, 14),
(124, 1, 10, 15),
(125, 2, 10, 15),
(126, 3, 10, 15),
(127, 4, 10, 15),
(128, 5, 10, 15),
(129, 6, 10, 15),
(130, 7, 11, 15),
(131, 8, 10, 15),
(132, 9, 10, 15),
(133, 10, 7, 15),
(134, 8, 5, 16),
(135, 9, 10, 16),
(136, 10, 11, 16),
(137, 11, 10, 16),
(138, 12, 10, 16),
(139, 1, 10, 17),
(140, 2, 10, 17),
(141, 3, 10, 17),
(142, 4, 10, 17),
(143, 5, 10, 17),
(144, 6, 10, 17),
(145, 7, 11, 17),
(146, 8, 10, 17),
(147, 9, 10, 17),
(148, 10, 10, 17),
(149, 11, 10, 17),
(150, 12, 11, 17),
(151, 1, 10, 18),
(152, 2, 9, 18),
(153, 3, 11, 18),
(154, 4, 10, 18),
(155, 5, 10, 18),
(156, 6, 10, 18),
(157, 7, 10, 18),
(158, 8, 11, 18),
(159, 9, 10, 18),
(160, 10, 8, 18),
(161, 8, 15, 19),
(162, 9, 30, 19),
(163, 10, 31, 19),
(164, 11, 30, 19),
(165, 12, 31, 19),
(166, 1, 31, 20),
(167, 2, 28, 20),
(168, 3, 31, 20),
(169, 4, 30, 20),
(170, 5, 31, 20),
(171, 6, 30, 20),
(172, 7, 31, 20),
(173, 8, 31, 20),
(174, 9, 30, 20),
(175, 10, 31, 20),
(176, 11, 30, 20),
(177, 12, 31, 20),
(178, 1, 31, 21),
(179, 2, 28, 21),
(180, 3, 31, 21),
(181, 4, 30, 21),
(182, 5, 31, 21),
(183, 6, 30, 21),
(184, 7, 31, 21),
(185, 8, 31, 21),
(186, 9, 30, 21),
(187, 10, 25, 21),
(188, 8, 5, 22),
(189, 9, 10, 22),
(190, 10, 11, 22),
(191, 11, 10, 22),
(192, 12, 10, 22),
(193, 1, 10, 23),
(194, 2, 10, 23),
(195, 3, 10, 23),
(196, 4, 10, 23),
(197, 5, 10, 23),
(198, 6, 10, 23),
(199, 7, 11, 23),
(200, 8, 10, 23),
(201, 9, 10, 23),
(202, 10, 10, 23),
(203, 11, 10, 23),
(204, 12, 11, 23),
(205, 1, 10, 24),
(206, 2, 9, 24),
(207, 3, 11, 24),
(208, 4, 10, 24),
(209, 5, 10, 24),
(210, 6, 10, 24),
(211, 7, 10, 24),
(212, 8, 11, 24),
(213, 9, 10, 24),
(214, 10, 8, 24),
(215, 8, 5, 25),
(216, 9, 10, 25),
(217, 10, 11, 25),
(218, 11, 10, 25),
(219, 12, 10, 25),
(220, 1, 10, 26),
(221, 2, 10, 26),
(222, 3, 10, 26),
(223, 4, 10, 26),
(224, 5, 10, 26),
(225, 6, 10, 26),
(226, 7, 11, 26),
(227, 8, 10, 26),
(228, 9, 10, 26),
(229, 10, 10, 26),
(230, 11, 10, 26),
(231, 12, 11, 26),
(232, 1, 10, 27),
(233, 2, 9, 27),
(234, 3, 11, 27),
(235, 4, 10, 27),
(236, 5, 10, 27),
(237, 6, 10, 27),
(238, 7, 10, 27),
(239, 8, 11, 27),
(240, 9, 10, 27),
(241, 10, 8, 27),
(242, 8, 15, 28),
(243, 9, 30, 28),
(244, 10, 31, 28),
(245, 11, 30, 28),
(246, 12, 31, 28),
(247, 1, 31, 29),
(248, 2, 28, 29),
(249, 3, 31, 29),
(250, 4, 30, 29),
(251, 5, 31, 29),
(252, 6, 30, 29),
(253, 7, 31, 29),
(254, 8, 31, 29),
(255, 9, 30, 29),
(256, 10, 31, 29),
(257, 11, 30, 29),
(258, 12, 31, 29),
(259, 1, 31, 30),
(260, 2, 28, 30),
(261, 3, 31, 30),
(262, 4, 30, 30),
(263, 5, 31, 30),
(264, 6, 30, 30),
(265, 7, 31, 30),
(266, 8, 31, 30),
(267, 9, 30, 30),
(268, 10, 25, 30),
(269, 8, 15, 31),
(270, 9, 30, 31),
(271, 10, 31, 31),
(272, 11, 30, 31),
(273, 12, 31, 31),
(274, 1, 31, 32),
(275, 2, 28, 32),
(276, 3, 31, 32),
(277, 4, 30, 32),
(278, 5, 31, 32),
(279, 6, 30, 32),
(280, 7, 31, 32),
(281, 8, 31, 32),
(282, 9, 30, 32),
(283, 10, 31, 32),
(284, 11, 30, 32),
(285, 12, 31, 32),
(286, 1, 31, 33),
(287, 2, 28, 33),
(288, 3, 31, 33),
(289, 4, 30, 33),
(290, 5, 31, 33),
(291, 6, 30, 33),
(292, 7, 31, 33),
(293, 8, 31, 33),
(294, 9, 30, 33),
(295, 10, 25, 33),
(296, 8, 15, 34),
(297, 9, 30, 34),
(298, 10, 31, 34),
(299, 11, 30, 34),
(300, 12, 31, 34),
(301, 1, 31, 35),
(302, 2, 28, 35),
(303, 3, 31, 35),
(304, 4, 30, 35),
(305, 5, 31, 35),
(306, 6, 30, 35),
(307, 7, 31, 35),
(308, 8, 31, 35),
(309, 9, 30, 35),
(310, 10, 31, 35),
(311, 11, 30, 35),
(312, 12, 31, 35),
(313, 1, 31, 36),
(314, 2, 28, 36),
(315, 3, 31, 36),
(316, 4, 30, 36),
(317, 5, 31, 36),
(318, 6, 30, 36),
(319, 7, 31, 36),
(320, 8, 31, 36),
(321, 9, 30, 36),
(322, 10, 25, 36),
(323, 7, 31, 1),
(324, 6, 30, 1),
(325, 5, 31, 1),
(326, 4, 30, 1),
(327, 3, 31, 1),
(328, 2, 28, 1),
(329, 1, 31, 1),
(330, 12, 31, 37),
(331, 11, 30, 37),
(332, 10, 31, 37),
(333, 9, 30, 37),
(334, 8, 31, 37),
(335, 7, 31, 37),
(336, 6, 30, 37),
(337, 5, 31, 37),
(338, 4, 30, 37),
(339, 3, 31, 37),
(340, 2, 29, 37),
(341, 1, 31, 37),
(342, 12, 31, 38),
(343, 11, 30, 38),
(344, 10, 31, 38),
(345, 9, 30, 38),
(346, 8, 23, 38),
(347, 8, 15, 39),
(348, 7, 31, 39),
(349, 6, 30, 39),
(350, 5, 31, 39),
(351, 4, 30, 39),
(352, 3, 31, 39),
(353, 2, 28, 39),
(354, 1, 31, 39),
(355, 12, 31, 40),
(356, 11, 30, 40),
(357, 10, 31, 40),
(358, 9, 30, 40),
(359, 8, 31, 40),
(360, 7, 31, 40),
(361, 6, 30, 40),
(362, 5, 31, 40),
(363, 4, 30, 40),
(364, 3, 31, 40),
(365, 2, 29, 40),
(366, 1, 31, 40),
(367, 12, 31, 41),
(368, 11, 30, 41),
(369, 10, 31, 41),
(370, 9, 30, 41),
(371, 8, 23, 41),
(372, 8, 40, 42),
(373, 9, 90, 42),
(374, 10, 92, 42),
(375, 11, 90, 42),
(376, 12, 94, 42),
(377, 1, 92, 43),
(378, 2, 84, 43),
(379, 3, 94, 43),
(380, 4, 90, 43),
(381, 5, 92, 43),
(382, 6, 90, 43),
(383, 7, 94, 43),
(384, 8, 92, 43),
(385, 9, 90, 43),
(386, 10, 94, 43),
(387, 11, 90, 43),
(388, 12, 92, 43),
(389, 1, 94, 44),
(390, 2, 84, 44),
(391, 3, 92, 44),
(392, 4, 90, 44),
(393, 5, 94, 44),
(394, 6, 90, 44),
(395, 7, 92, 44),
(396, 8, 78, 44),
(397, 8, 42, 45),
(398, 9, 90, 45),
(399, 10, 93, 45),
(400, 11, 90, 45),
(401, 12, 93, 45),
(402, 1, 93, 46),
(403, 2, 84, 46),
(404, 3, 93, 46),
(405, 4, 90, 46),
(406, 5, 93, 46),
(407, 6, 90, 46),
(408, 7, 93, 46),
(409, 8, 93, 46),
(410, 9, 90, 46),
(411, 10, 93, 46),
(412, 11, 90, 46),
(413, 12, 93, 46),
(414, 1, 93, 47),
(415, 2, 84, 47),
(416, 3, 93, 47),
(417, 4, 90, 47),
(418, 5, 93, 47),
(419, 6, 90, 47),
(420, 7, 93, 47),
(421, 8, 78, 47),
(422, 8, 30, 48),
(423, 9, 60, 48),
(424, 10, 62, 48),
(425, 11, 60, 48),
(426, 12, 62, 48),
(427, 1, 62, 49),
(428, 2, 56, 49),
(429, 3, 62, 49),
(430, 4, 60, 49),
(431, 5, 62, 49),
(432, 6, 60, 49),
(433, 7, 62, 49),
(434, 8, 62, 49),
(435, 9, 60, 49),
(436, 10, 62, 49),
(437, 11, 60, 49),
(438, 12, 62, 49),
(439, 1, 62, 50),
(440, 2, 56, 50),
(441, 3, 62, 50),
(442, 4, 60, 50),
(443, 5, 62, 50),
(444, 6, 60, 50),
(445, 7, 62, 50),
(446, 8, 52, 50),
(447, 8, 15, 51),
(448, 9, 30, 51),
(449, 10, 31, 51),
(450, 11, 30, 51),
(451, 12, 31, 51),
(452, 1, 31, 52),
(453, 2, 28, 52),
(454, 3, 31, 52),
(455, 4, 30, 52),
(456, 5, 31, 52),
(457, 6, 30, 52),
(458, 7, 31, 52),
(459, 8, 31, 52),
(460, 9, 30, 52),
(461, 10, 31, 52),
(462, 11, 30, 52),
(463, 12, 31, 52),
(464, 1, 31, 53),
(465, 2, 28, 53),
(466, 3, 31, 53),
(467, 4, 30, 53),
(468, 5, 31, 53),
(469, 6, 30, 53),
(470, 7, 31, 53),
(471, 8, 31, 53),
(472, 9, 30, 53),
(473, 10, 25, 53),
(474, 8, 15, 54),
(475, 9, 30, 54),
(476, 10, 31, 54),
(477, 11, 30, 54),
(478, 12, 31, 54),
(479, 1, 31, 55),
(480, 2, 28, 55),
(481, 3, 31, 55),
(482, 4, 30, 55),
(483, 5, 31, 55),
(484, 6, 30, 55),
(485, 7, 31, 55),
(486, 8, 31, 55),
(487, 9, 30, 55),
(488, 10, 31, 55),
(489, 11, 30, 55),
(490, 12, 31, 55),
(491, 1, 31, 56),
(492, 2, 28, 56),
(493, 3, 31, 56),
(494, 4, 30, 56),
(495, 5, 31, 56),
(496, 6, 30, 56),
(497, 7, 31, 56),
(498, 8, 31, 56),
(499, 9, 30, 56),
(500, 10, 25, 56),
(501, 8, 15, 57),
(502, 9, 30, 57),
(503, 10, 31, 57),
(504, 11, 30, 57),
(505, 12, 31, 57),
(506, 1, 31, 58),
(507, 2, 28, 58),
(508, 3, 31, 58),
(509, 4, 30, 58),
(510, 5, 31, 58),
(511, 6, 30, 58),
(512, 7, 31, 58),
(513, 8, 31, 58),
(514, 9, 30, 58),
(515, 10, 31, 58),
(516, 11, 30, 58),
(517, 12, 31, 58),
(518, 1, 31, 59),
(519, 2, 28, 59),
(520, 3, 31, 59),
(521, 4, 30, 59),
(522, 5, 31, 59),
(523, 6, 30, 59),
(524, 7, 31, 59),
(525, 8, 31, 59),
(526, 9, 30, 59),
(527, 10, 25, 59);

--
-- Indexes for dumped tables
--

--
-- Indexes for table `area`
--
ALTER TABLE `area`
  ADD PRIMARY KEY (`id`);

--
-- Indexes for table `area_rama`
--
ALTER TABLE `area_rama`
  ADD PRIMARY KEY (`area_id`,`rama_id`),
  ADD KEY `IDX_81C47D27BD0F409C` (`area_id`),
  ADD KEY `IDX_81C47D275E0BFD3B` (`rama_id`);

--
-- Indexes for table `Comentario`
--
ALTER TABLE `Comentario`
  ADD PRIMARY KEY (`id`);

--
-- Indexes for table `demanda`
--
ALTER TABLE `demanda`
  ADD PRIMARY KEY (`id`),
  ADD UNIQUE KEY `UNIQ_EE442A203A909126` (`nombre`),
  ADD KEY `IDX_EE442A20BD0F409C` (`area_id`),
  ADD KEY `IDX_EE442A205E0BFD3B` (`rama_id`),
  ADD KEY `IDX_EE442A202A30B056` (`disciplina_id`),
  ADD KEY `IDX_EE442A20A9276E6C` (`tipo_id`);

--
-- Indexes for table `demanda_comentario`
--
ALTER TABLE `demanda_comentario`
  ADD PRIMARY KEY (`demanda_id`,`comentario_id`),
  ADD KEY `IDX_BE5BD6DCF8BC94F` (`demanda_id`),
  ADD KEY `IDX_BE5BD6DCF3F2D7EC` (`comentario_id`);

--
-- Indexes for table `disciplina`
--
ALTER TABLE `disciplina`
  ADD PRIMARY KEY (`id`);

--
-- Indexes for table `Oferta`
--
ALTER TABLE `Oferta`
  ADD PRIMARY KEY (`id`),
  ADD UNIQUE KEY `UNIQ_73D5CDC43A909126` (`nombre`),
  ADD KEY `IDX_73D5CDC4BD0F409C` (`area_id`),
  ADD KEY `IDX_73D5CDC45E0BFD3B` (`rama_id`),
  ADD KEY `IDX_73D5CDC42A30B056` (`disciplina_id`),
  ADD KEY `IDX_73D5CDC4A9276E6C` (`tipo_id`);

--
-- Indexes for table `oferta_comentario`
--
ALTER TABLE `oferta_comentario`
  ADD PRIMARY KEY (`oferta_id`,`comentario_id`),
  ADD KEY `IDX_E6076D66FAFBF624` (`oferta_id`),
  ADD KEY `IDX_E6076D66F3F2D7EC` (`comentario_id`);

--
-- Indexes for table `PalabrasClaveOferta`
--
ALTER TABLE `PalabrasClaveOferta`
  ADD PRIMARY KEY (`id`),
  ADD UNIQUE KEY `UNIQ_22C80935DB38439E` (`usuario_id`);

--
-- Indexes for table `palabras_clave_demanda`
--
ALTER TABLE `palabras_clave_demanda`
  ADD PRIMARY KEY (`id`),
  ADD UNIQUE KEY `UNIQ_8EAB9A32DB38439E` (`usuario_id`);

--
-- Indexes for table `prueba`
--
ALTER TABLE `prueba`
  ADD PRIMARY KEY (`id`);

--
-- Indexes for table `rama`
--
ALTER TABLE `rama`
  ADD PRIMARY KEY (`id`);

--
-- Indexes for table `rama_disciplina`
--
ALTER TABLE `rama_disciplina`
  ADD PRIMARY KEY (`rama_id`,`disciplina_id`),
  ADD KEY `IDX_E8ECF7705E0BFD3B` (`rama_id`),
  ADD KEY `IDX_E8ECF7702A30B056` (`disciplina_id`);

--
-- Indexes for table `RegistroOfertasDemandas`
--
ALTER TABLE `RegistroOfertasDemandas`
  ADD PRIMARY KEY (`id`);

--
-- Indexes for table `registrovisitasdemanda_visitasanio`
--
ALTER TABLE `registrovisitasdemanda_visitasanio`
  ADD PRIMARY KEY (`registrovisitasdemanda_id`,`visitasanio_id`),
  ADD UNIQUE KEY `UNIQ_E745FEDFD5004B7D` (`visitasanio_id`),
  ADD KEY `IDX_E745FEDF18E14174` (`registrovisitasdemanda_id`);

--
-- Indexes for table `registrovisitasdemanda_visitasdia`
--
ALTER TABLE `registrovisitasdemanda_visitasdia`
  ADD PRIMARY KEY (`registrovisitasdemanda_id`,`visitasdia_id`),
  ADD UNIQUE KEY `UNIQ_B5E874599BFF8474` (`visitasdia_id`),
  ADD KEY `IDX_B5E8745918E14174` (`registrovisitasdemanda_id`);

--
-- Indexes for table `registrovisitasdemanda_visitasmes`
--
ALTER TABLE `registrovisitasdemanda_visitasmes`
  ADD PRIMARY KEY (`registrovisitasdemanda_id`,`visitasmes_id`),
  ADD UNIQUE KEY `UNIQ_E53571928310A7A9` (`visitasmes_id`),
  ADD KEY `IDX_E535719218E14174` (`registrovisitasdemanda_id`);

--
-- Indexes for table `RegistroVisitasOferta`
--
ALTER TABLE `RegistroVisitasOferta`
  ADD PRIMARY KEY (`id`),
  ADD UNIQUE KEY `UNIQ_90E471F8FAFBF624` (`oferta_id`);

--
-- Indexes for table `registrovisitasoferta_visitasanio`
--
ALTER TABLE `registrovisitasoferta_visitasanio`
  ADD PRIMARY KEY (`registrovisitasoferta_id`,`visitasanio_id`),
  ADD UNIQUE KEY `UNIQ_C9F7950ED5004B7D` (`visitasanio_id`),
  ADD KEY `IDX_C9F7950E27CD8EBA` (`registrovisitasoferta_id`);

--
-- Indexes for table `registrovisitasoferta_visitasdia`
--
ALTER TABLE `registrovisitasoferta_visitasdia`
  ADD PRIMARY KEY (`registrovisitasoferta_id`,`visitasdia_id`),
  ADD UNIQUE KEY `UNIQ_B38E24249BFF8474` (`visitasdia_id`),
  ADD KEY `IDX_B38E242427CD8EBA` (`registrovisitasoferta_id`);

--
-- Indexes for table `registrovisitasoferta_visitasmes`
--
ALTER TABLE `registrovisitasoferta_visitasmes`
  ADD PRIMARY KEY (`registrovisitasoferta_id`,`visitasmes_id`),
  ADD UNIQUE KEY `UNIQ_E35321EF8310A7A9` (`visitasmes_id`),
  ADD KEY `IDX_E35321EF27CD8EBA` (`registrovisitasoferta_id`);

--
-- Indexes for table `RegistroVisitasUsuario`
--
ALTER TABLE `RegistroVisitasUsuario`
  ADD PRIMARY KEY (`id`),
  ADD UNIQUE KEY `UNIQ_C254C4FADB38439E` (`usuario_id`);

--
-- Indexes for table `registrovisitasusuario_visitasanio`
--
ALTER TABLE `registrovisitasusuario_visitasanio`
  ADD PRIMARY KEY (`registrovisitasusuario_id`,`visitasanio_id`),
  ADD UNIQUE KEY `UNIQ_BEF039B3D5004B7D` (`visitasanio_id`),
  ADD KEY `IDX_BEF039B3CC52CBA5` (`registrovisitasusuario_id`);

--
-- Indexes for table `registrovisitasusuario_visitasdia`
--
ALTER TABLE `registrovisitasusuario_visitasdia`
  ADD PRIMARY KEY (`registrovisitasusuario_id`,`visitasdia_id`),
  ADD UNIQUE KEY `UNIQ_B3120F259BFF8474` (`visitasdia_id`),
  ADD KEY `IDX_B3120F25CC52CBA5` (`registrovisitasusuario_id`);

--
-- Indexes for table `registrovisitasusuario_visitasmes`
--
ALTER TABLE `registrovisitasusuario_visitasmes`
  ADD PRIMARY KEY (`registrovisitasusuario_id`,`visitasmes_id`),
  ADD UNIQUE KEY `UNIQ_E3CF0AEE8310A7A9` (`visitasmes_id`),
  ADD KEY `IDX_E3CF0AEECC52CBA5` (`registrovisitasusuario_id`);

--
-- Indexes for table `registro_visitas_demanda`
--
ALTER TABLE `registro_visitas_demanda`
  ADD PRIMARY KEY (`id`),
  ADD UNIQUE KEY `UNIQ_4CBC64BCF8BC94F` (`demanda_id`);

--
-- Indexes for table `Tipo`
--
ALTER TABLE `Tipo`
  ADD PRIMARY KEY (`id`),
  ADD UNIQUE KEY `UNIQ_D01FB2793A909126` (`nombre`);

--
-- Indexes for table `User`
--
ALTER TABLE `User`
  ADD PRIMARY KEY (`id`),
  ADD UNIQUE KEY `UNIQ_2DA1797792FC23A8` (`username_canonical`),
  ADD UNIQUE KEY `UNIQ_2DA17977A0D96FBF` (`email_canonical`),
  ADD UNIQUE KEY `UNIQ_2DA17977C05FB297` (`confirmation_token`);

--
-- Indexes for table `VisitasAnio`
--
ALTER TABLE `VisitasAnio`
  ADD PRIMARY KEY (`id`);

--
-- Indexes for table `VisitasDia`
--
ALTER TABLE `VisitasDia`
  ADD PRIMARY KEY (`id`),
  ADD KEY `IDX_2FC38CA784BCA29F` (`visitasMes_id`);

--
-- Indexes for table `VisitasMes`
--
ALTER TABLE `VisitasMes`
  ADD PRIMARY KEY (`id`),
  ADD KEY `IDX_7F1E896C1ABD72E1` (`visitasAnio_id`);

--
-- AUTO_INCREMENT for dumped tables
--

--
-- AUTO_INCREMENT for table `area`
--
ALTER TABLE `area`
  MODIFY `id` int(11) NOT NULL AUTO_INCREMENT, AUTO_INCREMENT=5;
--
-- AUTO_INCREMENT for table `Comentario`
--
ALTER TABLE `Comentario`
  MODIFY `id` int(11) NOT NULL AUTO_INCREMENT, AUTO_INCREMENT=8;
--
-- AUTO_INCREMENT for table `demanda`
--
ALTER TABLE `demanda`
  MODIFY `id` int(11) NOT NULL AUTO_INCREMENT, AUTO_INCREMENT=15;
--
-- AUTO_INCREMENT for table `disciplina`
--
ALTER TABLE `disciplina`
  MODIFY `id` int(11) NOT NULL AUTO_INCREMENT, AUTO_INCREMENT=84;
--
-- AUTO_INCREMENT for table `Oferta`
--
ALTER TABLE `Oferta`
  MODIFY `id` int(11) NOT NULL AUTO_INCREMENT, AUTO_INCREMENT=22;
--
-- AUTO_INCREMENT for table `PalabrasClaveOferta`
--
ALTER TABLE `PalabrasClaveOferta`
  MODIFY `id` int(11) NOT NULL AUTO_INCREMENT;
--
-- AUTO_INCREMENT for table `palabras_clave_demanda`
--
ALTER TABLE `palabras_clave_demanda`
  MODIFY `id` int(11) NOT NULL AUTO_INCREMENT;
--
-- AUTO_INCREMENT for table `prueba`
--
ALTER TABLE `prueba`
  MODIFY `id` int(11) NOT NULL AUTO_INCREMENT;
--
-- AUTO_INCREMENT for table `rama`
--
ALTER TABLE `rama`
  MODIFY `id` int(11) NOT NULL AUTO_INCREMENT, AUTO_INCREMENT=96;
--
-- AUTO_INCREMENT for table `RegistroOfertasDemandas`
--
ALTER TABLE `RegistroOfertasDemandas`
  MODIFY `id` int(11) NOT NULL AUTO_INCREMENT, AUTO_INCREMENT=2;
--
-- AUTO_INCREMENT for table `RegistroVisitasOferta`
--
ALTER TABLE `RegistroVisitasOferta`
  MODIFY `id` int(11) NOT NULL AUTO_INCREMENT, AUTO_INCREMENT=6;
--
-- AUTO_INCREMENT for table `RegistroVisitasUsuario`
--
ALTER TABLE `RegistroVisitasUsuario`
  MODIFY `id` int(11) NOT NULL AUTO_INCREMENT, AUTO_INCREMENT=6;
--
-- AUTO_INCREMENT for table `registro_visitas_demanda`
--
ALTER TABLE `registro_visitas_demanda`
  MODIFY `id` int(11) NOT NULL AUTO_INCREMENT, AUTO_INCREMENT=6;
--
-- AUTO_INCREMENT for table `Tipo`
--
ALTER TABLE `Tipo`
  MODIFY `id` int(11) NOT NULL AUTO_INCREMENT, AUTO_INCREMENT=3;
--
-- AUTO_INCREMENT for table `User`
--
ALTER TABLE `User`
  MODIFY `id` int(11) NOT NULL AUTO_INCREMENT, AUTO_INCREMENT=3;
--
-- AUTO_INCREMENT for table `VisitasAnio`
--
ALTER TABLE `VisitasAnio`
  MODIFY `id` int(11) NOT NULL AUTO_INCREMENT, AUTO_INCREMENT=60;
--
-- AUTO_INCREMENT for table `VisitasDia`
--
ALTER TABLE `VisitasDia`
  MODIFY `id` int(11) NOT NULL AUTO_INCREMENT, AUTO_INCREMENT=11905;
--
-- AUTO_INCREMENT for table `VisitasMes`
--
ALTER TABLE `VisitasMes`
  MODIFY `id` int(11) NOT NULL AUTO_INCREMENT, AUTO_INCREMENT=528;
--
-- Constraints for dumped tables
--

--
-- Constraints for table `area_rama`
--
ALTER TABLE `area_rama`
  ADD CONSTRAINT `FK_81C47D275E0BFD3B` FOREIGN KEY (`rama_id`) REFERENCES `rama` (`id`) ON DELETE CASCADE,
  ADD CONSTRAINT `FK_81C47D27BD0F409C` FOREIGN KEY (`area_id`) REFERENCES `area` (`id`) ON DELETE CASCADE;

--
-- Constraints for table `demanda`
--
ALTER TABLE `demanda`
  ADD CONSTRAINT `FK_EE442A202A30B056` FOREIGN KEY (`disciplina_id`) REFERENCES `disciplina` (`id`),
  ADD CONSTRAINT `FK_EE442A205E0BFD3B` FOREIGN KEY (`rama_id`) REFERENCES `rama` (`id`),
  ADD CONSTRAINT `FK_EE442A20A9276E6C` FOREIGN KEY (`tipo_id`) REFERENCES `Tipo` (`id`),
  ADD CONSTRAINT `FK_EE442A20BD0F409C` FOREIGN KEY (`area_id`) REFERENCES `area` (`id`);

--
-- Constraints for table `demanda_comentario`
--
ALTER TABLE `demanda_comentario`
  ADD CONSTRAINT `FK_BE5BD6DCF3F2D7EC` FOREIGN KEY (`comentario_id`) REFERENCES `Comentario` (`id`) ON DELETE CASCADE,
  ADD CONSTRAINT `FK_BE5BD6DCF8BC94F` FOREIGN KEY (`demanda_id`) REFERENCES `demanda` (`id`) ON DELETE CASCADE;

--
-- Constraints for table `Oferta`
--
ALTER TABLE `Oferta`
  ADD CONSTRAINT `FK_73D5CDC42A30B056` FOREIGN KEY (`disciplina_id`) REFERENCES `disciplina` (`id`),
  ADD CONSTRAINT `FK_73D5CDC45E0BFD3B` FOREIGN KEY (`rama_id`) REFERENCES `rama` (`id`),
  ADD CONSTRAINT `FK_73D5CDC4A9276E6C` FOREIGN KEY (`tipo_id`) REFERENCES `Tipo` (`id`),
  ADD CONSTRAINT `FK_73D5CDC4BD0F409C` FOREIGN KEY (`area_id`) REFERENCES `area` (`id`);

--
-- Constraints for table `oferta_comentario`
--
ALTER TABLE `oferta_comentario`
  ADD CONSTRAINT `FK_E6076D66F3F2D7EC` FOREIGN KEY (`comentario_id`) REFERENCES `Comentario` (`id`) ON DELETE CASCADE,
  ADD CONSTRAINT `FK_E6076D66FAFBF624` FOREIGN KEY (`oferta_id`) REFERENCES `Oferta` (`id`) ON DELETE CASCADE;

--
-- Constraints for table `PalabrasClaveOferta`
--
ALTER TABLE `PalabrasClaveOferta`
  ADD CONSTRAINT `FK_22C80935DB38439E` FOREIGN KEY (`usuario_id`) REFERENCES `User` (`id`);

--
-- Constraints for table `palabras_clave_demanda`
--
ALTER TABLE `palabras_clave_demanda`
  ADD CONSTRAINT `FK_8EAB9A32DB38439E` FOREIGN KEY (`usuario_id`) REFERENCES `User` (`id`);

--
-- Constraints for table `rama_disciplina`
--
ALTER TABLE `rama_disciplina`
  ADD CONSTRAINT `FK_E8ECF7702A30B056` FOREIGN KEY (`disciplina_id`) REFERENCES `disciplina` (`id`) ON DELETE CASCADE,
  ADD CONSTRAINT `FK_E8ECF7705E0BFD3B` FOREIGN KEY (`rama_id`) REFERENCES `rama` (`id`) ON DELETE CASCADE;

--
-- Constraints for table `registrovisitasdemanda_visitasanio`
--
ALTER TABLE `registrovisitasdemanda_visitasanio`
  ADD CONSTRAINT `FK_E745FEDF18E14174` FOREIGN KEY (`registrovisitasdemanda_id`) REFERENCES `registro_visitas_demanda` (`id`) ON DELETE CASCADE,
  ADD CONSTRAINT `FK_E745FEDFD5004B7D` FOREIGN KEY (`visitasanio_id`) REFERENCES `VisitasAnio` (`id`);

--
-- Constraints for table `registrovisitasdemanda_visitasdia`
--
ALTER TABLE `registrovisitasdemanda_visitasdia`
  ADD CONSTRAINT `FK_B5E8745918E14174` FOREIGN KEY (`registrovisitasdemanda_id`) REFERENCES `registro_visitas_demanda` (`id`) ON DELETE CASCADE,
  ADD CONSTRAINT `FK_B5E874599BFF8474` FOREIGN KEY (`visitasdia_id`) REFERENCES `VisitasDia` (`id`);

--
-- Constraints for table `registrovisitasdemanda_visitasmes`
--
ALTER TABLE `registrovisitasdemanda_visitasmes`
  ADD CONSTRAINT `FK_E535719218E14174` FOREIGN KEY (`registrovisitasdemanda_id`) REFERENCES `registro_visitas_demanda` (`id`) ON DELETE CASCADE,
  ADD CONSTRAINT `FK_E53571928310A7A9` FOREIGN KEY (`visitasmes_id`) REFERENCES `VisitasMes` (`id`);

--
-- Constraints for table `RegistroVisitasOferta`
--
ALTER TABLE `RegistroVisitasOferta`
  ADD CONSTRAINT `FK_90E471F8FAFBF624` FOREIGN KEY (`oferta_id`) REFERENCES `Oferta` (`id`);

--
-- Constraints for table `registrovisitasoferta_visitasanio`
--
ALTER TABLE `registrovisitasoferta_visitasanio`
  ADD CONSTRAINT `FK_C9F7950E27CD8EBA` FOREIGN KEY (`registrovisitasoferta_id`) REFERENCES `RegistroVisitasOferta` (`id`) ON DELETE CASCADE,
  ADD CONSTRAINT `FK_C9F7950ED5004B7D` FOREIGN KEY (`visitasanio_id`) REFERENCES `VisitasAnio` (`id`);

--
-- Constraints for table `registrovisitasoferta_visitasdia`
--
ALTER TABLE `registrovisitasoferta_visitasdia`
  ADD CONSTRAINT `FK_B38E242427CD8EBA` FOREIGN KEY (`registrovisitasoferta_id`) REFERENCES `RegistroVisitasOferta` (`id`) ON DELETE CASCADE,
  ADD CONSTRAINT `FK_B38E24249BFF8474` FOREIGN KEY (`visitasdia_id`) REFERENCES `VisitasDia` (`id`);

--
-- Constraints for table `registrovisitasoferta_visitasmes`
--
ALTER TABLE `registrovisitasoferta_visitasmes`
  ADD CONSTRAINT `FK_E35321EF27CD8EBA` FOREIGN KEY (`registrovisitasoferta_id`) REFERENCES `RegistroVisitasOferta` (`id`) ON DELETE CASCADE,
  ADD CONSTRAINT `FK_E35321EF8310A7A9` FOREIGN KEY (`visitasmes_id`) REFERENCES `VisitasMes` (`id`);

--
-- Constraints for table `RegistroVisitasUsuario`
--
ALTER TABLE `RegistroVisitasUsuario`
  ADD CONSTRAINT `FK_C254C4FADB38439E` FOREIGN KEY (`usuario_id`) REFERENCES `User` (`id`);

--
-- Constraints for table `registrovisitasusuario_visitasanio`
--
ALTER TABLE `registrovisitasusuario_visitasanio`
  ADD CONSTRAINT `FK_BEF039B3CC52CBA5` FOREIGN KEY (`registrovisitasusuario_id`) REFERENCES `RegistroVisitasUsuario` (`id`) ON DELETE CASCADE,
  ADD CONSTRAINT `FK_BEF039B3D5004B7D` FOREIGN KEY (`visitasanio_id`) REFERENCES `VisitasAnio` (`id`);

--
-- Constraints for table `registrovisitasusuario_visitasdia`
--
ALTER TABLE `registrovisitasusuario_visitasdia`
  ADD CONSTRAINT `FK_B3120F259BFF8474` FOREIGN KEY (`visitasdia_id`) REFERENCES `VisitasDia` (`id`),
  ADD CONSTRAINT `FK_B3120F25CC52CBA5` FOREIGN KEY (`registrovisitasusuario_id`) REFERENCES `RegistroVisitasUsuario` (`id`) ON DELETE CASCADE;

--
-- Constraints for table `registrovisitasusuario_visitasmes`
--
ALTER TABLE `registrovisitasusuario_visitasmes`
  ADD CONSTRAINT `FK_E3CF0AEE8310A7A9` FOREIGN KEY (`visitasmes_id`) REFERENCES `VisitasMes` (`id`),
  ADD CONSTRAINT `FK_E3CF0AEECC52CBA5` FOREIGN KEY (`registrovisitasusuario_id`) REFERENCES `RegistroVisitasUsuario` (`id`) ON DELETE CASCADE;

--
-- Constraints for table `registro_visitas_demanda`
--
ALTER TABLE `registro_visitas_demanda`
  ADD CONSTRAINT `FK_4CBC64BCF8BC94F` FOREIGN KEY (`demanda_id`) REFERENCES `demanda` (`id`);

--
-- Constraints for table `VisitasDia`
--
ALTER TABLE `VisitasDia`
  ADD CONSTRAINT `FK_2FC38CA784BCA29F` FOREIGN KEY (`visitasMes_id`) REFERENCES `VisitasMes` (`id`);

--
-- Constraints for table `VisitasMes`
--
ALTER TABLE `VisitasMes`
  ADD CONSTRAINT `FK_7F1E896C1ABD72E1` FOREIGN KEY (`visitasAnio_id`) REFERENCES `VisitasAnio` (`id`);

/*!40101 SET CHARACTER_SET_CLIENT=@OLD_CHARACTER_SET_CLIENT */;
/*!40101 SET CHARACTER_SET_RESULTS=@OLD_CHARACTER_SET_RESULTS */;
/*!40101 SET COLLATION_CONNECTION=@OLD_COLLATION_CONNECTION */;
